{"type": "FeatureCollection", "features": [{"type": "Feature", "geometry": {"type": "Point", "coordinates": [8.46311509615777, 49.59679343433644]}, "properties": {"image_id": "890661763938945", "Verkehrzeichen": "253", "instruction": "\n### Aufgabe: Verkehrszeichen **DE:253** pruefen und Access-Tag ergaenzen\nBitte schaue dir den Bereich rund um dieses erkannte Verkehrszeichen an. Vermutlich fehlt hier eine Zugangsbeschraenkung in OSM. Das naechste passende OSM-Segment ist mind. **30 Meter** entfernt.\n\n---\n\n### Bild und Karte\n\n- [Mapillary-Bild anzeigen](https://www.mapillary.com/app/?pKey=890661763938945&focus=photo&trafficSign[]=regulatory--road-closed-to-vehicles--g3&trafficSign[]=regulatory--no-motor-vehicles-except-motorcycles--g1&trafficSign[]=regulatory--no-heavy-goods-vehicles--g1&trafficSign[]=regulatory--no-bicycles--g1&trafficSign[]=regulatory--no-motorcycles--g1&trafficSign[]=regulatory--no-pedestrians--g1&trafficSign[]=regulatory--no-motor-vehicles--g1)\n(Hinweis: Die neueste Aufnahme hier ist von **2026-02-13**)\n\n\n---\n\n### Nuetzliche Links\n\n- [Traffic Sign Tool - DE:253](https://trafficsigns.osm-verkehrswende.org/DE?signs=DE:253)\n- [OSM-Wiki: access](https://wiki.openstreetmap.org/wiki/Key:access)\n- [OSM-Wiki: DE:access](https://wiki.openstreetmap.org/wiki/DE:Key:access)\n\n---\n\nTrage nur dann ein neues Tag ein, wenn die Beschraenkung vor Ort eindeutig erkennbar ist.\nAchte auf Zusatzzeichen, Anlieger frei, zeitliche Einschraenkungen und Fahrtrichtung.\n        "}, "id": "1002303453851763"}, {"type": "Feature", "geometry": {"type": "Point", "coordinates": [8.461462855404596, 49.60311076084263]}, "properties": {"image_id": "798985344345167", "Verkehrzeichen": "253", "instruction": "\n### Aufgabe: Verkehrszeichen **DE:253** pruefen und Access-Tag ergaenzen\nBitte schaue dir den Bereich rund um dieses erkannte Verkehrszeichen an. Vermutlich fehlt hier eine Zugangsbeschraenkung in OSM. Das naechste passende OSM-Segment ist mind. **30 Meter** entfernt.\n\n---\n\n### Bild und Karte\n\n- [Mapillary-Bild anzeigen](https://www.mapillary.com/app/?pKey=798985344345167&focus=photo&trafficSign[]=regulatory--road-closed-to-vehicles--g3&trafficSign[]=regulatory--no-motor-vehicles-except-motorcycles--g1&trafficSign[]=regulatory--no-heavy-goods-vehicles--g1&trafficSign[]=regulatory--no-bicycles--g1&trafficSign[]=regulatory--no-motorcycles--g1&trafficSign[]=regulatory--no-pedestrians--g1&trafficSign[]=regulatory--no-motor-vehicles--g1)\n(Hinweis: Die neueste Aufnahme hier ist von **2026-02-13**)\n\n\n---\n\n### Nuetzliche Links\n\n- [Traffic Sign Tool - DE:253](https://trafficsigns.osm-verkehrswende.org/DE?signs=DE:253)\n- [OSM-Wiki: access](https://wiki.openstreetmap.org/wiki/Key:access)\n- [OSM-Wiki: DE:access](https://wiki.openstreetmap.org/wiki/DE:Key:access)\n\n---\n\nTrage nur dann ein neues Tag ein, wenn die Beschraenkung vor Ort eindeutig erkennbar ist.\nAchte auf Zusatzzeichen, Anlieger frei, zeitliche Einschraenkungen und Fahrtrichtung.\n        "}, "id": "812611382967209"}, {"type": "Feature", "geometry": {"type": "Point", "coordinates": [8.9053845406235, 49.4398988025371]}, "properties": {"image_id": "829642193196273", "Verkehrzeichen": "253", "instruction": "\n### Aufgabe: Verkehrszeichen **DE:253** pruefen und Access-Tag ergaenzen\nBitte schaue dir den Bereich rund um dieses erkannte Verkehrszeichen an. Vermutlich fehlt hier eine Zugangsbeschraenkung in OSM. Das naechste passende OSM-Segment ist mind. **30 Meter** entfernt.\n\n---\n\n### Bild und Karte\n\n- [Mapillary-Bild anzeigen](https://www.mapillary.com/app/?pKey=829642193196273&focus=photo&trafficSign[]=regulatory--road-closed-to-vehicles--g3&trafficSign[]=regulatory--no-motor-vehicles-except-motorcycles--g1&trafficSign[]=regulatory--no-heavy-goods-vehicles--g1&trafficSign[]=regulatory--no-bicycles--g1&trafficSign[]=regulatory--no-motorcycles--g1&trafficSign[]=regulatory--no-pedestrians--g1&trafficSign[]=regulatory--no-motor-vehicles--g1)\n(Hinweis: Die neueste Aufnahme hier ist von **2025-12-12**)\n\n\n---\n\n### Nuetzliche Links\n\n- [Traffic Sign Tool - DE:253](https://trafficsigns.osm-verkehrswende.org/DE?signs=DE:253)\n- [OSM-Wiki: access](https://wiki.openstreetmap.org/wiki/Key:access)\n- [OSM-Wiki: DE:access](https://wiki.openstreetmap.org/wiki/DE:Key:access)\n\n---\n\nTrage nur dann ein neues Tag ein, wenn die Beschraenkung vor Ort eindeutig erkennbar ist.\nAchte auf Zusatzzeichen, Anlieger frei, zeitliche Einschraenkungen und Fahrtrichtung.\n        "}, "id": "245754538282830"}, {"type": "Feature", "geometry": {"type": "Point", "coordinates": [8.901157379216029, 49.4450715121591]}, "properties": {"image_id": "1525677611909693", "Verkehrzeichen": "250", "instruction": "\n### Aufgabe: Verkehrszeichen **DE:250** pruefen und Access-Tag ergaenzen\nBitte schaue dir den Bereich rund um dieses erkannte Verkehrszeichen an. Vermutlich fehlt hier eine Zugangsbeschraenkung in OSM. Das naechste passende OSM-Segment ist mind. **30 Meter** entfernt.\n\n---\n\n### Bild und Karte\n\n- [Mapillary-Bild anzeigen](https://www.mapillary.com/app/?pKey=1525677611909693&focus=photo&trafficSign[]=regulatory--road-closed-to-vehicles--g3&trafficSign[]=regulatory--no-motor-vehicles-except-motorcycles--g1&trafficSign[]=regulatory--no-heavy-goods-vehicles--g1&trafficSign[]=regulatory--no-bicycles--g1&trafficSign[]=regulatory--no-motorcycles--g1&trafficSign[]=regulatory--no-pedestrians--g1&trafficSign[]=regulatory--no-motor-vehicles--g1)\n(Hinweis: Die neueste Aufnahme hier ist von **2025-10-04**)\n\n\n---\n\n### Nuetzliche Links\n\n- [Traffic Sign Tool - DE:250](https://trafficsigns.osm-verkehrswende.org/DE?signs=DE:250)\n- [OSM-Wiki: access](https://wiki.openstreetmap.org/wiki/Key:access)\n- [OSM-Wiki: DE:access](https://wiki.openstreetmap.org/wiki/DE:Key:access)\n\n---\n\nTrage nur dann ein neues Tag ein, wenn die Beschraenkung vor Ort eindeutig erkennbar ist.\nAchte auf Zusatzzeichen, Anlieger frei, zeitliche Einschraenkungen und Fahrtrichtung.\n        "}, "id": "616039663842594"}, {"type": "Feature", "geometry": {"type": "Point", "coordinates": [8.907514214581322, 49.446853755691926]}, "properties": {"image_id": "1141406090898664", "Verkehrzeichen": "250", "instruction": "\n### Aufgabe: Verkehrszeichen **DE:250** pruefen und Access-Tag ergaenzen\nBitte schaue dir den Bereich rund um dieses erkannte Verkehrszeichen an. Vermutlich fehlt hier eine Zugangsbeschraenkung in OSM. Das naechste passende OSM-Segment ist mind. **30 Meter** entfernt.\n\n---\n\n### Bild und Karte\n\n- [Mapillary-Bild anzeigen](https://www.mapillary.com/app/?pKey=1141406090898664&focus=photo&trafficSign[]=regulatory--road-closed-to-vehicles--g3&trafficSign[]=regulatory--no-motor-vehicles-except-motorcycles--g1&trafficSign[]=regulatory--no-heavy-goods-vehicles--g1&trafficSign[]=regulatory--no-bicycles--g1&trafficSign[]=regulatory--no-motorcycles--g1&trafficSign[]=regulatory--no-pedestrians--g1&trafficSign[]=regulatory--no-motor-vehicles--g1)\n(Hinweis: Die neueste Aufnahme hier ist von **2025-09-10**)\n\n\n---\n\n### Nuetzliche Links\n\n- [Traffic Sign Tool - DE:250](https://trafficsigns.osm-verkehrswende.org/DE?signs=DE:250)\n- [OSM-Wiki: access](https://wiki.openstreetmap.org/wiki/Key:access)\n- [OSM-Wiki: DE:access](https://wiki.openstreetmap.org/wiki/DE:Key:access)\n\n---\n\nTrage nur dann ein neues Tag ein, wenn die Beschraenkung vor Ort eindeutig erkennbar ist.\nAchte auf Zusatzzeichen, Anlieger frei, zeitliche Einschraenkungen und Fahrtrichtung.\n        "}, "id": "848186019101618"}, {"type": "Feature", "geometry": {"type": "Point", "coordinates": [9.03992414481053, 50.01595400607943]}, "properties": {"image_id": "2853241321519096", "Verkehrzeichen": "250", "instruction": "\n### Aufgabe: Verkehrszeichen **DE:250** pruefen und Access-Tag ergaenzen\nBitte schaue dir den Bereich rund um dieses erkannte Verkehrszeichen an. Vermutlich fehlt hier eine Zugangsbeschraenkung in OSM. Das naechste passende OSM-Segment ist mind. **30 Meter** entfernt.\n\n---\n\n### Bild und Karte\n\n- [Mapillary-Bild anzeigen](https://www.mapillary.com/app/?pKey=2853241321519096&focus=photo&trafficSign[]=regulatory--road-closed-to-vehicles--g3&trafficSign[]=regulatory--no-motor-vehicles-except-motorcycles--g1&trafficSign[]=regulatory--no-heavy-goods-vehicles--g1&trafficSign[]=regulatory--no-bicycles--g1&trafficSign[]=regulatory--no-motorcycles--g1&trafficSign[]=regulatory--no-pedestrians--g1&trafficSign[]=regulatory--no-motor-vehicles--g1)\n(Hinweis: Die neueste Aufnahme hier ist von **2025-08-14**)\n\n\n---\n\n### Nuetzliche Links\n\n- [Traffic Sign Tool - DE:250](https://trafficsigns.osm-verkehrswende.org/DE?signs=DE:250)\n- [OSM-Wiki: access](https://wiki.openstreetmap.org/wiki/Key:access)\n- [OSM-Wiki: DE:access](https://wiki.openstreetmap.org/wiki/DE:Key:access)\n\n---\n\nTrage nur dann ein neues Tag ein, wenn die Beschraenkung vor Ort eindeutig erkennbar ist.\nAchte auf Zusatzzeichen, Anlieger frei, zeitliche Einschraenkungen und Fahrtrichtung.\n        "}, "id": "1664734917702656"}, {"type": "Feature", "geometry": {"type": "Point", "coordinates": [9.73154783255479, 50.39776078331765]}, "properties": {"image_id": "1822887838346129", "Verkehrzeichen": "250", "instruction": "\n### Aufgabe: Verkehrszeichen **DE:250** pruefen und Access-Tag ergaenzen\nBitte schaue dir den Bereich rund um dieses erkannte Verkehrszeichen an. Vermutlich fehlt hier eine Zugangsbeschraenkung in OSM. Das naechste passende OSM-Segment ist mind. **30 Meter** entfernt.\n\n---\n\n### Bild und Karte\n\n- [Mapillary-Bild anzeigen](https://www.mapillary.com/app/?pKey=1822887838346129&focus=photo&trafficSign[]=regulatory--road-closed-to-vehicles--g3&trafficSign[]=regulatory--no-motor-vehicles-except-motorcycles--g1&trafficSign[]=regulatory--no-heavy-goods-vehicles--g1&trafficSign[]=regulatory--no-bicycles--g1&trafficSign[]=regulatory--no-motorcycles--g1&trafficSign[]=regulatory--no-pedestrians--g1&trafficSign[]=regulatory--no-motor-vehicles--g1)\n(Hinweis: Die neueste Aufnahme hier ist von **2025-10-14**)\n\n\n---\n\n### Nuetzliche Links\n\n- [Traffic Sign Tool - DE:250](https://trafficsigns.osm-verkehrswende.org/DE?signs=DE:250)\n- [OSM-Wiki: access](https://wiki.openstreetmap.org/wiki/Key:access)\n- [OSM-Wiki: DE:access](https://wiki.openstreetmap.org/wiki/DE:Key:access)\n\n---\n\nTrage nur dann ein neues Tag ein, wenn die Beschraenkung vor Ort eindeutig erkennbar ist.\nAchte auf Zusatzzeichen, Anlieger frei, zeitliche Einschraenkungen und Fahrtrichtung.\n        "}, "id": "826375049570283"}, {"type": "Feature", "geometry": {"type": "Point", "coordinates": [7.946988344257923, 50.03522252538304]}, "properties": {"image_id": "3948313358766233", "Verkehrzeichen": "253", "instruction": "\n### Aufgabe: Verkehrszeichen **DE:253** pruefen und Access-Tag ergaenzen\nBitte schaue dir den Bereich rund um dieses erkannte Verkehrszeichen an. Vermutlich fehlt hier eine Zugangsbeschraenkung in OSM. Das naechste passende OSM-Segment ist mind. **30 Meter** entfernt.\n\n---\n\n### Bild und Karte\n\n- [Mapillary-Bild anzeigen](https://www.mapillary.com/app/?pKey=3948313358766233&focus=photo&trafficSign[]=regulatory--road-closed-to-vehicles--g3&trafficSign[]=regulatory--no-motor-vehicles-except-motorcycles--g1&trafficSign[]=regulatory--no-heavy-goods-vehicles--g1&trafficSign[]=regulatory--no-bicycles--g1&trafficSign[]=regulatory--no-motorcycles--g1&trafficSign[]=regulatory--no-pedestrians--g1&trafficSign[]=regulatory--no-motor-vehicles--g1)\n(Hinweis: Die neueste Aufnahme hier ist von **2025-08-16**)\n\n\n---\n\n### Nuetzliche Links\n\n- [Traffic Sign Tool - DE:253](https://trafficsigns.osm-verkehrswende.org/DE?signs=DE:253)\n- [OSM-Wiki: access](https://wiki.openstreetmap.org/wiki/Key:access)\n- [OSM-Wiki: DE:access](https://wiki.openstreetmap.org/wiki/DE:Key:access)\n\n---\n\nTrage nur dann ein neues Tag ein, wenn die Beschraenkung vor Ort eindeutig erkennbar ist.\nAchte auf Zusatzzeichen, Anlieger frei, zeitliche Einschraenkungen und Fahrtrichtung.\n        "}, "id": "1792877757716538"}, {"type": "Feature", "geometry": {"type": "Point", "coordinates": [8.06079447275984, 50.390514160067966]}, "properties": {"image_id": "1943969192749803", "Verkehrzeichen": "250", "instruction": "\n### Aufgabe: Verkehrszeichen **DE:250** pruefen und Access-Tag ergaenzen\nBitte schaue dir den Bereich rund um dieses erkannte Verkehrszeichen an. Vermutlich fehlt hier eine Zugangsbeschraenkung in OSM. Das naechste passende OSM-Segment ist mind. **30 Meter** entfernt.\n\n---\n\n### Bild und Karte\n\n- [Mapillary-Bild anzeigen](https://www.mapillary.com/app/?pKey=1943969192749803&focus=photo&trafficSign[]=regulatory--road-closed-to-vehicles--g3&trafficSign[]=regulatory--no-motor-vehicles-except-motorcycles--g1&trafficSign[]=regulatory--no-heavy-goods-vehicles--g1&trafficSign[]=regulatory--no-bicycles--g1&trafficSign[]=regulatory--no-motorcycles--g1&trafficSign[]=regulatory--no-pedestrians--g1&trafficSign[]=regulatory--no-motor-vehicles--g1)\n(Hinweis: Die neueste Aufnahme hier ist von **2025-11-21**)\n\n\n---\n\n### Nuetzliche Links\n\n- [Traffic Sign Tool - DE:250](https://trafficsigns.osm-verkehrswende.org/DE?signs=DE:250)\n- [OSM-Wiki: access](https://wiki.openstreetmap.org/wiki/Key:access)\n- [OSM-Wiki: DE:access](https://wiki.openstreetmap.org/wiki/DE:Key:access)\n\n---\n\nTrage nur dann ein neues Tag ein, wenn die Beschraenkung vor Ort eindeutig erkennbar ist.\nAchte auf Zusatzzeichen, Anlieger frei, zeitliche Einschraenkungen und Fahrtrichtung.\n        "}, "id": "567288155702849"}, {"type": "Feature", "geometry": {"type": "Point", "coordinates": [8.069640398090954, 50.398041187253064]}, "properties": {"image_id": "655172927542398", "Verkehrzeichen": "253", "instruction": "\n### Aufgabe: Verkehrszeichen **DE:253** pruefen und Access-Tag ergaenzen\nBitte schaue dir den Bereich rund um dieses erkannte Verkehrszeichen an. Vermutlich fehlt hier eine Zugangsbeschraenkung in OSM. Das naechste passende OSM-Segment ist mind. **30 Meter** entfernt.\n\n---\n\n### Bild und Karte\n\n- [Mapillary-Bild anzeigen](https://www.mapillary.com/app/?pKey=655172927542398&focus=photo&trafficSign[]=regulatory--road-closed-to-vehicles--g3&trafficSign[]=regulatory--no-motor-vehicles-except-motorcycles--g1&trafficSign[]=regulatory--no-heavy-goods-vehicles--g1&trafficSign[]=regulatory--no-bicycles--g1&trafficSign[]=regulatory--no-motorcycles--g1&trafficSign[]=regulatory--no-pedestrians--g1&trafficSign[]=regulatory--no-motor-vehicles--g1)\n(Hinweis: Die neueste Aufnahme hier ist von **2025-09-18**)\n\n\n---\n\n### Nuetzliche Links\n\n- [Traffic Sign Tool - DE:253](https://trafficsigns.osm-verkehrswende.org/DE?signs=DE:253)\n- [OSM-Wiki: access](https://wiki.openstreetmap.org/wiki/Key:access)\n- [OSM-Wiki: DE:access](https://wiki.openstreetmap.org/wiki/DE:Key:access)\n\n---\n\nTrage nur dann ein neues Tag ein, wenn die Beschraenkung vor Ort eindeutig erkennbar ist.\nAchte auf Zusatzzeichen, Anlieger frei, zeitliche Einschraenkungen und Fahrtrichtung.\n        "}, "id": "471882317480188"}, {"type": "Feature", "geometry": {"type": "Point", "coordinates": [8.096312284535058, 50.113605671717565]}, "properties": {"image_id": "829491819797627", "Verkehrzeichen": "250", "instruction": "\n### Aufgabe: Verkehrszeichen **DE:250** pruefen und Access-Tag ergaenzen\nBitte schaue dir den Bereich rund um dieses erkannte Verkehrszeichen an. Vermutlich fehlt hier eine Zugangsbeschraenkung in OSM. Das naechste passende OSM-Segment ist mind. **30 Meter** entfernt.\n\n---\n\n### Bild und Karte\n\n- [Mapillary-Bild anzeigen](https://www.mapillary.com/app/?pKey=829491819797627&focus=photo&trafficSign[]=regulatory--road-closed-to-vehicles--g3&trafficSign[]=regulatory--no-motor-vehicles-except-motorcycles--g1&trafficSign[]=regulatory--no-heavy-goods-vehicles--g1&trafficSign[]=regulatory--no-bicycles--g1&trafficSign[]=regulatory--no-motorcycles--g1&trafficSign[]=regulatory--no-pedestrians--g1&trafficSign[]=regulatory--no-motor-vehicles--g1)\n(Hinweis: Die neueste Aufnahme hier ist von **2025-11-21**)\n\n\n---\n\n### Nuetzliche Links\n\n- [Traffic Sign Tool - DE:250](https://trafficsigns.osm-verkehrswende.org/DE?signs=DE:250)\n- [OSM-Wiki: access](https://wiki.openstreetmap.org/wiki/Key:access)\n- [OSM-Wiki: DE:access](https://wiki.openstreetmap.org/wiki/DE:Key:access)\n\n---\n\nTrage nur dann ein neues Tag ein, wenn die Beschraenkung vor Ort eindeutig erkennbar ist.\nAchte auf Zusatzzeichen, Anlieger frei, zeitliche Einschraenkungen und Fahrtrichtung.\n        "}, "id": "1399252550407966"}, {"type": "Feature", "geometry": {"type": "Point", "coordinates": [8.173243403500225, 50.024791396251565]}, "properties": {"image_id": "695508779973803", "Verkehrzeichen": "253", "instruction": "\n### Aufgabe: Verkehrszeichen **DE:253** pruefen und Access-Tag ergaenzen\nBitte schaue dir den Bereich rund um dieses erkannte Verkehrszeichen an. Vermutlich fehlt hier eine Zugangsbeschraenkung in OSM. Das naechste passende OSM-Segment ist mind. **30 Meter** entfernt.\n\n---\n\n### Bild und Karte\n\n- [Mapillary-Bild anzeigen](https://www.mapillary.com/app/?pKey=695508779973803&focus=photo&trafficSign[]=regulatory--road-closed-to-vehicles--g3&trafficSign[]=regulatory--no-motor-vehicles-except-motorcycles--g1&trafficSign[]=regulatory--no-heavy-goods-vehicles--g1&trafficSign[]=regulatory--no-bicycles--g1&trafficSign[]=regulatory--no-motorcycles--g1&trafficSign[]=regulatory--no-pedestrians--g1&trafficSign[]=regulatory--no-motor-vehicles--g1)\n(Hinweis: Die neueste Aufnahme hier ist von **2025-07-06**)\n\n\n---\n\n### Nuetzliche Links\n\n- [Traffic Sign Tool - DE:253](https://trafficsigns.osm-verkehrswende.org/DE?signs=DE:253)\n- [OSM-Wiki: access](https://wiki.openstreetmap.org/wiki/Key:access)\n- [OSM-Wiki: DE:access](https://wiki.openstreetmap.org/wiki/DE:Key:access)\n\n---\n\nTrage nur dann ein neues Tag ein, wenn die Beschraenkung vor Ort eindeutig erkennbar ist.\nAchte auf Zusatzzeichen, Anlieger frei, zeitliche Einschraenkungen und Fahrtrichtung.\n        "}, "id": "395040119371349"}, {"type": "Feature", "geometry": {"type": "Point", "coordinates": [8.185098767346052, 50.15601960050454]}, "properties": {"image_id": "1208296144622983", "Verkehrzeichen": "253", "instruction": "\n### Aufgabe: Verkehrszeichen **DE:253** pruefen und Access-Tag ergaenzen\nBitte schaue dir den Bereich rund um dieses erkannte Verkehrszeichen an. Vermutlich fehlt hier eine Zugangsbeschraenkung in OSM. Das naechste passende OSM-Segment ist mind. **30 Meter** entfernt.\n\n---\n\n### Bild und Karte\n\n- [Mapillary-Bild anzeigen](https://www.mapillary.com/app/?pKey=1208296144622983&focus=photo&trafficSign[]=regulatory--road-closed-to-vehicles--g3&trafficSign[]=regulatory--no-motor-vehicles-except-motorcycles--g1&trafficSign[]=regulatory--no-heavy-goods-vehicles--g1&trafficSign[]=regulatory--no-bicycles--g1&trafficSign[]=regulatory--no-motorcycles--g1&trafficSign[]=regulatory--no-pedestrians--g1&trafficSign[]=regulatory--no-motor-vehicles--g1)\n(Hinweis: Die neueste Aufnahme hier ist von **2026-03-10**)\n\n\n---\n\n### Nuetzliche Links\n\n- [Traffic Sign Tool - DE:253](https://trafficsigns.osm-verkehrswende.org/DE?signs=DE:253)\n- [OSM-Wiki: access](https://wiki.openstreetmap.org/wiki/Key:access)\n- [OSM-Wiki: DE:access](https://wiki.openstreetmap.org/wiki/DE:Key:access)\n\n---\n\nTrage nur dann ein neues Tag ein, wenn die Beschraenkung vor Ort eindeutig erkennbar ist.\nAchte auf Zusatzzeichen, Anlieger frei, zeitliche Einschraenkungen und Fahrtrichtung.\n        "}, "id": "1158037577978440"}, {"type": "Feature", "geometry": {"type": "Point", "coordinates": [8.223148584431328, 50.067280524256255]}, "properties": {"image_id": "807440748102751", "Verkehrzeichen": "253", "instruction": "\n### Aufgabe: Verkehrszeichen **DE:253** pruefen und Access-Tag ergaenzen\nBitte schaue dir den Bereich rund um dieses erkannte Verkehrszeichen an. Vermutlich fehlt hier eine Zugangsbeschraenkung in OSM. Das naechste passende OSM-Segment ist mind. **30 Meter** entfernt.\n\n---\n\n### Bild und Karte\n\n- [Mapillary-Bild anzeigen](https://www.mapillary.com/app/?pKey=807440748102751&focus=photo&trafficSign[]=regulatory--road-closed-to-vehicles--g3&trafficSign[]=regulatory--no-motor-vehicles-except-motorcycles--g1&trafficSign[]=regulatory--no-heavy-goods-vehicles--g1&trafficSign[]=regulatory--no-bicycles--g1&trafficSign[]=regulatory--no-motorcycles--g1&trafficSign[]=regulatory--no-pedestrians--g1&trafficSign[]=regulatory--no-motor-vehicles--g1)\n(Hinweis: Die neueste Aufnahme hier ist von **2026-02-12**)\n\n\n---\n\n### Nuetzliche Links\n\n- [Traffic Sign Tool - DE:253](https://trafficsigns.osm-verkehrswende.org/DE?signs=DE:253)\n- [OSM-Wiki: access](https://wiki.openstreetmap.org/wiki/Key:access)\n- [OSM-Wiki: DE:access](https://wiki.openstreetmap.org/wiki/DE:Key:access)\n\n---\n\nTrage nur dann ein neues Tag ein, wenn die Beschraenkung vor Ort eindeutig erkennbar ist.\nAchte auf Zusatzzeichen, Anlieger frei, zeitliche Einschraenkungen und Fahrtrichtung.\n        "}, "id": "1474055329813379"}, {"type": "Feature", "geometry": {"type": "Point", "coordinates": [8.297027349537547, 50.00217077557299]}, "properties": {"image_id": "2068139586684236", "Verkehrzeichen": "250", "instruction": "\n### Aufgabe: Verkehrszeichen **DE:250** pruefen und Access-Tag ergaenzen\nBitte schaue dir den Bereich rund um dieses erkannte Verkehrszeichen an. Vermutlich fehlt hier eine Zugangsbeschraenkung in OSM. Das naechste passende OSM-Segment ist mind. **30 Meter** entfernt.\n\n---\n\n### Bild und Karte\n\n- [Mapillary-Bild anzeigen](https://www.mapillary.com/app/?pKey=2068139586684236&focus=photo&trafficSign[]=regulatory--road-closed-to-vehicles--g3&trafficSign[]=regulatory--no-motor-vehicles-except-motorcycles--g1&trafficSign[]=regulatory--no-heavy-goods-vehicles--g1&trafficSign[]=regulatory--no-bicycles--g1&trafficSign[]=regulatory--no-motorcycles--g1&trafficSign[]=regulatory--no-pedestrians--g1&trafficSign[]=regulatory--no-motor-vehicles--g1)\n(Hinweis: Die neueste Aufnahme hier ist von **2026-01-01**)\n\n\n---\n\n### Nuetzliche Links\n\n- [Traffic Sign Tool - DE:250](https://trafficsigns.osm-verkehrswende.org/DE?signs=DE:250)\n- [OSM-Wiki: access](https://wiki.openstreetmap.org/wiki/Key:access)\n- [OSM-Wiki: DE:access](https://wiki.openstreetmap.org/wiki/DE:Key:access)\n\n---\n\nTrage nur dann ein neues Tag ein, wenn die Beschraenkung vor Ort eindeutig erkennbar ist.\nAchte auf Zusatzzeichen, Anlieger frei, zeitliche Einschraenkungen und Fahrtrichtung.\n        "}, "id": "323067002615376"}, {"type": "Feature", "geometry": {"type": "Point", "coordinates": [8.313694596356095, 49.9969881135362]}, "properties": {"image_id": "517255535966829", "Verkehrzeichen": "253", "instruction": "\n### Aufgabe: Verkehrszeichen **DE:253** pruefen und Access-Tag ergaenzen\nBitte schaue dir den Bereich rund um dieses erkannte Verkehrszeichen an. Vermutlich fehlt hier eine Zugangsbeschraenkung in OSM. Das naechste passende OSM-Segment ist mind. **30 Meter** entfernt.\n\n---\n\n### Bild und Karte\n\n- [Mapillary-Bild anzeigen](https://www.mapillary.com/app/?pKey=517255535966829&focus=photo&trafficSign[]=regulatory--road-closed-to-vehicles--g3&trafficSign[]=regulatory--no-motor-vehicles-except-motorcycles--g1&trafficSign[]=regulatory--no-heavy-goods-vehicles--g1&trafficSign[]=regulatory--no-bicycles--g1&trafficSign[]=regulatory--no-motorcycles--g1&trafficSign[]=regulatory--no-pedestrians--g1&trafficSign[]=regulatory--no-motor-vehicles--g1)\n(Hinweis: Die neueste Aufnahme hier ist von **2026-01-02**)\n\n\n---\n\n### Nuetzliche Links\n\n- [Traffic Sign Tool - DE:253](https://trafficsigns.osm-verkehrswende.org/DE?signs=DE:253)\n- [OSM-Wiki: access](https://wiki.openstreetmap.org/wiki/Key:access)\n- [OSM-Wiki: DE:access](https://wiki.openstreetmap.org/wiki/DE:Key:access)\n\n---\n\nTrage nur dann ein neues Tag ein, wenn die Beschraenkung vor Ort eindeutig erkennbar ist.\nAchte auf Zusatzzeichen, Anlieger frei, zeitliche Einschraenkungen und Fahrtrichtung.\n        "}, "id": "168084355222340"}, {"type": "Feature", "geometry": {"type": "Point", "coordinates": [8.316704034870806, 49.99457072615271]}, "properties": {"image_id": "725117936817524", "Verkehrzeichen": "253", "instruction": "\n### Aufgabe: Verkehrszeichen **DE:253** pruefen und Access-Tag ergaenzen\nBitte schaue dir den Bereich rund um dieses erkannte Verkehrszeichen an. Vermutlich fehlt hier eine Zugangsbeschraenkung in OSM. Das naechste passende OSM-Segment ist mind. **30 Meter** entfernt.\n\n---\n\n### Bild und Karte\n\n- [Mapillary-Bild anzeigen](https://www.mapillary.com/app/?pKey=725117936817524&focus=photo&trafficSign[]=regulatory--road-closed-to-vehicles--g3&trafficSign[]=regulatory--no-motor-vehicles-except-motorcycles--g1&trafficSign[]=regulatory--no-heavy-goods-vehicles--g1&trafficSign[]=regulatory--no-bicycles--g1&trafficSign[]=regulatory--no-motorcycles--g1&trafficSign[]=regulatory--no-pedestrians--g1&trafficSign[]=regulatory--no-motor-vehicles--g1)\n(Hinweis: Die neueste Aufnahme hier ist von **2025-07-05**)\n\n\n---\n\n### Nuetzliche Links\n\n- [Traffic Sign Tool - DE:253](https://trafficsigns.osm-verkehrswende.org/DE?signs=DE:253)\n- [OSM-Wiki: access](https://wiki.openstreetmap.org/wiki/Key:access)\n- [OSM-Wiki: DE:access](https://wiki.openstreetmap.org/wiki/DE:Key:access)\n\n---\n\nTrage nur dann ein neues Tag ein, wenn die Beschraenkung vor Ort eindeutig erkennbar ist.\nAchte auf Zusatzzeichen, Anlieger frei, zeitliche Einschraenkungen und Fahrtrichtung.\n        "}, "id": "806986883647379"}, {"type": "Feature", "geometry": {"type": "Point", "coordinates": [8.316693306034747, 49.99467073460276]}, "properties": {"image_id": "1230823551636616", "Verkehrzeichen": "253", "instruction": "\n### Aufgabe: Verkehrszeichen **DE:253** pruefen und Access-Tag ergaenzen\nBitte schaue dir den Bereich rund um dieses erkannte Verkehrszeichen an. Vermutlich fehlt hier eine Zugangsbeschraenkung in OSM. Das naechste passende OSM-Segment ist mind. **30 Meter** entfernt.\n\n---\n\n### Bild und Karte\n\n- [Mapillary-Bild anzeigen](https://www.mapillary.com/app/?pKey=1230823551636616&focus=photo&trafficSign[]=regulatory--road-closed-to-vehicles--g3&trafficSign[]=regulatory--no-motor-vehicles-except-motorcycles--g1&trafficSign[]=regulatory--no-heavy-goods-vehicles--g1&trafficSign[]=regulatory--no-bicycles--g1&trafficSign[]=regulatory--no-motorcycles--g1&trafficSign[]=regulatory--no-pedestrians--g1&trafficSign[]=regulatory--no-motor-vehicles--g1)\n(Hinweis: Die neueste Aufnahme hier ist von **2025-07-05**)\n\n\n---\n\n### Nuetzliche Links\n\n- [Traffic Sign Tool - DE:253](https://trafficsigns.osm-verkehrswende.org/DE?signs=DE:253)\n- [OSM-Wiki: access](https://wiki.openstreetmap.org/wiki/Key:access)\n- [OSM-Wiki: DE:access](https://wiki.openstreetmap.org/wiki/DE:Key:access)\n\n---\n\nTrage nur dann ein neues Tag ein, wenn die Beschraenkung vor Ort eindeutig erkennbar ist.\nAchte auf Zusatzzeichen, Anlieger frei, zeitliche Einschraenkungen und Fahrtrichtung.\n        "}, "id": "806986876980713"}, {"type": "Feature", "geometry": {"type": "Point", "coordinates": [8.341385722225851, 49.99366719210747]}, "properties": {"image_id": "1830381821697689", "Verkehrzeichen": "253", "instruction": "\n### Aufgabe: Verkehrszeichen **DE:253** pruefen und Access-Tag ergaenzen\nBitte schaue dir den Bereich rund um dieses erkannte Verkehrszeichen an. Vermutlich fehlt hier eine Zugangsbeschraenkung in OSM. Das naechste passende OSM-Segment ist mind. **30 Meter** entfernt.\n\n---\n\n### Bild und Karte\n\n- [Mapillary-Bild anzeigen](https://www.mapillary.com/app/?pKey=1830381821697689&focus=photo&trafficSign[]=regulatory--road-closed-to-vehicles--g3&trafficSign[]=regulatory--no-motor-vehicles-except-motorcycles--g1&trafficSign[]=regulatory--no-heavy-goods-vehicles--g1&trafficSign[]=regulatory--no-bicycles--g1&trafficSign[]=regulatory--no-motorcycles--g1&trafficSign[]=regulatory--no-pedestrians--g1&trafficSign[]=regulatory--no-motor-vehicles--g1)\n(Hinweis: Die neueste Aufnahme hier ist von **2026-01-02**)\n\n\n---\n\n### Nuetzliche Links\n\n- [Traffic Sign Tool - DE:253](https://trafficsigns.osm-verkehrswende.org/DE?signs=DE:253)\n- [OSM-Wiki: access](https://wiki.openstreetmap.org/wiki/Key:access)\n- [OSM-Wiki: DE:access](https://wiki.openstreetmap.org/wiki/DE:Key:access)\n\n---\n\nTrage nur dann ein neues Tag ein, wenn die Beschraenkung vor Ort eindeutig erkennbar ist.\nAchte auf Zusatzzeichen, Anlieger frei, zeitliche Einschraenkungen und Fahrtrichtung.\n        "}, "id": "179198220780086"}, {"type": "Feature", "geometry": {"type": "Point", "coordinates": [8.345527052944844, 49.97144594934636]}, "properties": {"image_id": "1421443959325485", "Verkehrzeichen": "253", "instruction": "\n### Aufgabe: Verkehrszeichen **DE:253** pruefen und Access-Tag ergaenzen\nBitte schaue dir den Bereich rund um dieses erkannte Verkehrszeichen an. Vermutlich fehlt hier eine Zugangsbeschraenkung in OSM. Das naechste passende OSM-Segment ist mind. **30 Meter** entfernt.\n\n---\n\n### Bild und Karte\n\n- [Mapillary-Bild anzeigen](https://www.mapillary.com/app/?pKey=1421443959325485&focus=photo&trafficSign[]=regulatory--road-closed-to-vehicles--g3&trafficSign[]=regulatory--no-motor-vehicles-except-motorcycles--g1&trafficSign[]=regulatory--no-heavy-goods-vehicles--g1&trafficSign[]=regulatory--no-bicycles--g1&trafficSign[]=regulatory--no-motorcycles--g1&trafficSign[]=regulatory--no-pedestrians--g1&trafficSign[]=regulatory--no-motor-vehicles--g1)\n(Hinweis: Die neueste Aufnahme hier ist von **2026-01-01**)\n\n\n---\n\n### Nuetzliche Links\n\n- [Traffic Sign Tool - DE:253](https://trafficsigns.osm-verkehrswende.org/DE?signs=DE:253)\n- [OSM-Wiki: access](https://wiki.openstreetmap.org/wiki/Key:access)\n- [OSM-Wiki: DE:access](https://wiki.openstreetmap.org/wiki/DE:Key:access)\n\n---\n\nTrage nur dann ein neues Tag ein, wenn die Beschraenkung vor Ort eindeutig erkennbar ist.\nAchte auf Zusatzzeichen, Anlieger frei, zeitliche Einschraenkungen und Fahrtrichtung.\n        "}, "id": "1677719699079193"}, {"type": "Feature", "geometry": {"type": "Point", "coordinates": [8.345521688526812, 49.971204432712085]}, "properties": {"image_id": "1590684128622554", "Verkehrzeichen": "253", "instruction": "\n### Aufgabe: Verkehrszeichen **DE:253** pruefen und Access-Tag ergaenzen\nBitte schaue dir den Bereich rund um dieses erkannte Verkehrszeichen an. Vermutlich fehlt hier eine Zugangsbeschraenkung in OSM. Das naechste passende OSM-Segment ist mind. **30 Meter** entfernt.\n\n---\n\n### Bild und Karte\n\n- [Mapillary-Bild anzeigen](https://www.mapillary.com/app/?pKey=1590684128622554&focus=photo&trafficSign[]=regulatory--road-closed-to-vehicles--g3&trafficSign[]=regulatory--no-motor-vehicles-except-motorcycles--g1&trafficSign[]=regulatory--no-heavy-goods-vehicles--g1&trafficSign[]=regulatory--no-bicycles--g1&trafficSign[]=regulatory--no-motorcycles--g1&trafficSign[]=regulatory--no-pedestrians--g1&trafficSign[]=regulatory--no-motor-vehicles--g1)\n(Hinweis: Die neueste Aufnahme hier ist von **2026-01-01**)\n\n\n---\n\n### Nuetzliche Links\n\n- [Traffic Sign Tool - DE:253](https://trafficsigns.osm-verkehrswende.org/DE?signs=DE:253)\n- [OSM-Wiki: access](https://wiki.openstreetmap.org/wiki/Key:access)\n- [OSM-Wiki: DE:access](https://wiki.openstreetmap.org/wiki/DE:Key:access)\n\n---\n\nTrage nur dann ein neues Tag ein, wenn die Beschraenkung vor Ort eindeutig erkennbar ist.\nAchte auf Zusatzzeichen, Anlieger frei, zeitliche Einschraenkungen und Fahrtrichtung.\n        "}, "id": "1689222265189518"}, {"type": "Feature", "geometry": {"type": "Point", "coordinates": [8.345532417362874, 49.96845105741368]}, "properties": {"image_id": "1264346724916450", "Verkehrzeichen": "253", "instruction": "\n### Aufgabe: Verkehrszeichen **DE:253** pruefen und Access-Tag ergaenzen\nBitte schaue dir den Bereich rund um dieses erkannte Verkehrszeichen an. Vermutlich fehlt hier eine Zugangsbeschraenkung in OSM. Das naechste passende OSM-Segment ist mind. **30 Meter** entfernt.\n\n---\n\n### Bild und Karte\n\n- [Mapillary-Bild anzeigen](https://www.mapillary.com/app/?pKey=1264346724916450&focus=photo&trafficSign[]=regulatory--road-closed-to-vehicles--g3&trafficSign[]=regulatory--no-motor-vehicles-except-motorcycles--g1&trafficSign[]=regulatory--no-heavy-goods-vehicles--g1&trafficSign[]=regulatory--no-bicycles--g1&trafficSign[]=regulatory--no-motorcycles--g1&trafficSign[]=regulatory--no-pedestrians--g1&trafficSign[]=regulatory--no-motor-vehicles--g1)\n(Hinweis: Die neueste Aufnahme hier ist von **2026-01-01**)\n\n\n---\n\n### Nuetzliche Links\n\n- [Traffic Sign Tool - DE:253](https://trafficsigns.osm-verkehrswende.org/DE?signs=DE:253)\n- [OSM-Wiki: access](https://wiki.openstreetmap.org/wiki/Key:access)\n- [OSM-Wiki: DE:access](https://wiki.openstreetmap.org/wiki/DE:Key:access)\n\n---\n\nTrage nur dann ein neues Tag ein, wenn die Beschraenkung vor Ort eindeutig erkennbar ist.\nAchte auf Zusatzzeichen, Anlieger frei, zeitliche Einschraenkungen und Fahrtrichtung.\n        "}, "id": "1689222455189499"}, {"type": "Feature", "geometry": {"type": "Point", "coordinates": [8.356379270619106, 49.95812277152438]}, "properties": {"image_id": "965317244299244", "Verkehrzeichen": "250", "instruction": "\n### Aufgabe: Verkehrszeichen **DE:250** pruefen und Access-Tag ergaenzen\nBitte schaue dir den Bereich rund um dieses erkannte Verkehrszeichen an. Vermutlich fehlt hier eine Zugangsbeschraenkung in OSM. Das naechste passende OSM-Segment ist mind. **30 Meter** entfernt.\n\n---\n\n### Bild und Karte\n\n- [Mapillary-Bild anzeigen](https://www.mapillary.com/app/?pKey=965317244299244&focus=photo&trafficSign[]=regulatory--road-closed-to-vehicles--g3&trafficSign[]=regulatory--no-motor-vehicles-except-motorcycles--g1&trafficSign[]=regulatory--no-heavy-goods-vehicles--g1&trafficSign[]=regulatory--no-bicycles--g1&trafficSign[]=regulatory--no-motorcycles--g1&trafficSign[]=regulatory--no-pedestrians--g1&trafficSign[]=regulatory--no-motor-vehicles--g1)\n(Hinweis: Die neueste Aufnahme hier ist von **2025-10-14**)\n\n\n---\n\n### Nuetzliche Links\n\n- [Traffic Sign Tool - DE:250](https://trafficsigns.osm-verkehrswende.org/DE?signs=DE:250)\n- [OSM-Wiki: access](https://wiki.openstreetmap.org/wiki/Key:access)\n- [OSM-Wiki: DE:access](https://wiki.openstreetmap.org/wiki/DE:Key:access)\n\n---\n\nTrage nur dann ein neues Tag ein, wenn die Beschraenkung vor Ort eindeutig erkennbar ist.\nAchte auf Zusatzzeichen, Anlieger frei, zeitliche Einschraenkungen und Fahrtrichtung.\n        "}, "id": "1193061807818533"}, {"type": "Feature", "geometry": {"type": "Point", "coordinates": [8.358444571560574, 49.888697081805475]}, "properties": {"image_id": "779069832803395", "Verkehrzeichen": "260", "instruction": "\n### Aufgabe: Verkehrszeichen **DE:260** pruefen und Access-Tag ergaenzen\nBitte schaue dir den Bereich rund um dieses erkannte Verkehrszeichen an. Vermutlich fehlt hier eine Zugangsbeschraenkung in OSM. Das naechste passende OSM-Segment ist mind. **30 Meter** entfernt.\n\n---\n\n### Bild und Karte\n\n- [Mapillary-Bild anzeigen](https://www.mapillary.com/app/?pKey=779069832803395&focus=photo&trafficSign[]=regulatory--road-closed-to-vehicles--g3&trafficSign[]=regulatory--no-motor-vehicles-except-motorcycles--g1&trafficSign[]=regulatory--no-heavy-goods-vehicles--g1&trafficSign[]=regulatory--no-bicycles--g1&trafficSign[]=regulatory--no-motorcycles--g1&trafficSign[]=regulatory--no-pedestrians--g1&trafficSign[]=regulatory--no-motor-vehicles--g1)\n(Hinweis: Die neueste Aufnahme hier ist von **2025-07-05**)\n\n\n---\n\n### Nuetzliche Links\n\n- [Traffic Sign Tool - DE:260](https://trafficsigns.osm-verkehrswende.org/DE?signs=DE:260)\n- [OSM-Wiki: access](https://wiki.openstreetmap.org/wiki/Key:access)\n- [OSM-Wiki: DE:access](https://wiki.openstreetmap.org/wiki/DE:Key:access)\n\n---\n\nTrage nur dann ein neues Tag ein, wenn die Beschraenkung vor Ort eindeutig erkennbar ist.\nAchte auf Zusatzzeichen, Anlieger frei, zeitliche Einschraenkungen und Fahrtrichtung.\n        "}, "id": "876388593223758"}, {"type": "Feature", "geometry": {"type": "Point", "coordinates": [8.369366526669214, 49.868609170099425]}, "properties": {"image_id": "2482552642182638", "Verkehrzeichen": "260", "instruction": "\n### Aufgabe: Verkehrszeichen **DE:260** pruefen und Access-Tag ergaenzen\nBitte schaue dir den Bereich rund um dieses erkannte Verkehrszeichen an. Vermutlich fehlt hier eine Zugangsbeschraenkung in OSM. Das naechste passende OSM-Segment ist mind. **30 Meter** entfernt.\n\n---\n\n### Bild und Karte\n\n- [Mapillary-Bild anzeigen](https://www.mapillary.com/app/?pKey=2482552642182638&focus=photo&trafficSign[]=regulatory--road-closed-to-vehicles--g3&trafficSign[]=regulatory--no-motor-vehicles-except-motorcycles--g1&trafficSign[]=regulatory--no-heavy-goods-vehicles--g1&trafficSign[]=regulatory--no-bicycles--g1&trafficSign[]=regulatory--no-motorcycles--g1&trafficSign[]=regulatory--no-pedestrians--g1&trafficSign[]=regulatory--no-motor-vehicles--g1)\n(Hinweis: Die neueste Aufnahme hier ist von **2025-10-12**)\n\n\n---\n\n### Nuetzliche Links\n\n- [Traffic Sign Tool - DE:260](https://trafficsigns.osm-verkehrswende.org/DE?signs=DE:260)\n- [OSM-Wiki: access](https://wiki.openstreetmap.org/wiki/Key:access)\n- [OSM-Wiki: DE:access](https://wiki.openstreetmap.org/wiki/DE:Key:access)\n\n---\n\nTrage nur dann ein neues Tag ein, wenn die Beschraenkung vor Ort eindeutig erkennbar ist.\nAchte auf Zusatzzeichen, Anlieger frei, zeitliche Einschraenkungen und Fahrtrichtung.\n        "}, "id": "180002400683452"}, {"type": "Feature", "geometry": {"type": "Point", "coordinates": [8.381152153080645, 50.60199067088851]}, "properties": {"image_id": "768218675957800", "Verkehrzeichen": "253", "instruction": "\n### Aufgabe: Verkehrszeichen **DE:253** pruefen und Access-Tag ergaenzen\nBitte schaue dir den Bereich rund um dieses erkannte Verkehrszeichen an. Vermutlich fehlt hier eine Zugangsbeschraenkung in OSM. Das naechste passende OSM-Segment ist mind. **30 Meter** entfernt.\n\n---\n\n### Bild und Karte\n\n- [Mapillary-Bild anzeigen](https://www.mapillary.com/app/?pKey=768218675957800&focus=photo&trafficSign[]=regulatory--road-closed-to-vehicles--g3&trafficSign[]=regulatory--no-motor-vehicles-except-motorcycles--g1&trafficSign[]=regulatory--no-heavy-goods-vehicles--g1&trafficSign[]=regulatory--no-bicycles--g1&trafficSign[]=regulatory--no-motorcycles--g1&trafficSign[]=regulatory--no-pedestrians--g1&trafficSign[]=regulatory--no-motor-vehicles--g1)\n(Hinweis: Die neueste Aufnahme hier ist von **2025-09-18**)\n\n\n---\n\n### Nuetzliche Links\n\n- [Traffic Sign Tool - DE:253](https://trafficsigns.osm-verkehrswende.org/DE?signs=DE:253)\n- [OSM-Wiki: access](https://wiki.openstreetmap.org/wiki/Key:access)\n- [OSM-Wiki: DE:access](https://wiki.openstreetmap.org/wiki/DE:Key:access)\n\n---\n\nTrage nur dann ein neues Tag ein, wenn die Beschraenkung vor Ort eindeutig erkennbar ist.\nAchte auf Zusatzzeichen, Anlieger frei, zeitliche Einschraenkungen und Fahrtrichtung.\n        "}, "id": "233339695498734"}, {"type": "Feature", "geometry": {"type": "Point", "coordinates": [8.378614783352553, 50.59604889228232]}, "properties": {"image_id": "1021719328617305", "Verkehrzeichen": "253", "instruction": "\n### Aufgabe: Verkehrszeichen **DE:253** pruefen und Access-Tag ergaenzen\nBitte schaue dir den Bereich rund um dieses erkannte Verkehrszeichen an. Vermutlich fehlt hier eine Zugangsbeschraenkung in OSM. Das naechste passende OSM-Segment ist mind. **30 Meter** entfernt.\n\n---\n\n### Bild und Karte\n\n- [Mapillary-Bild anzeigen](https://www.mapillary.com/app/?pKey=1021719328617305&focus=photo&trafficSign[]=regulatory--road-closed-to-vehicles--g3&trafficSign[]=regulatory--no-motor-vehicles-except-motorcycles--g1&trafficSign[]=regulatory--no-heavy-goods-vehicles--g1&trafficSign[]=regulatory--no-bicycles--g1&trafficSign[]=regulatory--no-motorcycles--g1&trafficSign[]=regulatory--no-pedestrians--g1&trafficSign[]=regulatory--no-motor-vehicles--g1)\n(Hinweis: Die neueste Aufnahme hier ist von **2025-09-18**)\n\n\n---\n\n### Nuetzliche Links\n\n- [Traffic Sign Tool - DE:253](https://trafficsigns.osm-verkehrswende.org/DE?signs=DE:253)\n- [OSM-Wiki: access](https://wiki.openstreetmap.org/wiki/Key:access)\n- [OSM-Wiki: DE:access](https://wiki.openstreetmap.org/wiki/DE:Key:access)\n\n---\n\nTrage nur dann ein neues Tag ein, wenn die Beschraenkung vor Ort eindeutig erkennbar ist.\nAchte auf Zusatzzeichen, Anlieger frei, zeitliche Einschraenkungen und Fahrtrichtung.\n        "}, "id": "3109967872556100"}, {"type": "Feature", "geometry": {"type": "Point", "coordinates": [8.388463854855258, 49.96510746135539]}, "properties": {"image_id": "672238544489049", "Verkehrzeichen": "250", "instruction": "\n### Aufgabe: Verkehrszeichen **DE:250** pruefen und Access-Tag ergaenzen\nBitte schaue dir den Bereich rund um dieses erkannte Verkehrszeichen an. Vermutlich fehlt hier eine Zugangsbeschraenkung in OSM. Das naechste passende OSM-Segment ist mind. **30 Meter** entfernt.\n\n---\n\n### Bild und Karte\n\n- [Mapillary-Bild anzeigen](https://www.mapillary.com/app/?pKey=672238544489049&focus=photo&trafficSign[]=regulatory--road-closed-to-vehicles--g3&trafficSign[]=regulatory--no-motor-vehicles-except-motorcycles--g1&trafficSign[]=regulatory--no-heavy-goods-vehicles--g1&trafficSign[]=regulatory--no-bicycles--g1&trafficSign[]=regulatory--no-motorcycles--g1&trafficSign[]=regulatory--no-pedestrians--g1&trafficSign[]=regulatory--no-motor-vehicles--g1)\n(Hinweis: Die neueste Aufnahme hier ist von **2025-09-12**)\n\n\n---\n\n### Nuetzliche Links\n\n- [Traffic Sign Tool - DE:250](https://trafficsigns.osm-verkehrswende.org/DE?signs=DE:250)\n- [OSM-Wiki: access](https://wiki.openstreetmap.org/wiki/Key:access)\n- [OSM-Wiki: DE:access](https://wiki.openstreetmap.org/wiki/DE:Key:access)\n\n---\n\nTrage nur dann ein neues Tag ein, wenn die Beschraenkung vor Ort eindeutig erkennbar ist.\nAchte auf Zusatzzeichen, Anlieger frei, zeitliche Einschraenkungen und Fahrtrichtung.\n        "}, "id": "4468932259898392"}, {"type": "Feature", "geometry": {"type": "Point", "coordinates": [8.408430218762106, 50.69849977375803]}, "properties": {"image_id": "1500519314173853", "Verkehrzeichen": "259", "instruction": "\n### Aufgabe: Verkehrszeichen **DE:259** pruefen und Access-Tag ergaenzen\nBitte schaue dir den Bereich rund um dieses erkannte Verkehrszeichen an. Vermutlich fehlt hier eine Zugangsbeschraenkung in OSM. Das naechste passende OSM-Segment ist mind. **30 Meter** entfernt.\n\n---\n\n### Bild und Karte\n\n- [Mapillary-Bild anzeigen](https://www.mapillary.com/app/?pKey=1500519314173853&focus=photo&trafficSign[]=regulatory--road-closed-to-vehicles--g3&trafficSign[]=regulatory--no-motor-vehicles-except-motorcycles--g1&trafficSign[]=regulatory--no-heavy-goods-vehicles--g1&trafficSign[]=regulatory--no-bicycles--g1&trafficSign[]=regulatory--no-motorcycles--g1&trafficSign[]=regulatory--no-pedestrians--g1&trafficSign[]=regulatory--no-motor-vehicles--g1)\n(Hinweis: Die neueste Aufnahme hier ist von **2025-09-21**)\n\n\n---\n\n### Nuetzliche Links\n\n- [Traffic Sign Tool - DE:259](https://trafficsigns.osm-verkehrswende.org/DE?signs=DE:259)\n- [OSM-Wiki: access](https://wiki.openstreetmap.org/wiki/Key:access)\n- [OSM-Wiki: DE:access](https://wiki.openstreetmap.org/wiki/DE:Key:access)\n\n---\n\nTrage nur dann ein neues Tag ein, wenn die Beschraenkung vor Ort eindeutig erkennbar ist.\nAchte auf Zusatzzeichen, Anlieger frei, zeitliche Einschraenkungen und Fahrtrichtung.\n        "}, "id": "363490779775057"}, {"type": "Feature", "geometry": {"type": "Point", "coordinates": [8.408011794155785, 50.69860170850129]}, "properties": {"image_id": "1174269127333194", "Verkehrzeichen": "259", "instruction": "\n### Aufgabe: Verkehrszeichen **DE:259** pruefen und Access-Tag ergaenzen\nBitte schaue dir den Bereich rund um dieses erkannte Verkehrszeichen an. Vermutlich fehlt hier eine Zugangsbeschraenkung in OSM. Das naechste passende OSM-Segment ist mind. **30 Meter** entfernt.\n\n---\n\n### Bild und Karte\n\n- [Mapillary-Bild anzeigen](https://www.mapillary.com/app/?pKey=1174269127333194&focus=photo&trafficSign[]=regulatory--road-closed-to-vehicles--g3&trafficSign[]=regulatory--no-motor-vehicles-except-motorcycles--g1&trafficSign[]=regulatory--no-heavy-goods-vehicles--g1&trafficSign[]=regulatory--no-bicycles--g1&trafficSign[]=regulatory--no-motorcycles--g1&trafficSign[]=regulatory--no-pedestrians--g1&trafficSign[]=regulatory--no-motor-vehicles--g1)\n(Hinweis: Die neueste Aufnahme hier ist von **2025-09-14**)\n\n\n---\n\n### Nuetzliche Links\n\n- [Traffic Sign Tool - DE:259](https://trafficsigns.osm-verkehrswende.org/DE?signs=DE:259)\n- [OSM-Wiki: access](https://wiki.openstreetmap.org/wiki/Key:access)\n- [OSM-Wiki: DE:access](https://wiki.openstreetmap.org/wiki/DE:Key:access)\n\n---\n\nTrage nur dann ein neues Tag ein, wenn die Beschraenkung vor Ort eindeutig erkennbar ist.\nAchte auf Zusatzzeichen, Anlieger frei, zeitliche Einschraenkungen und Fahrtrichtung.\n        "}, "id": "1194932621526576"}, {"type": "Feature", "geometry": {"type": "Point", "coordinates": [8.40365588671561, 50.02639394692475]}, "properties": {"image_id": "1759003564499334", "Verkehrzeichen": "253", "instruction": "\n### Aufgabe: Verkehrszeichen **DE:253** pruefen und Access-Tag ergaenzen\nBitte schaue dir den Bereich rund um dieses erkannte Verkehrszeichen an. Vermutlich fehlt hier eine Zugangsbeschraenkung in OSM. Das naechste passende OSM-Segment ist mind. **30 Meter** entfernt.\n\n---\n\n### Bild und Karte\n\n- [Mapillary-Bild anzeigen](https://www.mapillary.com/app/?pKey=1759003564499334&focus=photo&trafficSign[]=regulatory--road-closed-to-vehicles--g3&trafficSign[]=regulatory--no-motor-vehicles-except-motorcycles--g1&trafficSign[]=regulatory--no-heavy-goods-vehicles--g1&trafficSign[]=regulatory--no-bicycles--g1&trafficSign[]=regulatory--no-motorcycles--g1&trafficSign[]=regulatory--no-pedestrians--g1&trafficSign[]=regulatory--no-motor-vehicles--g1)\n(Hinweis: Die neueste Aufnahme hier ist von **2026-03-05**)\n\n\n---\n\n### Nuetzliche Links\n\n- [Traffic Sign Tool - DE:253](https://trafficsigns.osm-verkehrswende.org/DE?signs=DE:253)\n- [OSM-Wiki: access](https://wiki.openstreetmap.org/wiki/Key:access)\n- [OSM-Wiki: DE:access](https://wiki.openstreetmap.org/wiki/DE:Key:access)\n\n---\n\nTrage nur dann ein neues Tag ein, wenn die Beschraenkung vor Ort eindeutig erkennbar ist.\nAchte auf Zusatzzeichen, Anlieger frei, zeitliche Einschraenkungen und Fahrtrichtung.\n        "}, "id": "1064482360745614"}, {"type": "Feature", "geometry": {"type": "Point", "coordinates": [8.403156995838838, 50.02629400446746]}, "properties": {"image_id": "891921642181887", "Verkehrzeichen": "253", "instruction": "\n### Aufgabe: Verkehrszeichen **DE:253** pruefen und Access-Tag ergaenzen\nBitte schaue dir den Bereich rund um dieses erkannte Verkehrszeichen an. Vermutlich fehlt hier eine Zugangsbeschraenkung in OSM. Das naechste passende OSM-Segment ist mind. **30 Meter** entfernt.\n\n---\n\n### Bild und Karte\n\n- [Mapillary-Bild anzeigen](https://www.mapillary.com/app/?pKey=891921642181887&focus=photo&trafficSign[]=regulatory--road-closed-to-vehicles--g3&trafficSign[]=regulatory--no-motor-vehicles-except-motorcycles--g1&trafficSign[]=regulatory--no-heavy-goods-vehicles--g1&trafficSign[]=regulatory--no-bicycles--g1&trafficSign[]=regulatory--no-motorcycles--g1&trafficSign[]=regulatory--no-pedestrians--g1&trafficSign[]=regulatory--no-motor-vehicles--g1)\n(Hinweis: Die neueste Aufnahme hier ist von **2026-03-05**)\n\n\n---\n\n### Nuetzliche Links\n\n- [Traffic Sign Tool - DE:253](https://trafficsigns.osm-verkehrswende.org/DE?signs=DE:253)\n- [OSM-Wiki: access](https://wiki.openstreetmap.org/wiki/Key:access)\n- [OSM-Wiki: DE:access](https://wiki.openstreetmap.org/wiki/DE:Key:access)\n\n---\n\nTrage nur dann ein neues Tag ein, wenn die Beschraenkung vor Ort eindeutig erkennbar ist.\nAchte auf Zusatzzeichen, Anlieger frei, zeitliche Einschraenkungen und Fahrtrichtung.\n        "}, "id": "746983599655315"}, {"type": "Feature", "geometry": {"type": "Point", "coordinates": [8.394343257015898, 50.025746040402765]}, "properties": {"image_id": "3996664837290734", "Verkehrzeichen": "260", "instruction": "\n### Aufgabe: Verkehrszeichen **DE:260** pruefen und Access-Tag ergaenzen\nBitte schaue dir den Bereich rund um dieses erkannte Verkehrszeichen an. Vermutlich fehlt hier eine Zugangsbeschraenkung in OSM. Das naechste passende OSM-Segment ist mind. **30 Meter** entfernt.\n\n---\n\n### Bild und Karte\n\n- [Mapillary-Bild anzeigen](https://www.mapillary.com/app/?pKey=3996664837290734&focus=photo&trafficSign[]=regulatory--road-closed-to-vehicles--g3&trafficSign[]=regulatory--no-motor-vehicles-except-motorcycles--g1&trafficSign[]=regulatory--no-heavy-goods-vehicles--g1&trafficSign[]=regulatory--no-bicycles--g1&trafficSign[]=regulatory--no-motorcycles--g1&trafficSign[]=regulatory--no-pedestrians--g1&trafficSign[]=regulatory--no-motor-vehicles--g1)\n(Hinweis: Die neueste Aufnahme hier ist von **2026-03-05**)\n\n\n---\n\n### Nuetzliche Links\n\n- [Traffic Sign Tool - DE:260](https://trafficsigns.osm-verkehrswende.org/DE?signs=DE:260)\n- [OSM-Wiki: access](https://wiki.openstreetmap.org/wiki/Key:access)\n- [OSM-Wiki: DE:access](https://wiki.openstreetmap.org/wiki/DE:Key:access)\n\n---\n\nTrage nur dann ein neues Tag ein, wenn die Beschraenkung vor Ort eindeutig erkennbar ist.\nAchte auf Zusatzzeichen, Anlieger frei, zeitliche Einschraenkungen und Fahrtrichtung.\n        "}, "id": "959655154842266"}, {"type": "Feature", "geometry": {"type": "Point", "coordinates": [8.406574130123818, 50.02871324278016]}, "properties": {"image_id": "533102655134823", "Verkehrzeichen": "253", "instruction": "\n### Aufgabe: Verkehrszeichen **DE:253** pruefen und Access-Tag ergaenzen\nBitte schaue dir den Bereich rund um dieses erkannte Verkehrszeichen an. Vermutlich fehlt hier eine Zugangsbeschraenkung in OSM. Das naechste passende OSM-Segment ist mind. **30 Meter** entfernt.\n\n---\n\n### Bild und Karte\n\n- [Mapillary-Bild anzeigen](https://www.mapillary.com/app/?pKey=533102655134823&focus=photo&trafficSign[]=regulatory--road-closed-to-vehicles--g3&trafficSign[]=regulatory--no-motor-vehicles-except-motorcycles--g1&trafficSign[]=regulatory--no-heavy-goods-vehicles--g1&trafficSign[]=regulatory--no-bicycles--g1&trafficSign[]=regulatory--no-motorcycles--g1&trafficSign[]=regulatory--no-pedestrians--g1&trafficSign[]=regulatory--no-motor-vehicles--g1)\n(Hinweis: Die neueste Aufnahme hier ist von **2026-03-05**)\n\n\n---\n\n### Nuetzliche Links\n\n- [Traffic Sign Tool - DE:253](https://trafficsigns.osm-verkehrswende.org/DE?signs=DE:253)\n- [OSM-Wiki: access](https://wiki.openstreetmap.org/wiki/Key:access)\n- [OSM-Wiki: DE:access](https://wiki.openstreetmap.org/wiki/DE:Key:access)\n\n---\n\nTrage nur dann ein neues Tag ein, wenn die Beschraenkung vor Ort eindeutig erkennbar ist.\nAchte auf Zusatzzeichen, Anlieger frei, zeitliche Einschraenkungen und Fahrtrichtung.\n        "}, "id": "746983519655323"}, {"type": "Feature", "geometry": {"type": "Point", "coordinates": [8.410415053433143, 49.94882783584668]}, "properties": {"image_id": "373171781648468", "Verkehrzeichen": "260", "instruction": "\n### Aufgabe: Verkehrszeichen **DE:260** pruefen und Access-Tag ergaenzen\nBitte schaue dir den Bereich rund um dieses erkannte Verkehrszeichen an. Vermutlich fehlt hier eine Zugangsbeschraenkung in OSM. Das naechste passende OSM-Segment ist mind. **30 Meter** entfernt.\n\n---\n\n### Bild und Karte\n\n- [Mapillary-Bild anzeigen](https://www.mapillary.com/app/?pKey=373171781648468&focus=photo&trafficSign[]=regulatory--road-closed-to-vehicles--g3&trafficSign[]=regulatory--no-motor-vehicles-except-motorcycles--g1&trafficSign[]=regulatory--no-heavy-goods-vehicles--g1&trafficSign[]=regulatory--no-bicycles--g1&trafficSign[]=regulatory--no-motorcycles--g1&trafficSign[]=regulatory--no-pedestrians--g1&trafficSign[]=regulatory--no-motor-vehicles--g1)\n(Hinweis: Die neueste Aufnahme hier ist von **2025-09-12**)\n\n\n---\n\n### Nuetzliche Links\n\n- [Traffic Sign Tool - DE:260](https://trafficsigns.osm-verkehrswende.org/DE?signs=DE:260)\n- [OSM-Wiki: access](https://wiki.openstreetmap.org/wiki/Key:access)\n- [OSM-Wiki: DE:access](https://wiki.openstreetmap.org/wiki/DE:Key:access)\n\n---\n\nTrage nur dann ein neues Tag ein, wenn die Beschraenkung vor Ort eindeutig erkennbar ist.\nAchte auf Zusatzzeichen, Anlieger frei, zeitliche Einschraenkungen und Fahrtrichtung.\n        "}, "id": "1101475850787102"}, {"type": "Feature", "geometry": {"type": "Point", "coordinates": [8.40260446078177, 49.92520103211224]}, "properties": {"image_id": "1218973985172775", "Verkehrzeichen": "253", "instruction": "\n### Aufgabe: Verkehrszeichen **DE:253** pruefen und Access-Tag ergaenzen\nBitte schaue dir den Bereich rund um dieses erkannte Verkehrszeichen an. Vermutlich fehlt hier eine Zugangsbeschraenkung in OSM. Das naechste passende OSM-Segment ist mind. **30 Meter** entfernt.\n\n---\n\n### Bild und Karte\n\n- [Mapillary-Bild anzeigen](https://www.mapillary.com/app/?pKey=1218973985172775&focus=photo&trafficSign[]=regulatory--road-closed-to-vehicles--g3&trafficSign[]=regulatory--no-motor-vehicles-except-motorcycles--g1&trafficSign[]=regulatory--no-heavy-goods-vehicles--g1&trafficSign[]=regulatory--no-bicycles--g1&trafficSign[]=regulatory--no-motorcycles--g1&trafficSign[]=regulatory--no-pedestrians--g1&trafficSign[]=regulatory--no-motor-vehicles--g1)\n(Hinweis: Die neueste Aufnahme hier ist von **2026-01-02**)\n\n\n---\n\n### Nuetzliche Links\n\n- [Traffic Sign Tool - DE:253](https://trafficsigns.osm-verkehrswende.org/DE?signs=DE:253)\n- [OSM-Wiki: access](https://wiki.openstreetmap.org/wiki/Key:access)\n- [OSM-Wiki: DE:access](https://wiki.openstreetmap.org/wiki/DE:Key:access)\n\n---\n\nTrage nur dann ein neues Tag ein, wenn die Beschraenkung vor Ort eindeutig erkennbar ist.\nAchte auf Zusatzzeichen, Anlieger frei, zeitliche Einschraenkungen und Fahrtrichtung.\n        "}, "id": "3024438357832242"}, {"type": "Feature", "geometry": {"type": "Point", "coordinates": [8.40391874319907, 49.92732836781338]}, "properties": {"image_id": "582282169714965", "Verkehrzeichen": "253", "instruction": "\n### Aufgabe: Verkehrszeichen **DE:253** pruefen und Access-Tag ergaenzen\nBitte schaue dir den Bereich rund um dieses erkannte Verkehrszeichen an. Vermutlich fehlt hier eine Zugangsbeschraenkung in OSM. Das naechste passende OSM-Segment ist mind. **30 Meter** entfernt.\n\n---\n\n### Bild und Karte\n\n- [Mapillary-Bild anzeigen](https://www.mapillary.com/app/?pKey=582282169714965&focus=photo&trafficSign[]=regulatory--road-closed-to-vehicles--g3&trafficSign[]=regulatory--no-motor-vehicles-except-motorcycles--g1&trafficSign[]=regulatory--no-heavy-goods-vehicles--g1&trafficSign[]=regulatory--no-bicycles--g1&trafficSign[]=regulatory--no-motorcycles--g1&trafficSign[]=regulatory--no-pedestrians--g1&trafficSign[]=regulatory--no-motor-vehicles--g1)\n(Hinweis: Die neueste Aufnahme hier ist von **2026-01-02**)\n\n\n---\n\n### Nuetzliche Links\n\n- [Traffic Sign Tool - DE:253](https://trafficsigns.osm-verkehrswende.org/DE?signs=DE:253)\n- [OSM-Wiki: access](https://wiki.openstreetmap.org/wiki/Key:access)\n- [OSM-Wiki: DE:access](https://wiki.openstreetmap.org/wiki/DE:Key:access)\n\n---\n\nTrage nur dann ein neues Tag ein, wenn die Beschraenkung vor Ort eindeutig erkennbar ist.\nAchte auf Zusatzzeichen, Anlieger frei, zeitliche Einschraenkungen und Fahrtrichtung.\n        "}, "id": "419878682931131"}, {"type": "Feature", "geometry": {"type": "Point", "coordinates": [8.4256982804, 50.2515544745769]}, "properties": {"image_id": "143878694423783", "Verkehrzeichen": "250", "instruction": "\n### Aufgabe: Verkehrszeichen **DE:250** pruefen und Access-Tag ergaenzen\nBitte schaue dir den Bereich rund um dieses erkannte Verkehrszeichen an. Vermutlich fehlt hier eine Zugangsbeschraenkung in OSM. Das naechste passende OSM-Segment ist mind. **30 Meter** entfernt.\n\n---\n\n### Bild und Karte\n\n- [Mapillary-Bild anzeigen](https://www.mapillary.com/app/?pKey=143878694423783&focus=photo&trafficSign[]=regulatory--road-closed-to-vehicles--g3&trafficSign[]=regulatory--no-motor-vehicles-except-motorcycles--g1&trafficSign[]=regulatory--no-heavy-goods-vehicles--g1&trafficSign[]=regulatory--no-bicycles--g1&trafficSign[]=regulatory--no-motorcycles--g1&trafficSign[]=regulatory--no-pedestrians--g1&trafficSign[]=regulatory--no-motor-vehicles--g1)\n(Hinweis: Die neueste Aufnahme hier ist von **2025-07-25**)\n\n\n---\n\n### Nuetzliche Links\n\n- [Traffic Sign Tool - DE:250](https://trafficsigns.osm-verkehrswende.org/DE?signs=DE:250)\n- [OSM-Wiki: access](https://wiki.openstreetmap.org/wiki/Key:access)\n- [OSM-Wiki: DE:access](https://wiki.openstreetmap.org/wiki/DE:Key:access)\n\n---\n\nTrage nur dann ein neues Tag ein, wenn die Beschraenkung vor Ort eindeutig erkennbar ist.\nAchte auf Zusatzzeichen, Anlieger frei, zeitliche Einschraenkungen und Fahrtrichtung.\n        "}, "id": "759612494726961"}, {"type": "Feature", "geometry": {"type": "Point", "coordinates": [8.433503508633342, 50.05018467133274]}, "properties": {"image_id": "1974041063323340", "Verkehrzeichen": "253", "instruction": "\n### Aufgabe: Verkehrszeichen **DE:253** pruefen und Access-Tag ergaenzen\nBitte schaue dir den Bereich rund um dieses erkannte Verkehrszeichen an. Vermutlich fehlt hier eine Zugangsbeschraenkung in OSM. Das naechste passende OSM-Segment ist mind. **30 Meter** entfernt.\n\n---\n\n### Bild und Karte\n\n- [Mapillary-Bild anzeigen](https://www.mapillary.com/app/?pKey=1974041063323340&focus=photo&trafficSign[]=regulatory--road-closed-to-vehicles--g3&trafficSign[]=regulatory--no-motor-vehicles-except-motorcycles--g1&trafficSign[]=regulatory--no-heavy-goods-vehicles--g1&trafficSign[]=regulatory--no-bicycles--g1&trafficSign[]=regulatory--no-motorcycles--g1&trafficSign[]=regulatory--no-pedestrians--g1&trafficSign[]=regulatory--no-motor-vehicles--g1)\n(Hinweis: Die neueste Aufnahme hier ist von **2026-02-27**)\n\n\n---\n\n### Nuetzliche Links\n\n- [Traffic Sign Tool - DE:253](https://trafficsigns.osm-verkehrswende.org/DE?signs=DE:253)\n- [OSM-Wiki: access](https://wiki.openstreetmap.org/wiki/Key:access)\n- [OSM-Wiki: DE:access](https://wiki.openstreetmap.org/wiki/DE:Key:access)\n\n---\n\nTrage nur dann ein neues Tag ein, wenn die Beschraenkung vor Ort eindeutig erkennbar ist.\nAchte auf Zusatzzeichen, Anlieger frei, zeitliche Einschraenkungen und Fahrtrichtung.\n        "}, "id": "863923377495159"}, {"type": "Feature", "geometry": {"type": "Point", "coordinates": [8.430322408741674, 50.04241306796751]}, "properties": {"image_id": "4359647284352670", "Verkehrzeichen": "253", "instruction": "\n### Aufgabe: Verkehrszeichen **DE:253** pruefen und Access-Tag ergaenzen\nBitte schaue dir den Bereich rund um dieses erkannte Verkehrszeichen an. Vermutlich fehlt hier eine Zugangsbeschraenkung in OSM. Das naechste passende OSM-Segment ist mind. **30 Meter** entfernt.\n\n---\n\n### Bild und Karte\n\n- [Mapillary-Bild anzeigen](https://www.mapillary.com/app/?pKey=4359647284352670&focus=photo&trafficSign[]=regulatory--road-closed-to-vehicles--g3&trafficSign[]=regulatory--no-motor-vehicles-except-motorcycles--g1&trafficSign[]=regulatory--no-heavy-goods-vehicles--g1&trafficSign[]=regulatory--no-bicycles--g1&trafficSign[]=regulatory--no-motorcycles--g1&trafficSign[]=regulatory--no-pedestrians--g1&trafficSign[]=regulatory--no-motor-vehicles--g1)\n(Hinweis: Die neueste Aufnahme hier ist von **2026-03-06**)\n\n\n---\n\n### Nuetzliche Links\n\n- [Traffic Sign Tool - DE:253](https://trafficsigns.osm-verkehrswende.org/DE?signs=DE:253)\n- [OSM-Wiki: access](https://wiki.openstreetmap.org/wiki/Key:access)\n- [OSM-Wiki: DE:access](https://wiki.openstreetmap.org/wiki/DE:Key:access)\n\n---\n\nTrage nur dann ein neues Tag ein, wenn die Beschraenkung vor Ort eindeutig erkennbar ist.\nAchte auf Zusatzzeichen, Anlieger frei, zeitliche Einschraenkungen und Fahrtrichtung.\n        "}, "id": "144861421453937"}, {"type": "Feature", "geometry": {"type": "Point", "coordinates": [8.456602692669598, 50.28051977324838]}, "properties": {"image_id": "1058470919603065", "Verkehrzeichen": "253", "instruction": "\n### Aufgabe: Verkehrszeichen **DE:253** pruefen und Access-Tag ergaenzen\nBitte schaue dir den Bereich rund um dieses erkannte Verkehrszeichen an. Vermutlich fehlt hier eine Zugangsbeschraenkung in OSM. Das naechste passende OSM-Segment ist mind. **30 Meter** entfernt.\n\n---\n\n### Bild und Karte\n\n- [Mapillary-Bild anzeigen](https://www.mapillary.com/app/?pKey=1058470919603065&focus=photo&trafficSign[]=regulatory--road-closed-to-vehicles--g3&trafficSign[]=regulatory--no-motor-vehicles-except-motorcycles--g1&trafficSign[]=regulatory--no-heavy-goods-vehicles--g1&trafficSign[]=regulatory--no-bicycles--g1&trafficSign[]=regulatory--no-motorcycles--g1&trafficSign[]=regulatory--no-pedestrians--g1&trafficSign[]=regulatory--no-motor-vehicles--g1)\n(Hinweis: Die neueste Aufnahme hier ist von **2025-07-09**)\n\n\n---\n\n### Nuetzliche Links\n\n- [Traffic Sign Tool - DE:253](https://trafficsigns.osm-verkehrswende.org/DE?signs=DE:253)\n- [OSM-Wiki: access](https://wiki.openstreetmap.org/wiki/Key:access)\n- [OSM-Wiki: DE:access](https://wiki.openstreetmap.org/wiki/DE:Key:access)\n\n---\n\nTrage nur dann ein neues Tag ein, wenn die Beschraenkung vor Ort eindeutig erkennbar ist.\nAchte auf Zusatzzeichen, Anlieger frei, zeitliche Einschraenkungen und Fahrtrichtung.\n        "}, "id": "536489679001199"}, {"type": "Feature", "geometry": {"type": "Point", "coordinates": [8.451983928745957, 49.93688985853719]}, "properties": {"image_id": "292424385833181", "Verkehrzeichen": "260", "instruction": "\n### Aufgabe: Verkehrszeichen **DE:260** pruefen und Access-Tag ergaenzen\nBitte schaue dir den Bereich rund um dieses erkannte Verkehrszeichen an. Vermutlich fehlt hier eine Zugangsbeschraenkung in OSM. Das naechste passende OSM-Segment ist mind. **30 Meter** entfernt.\n\n---\n\n### Bild und Karte\n\n- [Mapillary-Bild anzeigen](https://www.mapillary.com/app/?pKey=292424385833181&focus=photo&trafficSign[]=regulatory--road-closed-to-vehicles--g3&trafficSign[]=regulatory--no-motor-vehicles-except-motorcycles--g1&trafficSign[]=regulatory--no-heavy-goods-vehicles--g1&trafficSign[]=regulatory--no-bicycles--g1&trafficSign[]=regulatory--no-motorcycles--g1&trafficSign[]=regulatory--no-pedestrians--g1&trafficSign[]=regulatory--no-motor-vehicles--g1)\n(Hinweis: Die neueste Aufnahme hier ist von **2025-07-12**)\n\n\n---\n\n### Nuetzliche Links\n\n- [Traffic Sign Tool - DE:260](https://trafficsigns.osm-verkehrswende.org/DE?signs=DE:260)\n- [OSM-Wiki: access](https://wiki.openstreetmap.org/wiki/Key:access)\n- [OSM-Wiki: DE:access](https://wiki.openstreetmap.org/wiki/DE:Key:access)\n\n---\n\nTrage nur dann ein neues Tag ein, wenn die Beschraenkung vor Ort eindeutig erkennbar ist.\nAchte auf Zusatzzeichen, Anlieger frei, zeitliche Einschraenkungen und Fahrtrichtung.\n        "}, "id": "4174362882608545"}, {"type": "Feature", "geometry": {"type": "Point", "coordinates": [8.458619713848805, 49.949473327517914]}, "properties": {"image_id": "496475621398448", "Verkehrzeichen": "260", "instruction": "\n### Aufgabe: Verkehrszeichen **DE:260** pruefen und Access-Tag ergaenzen\nBitte schaue dir den Bereich rund um dieses erkannte Verkehrszeichen an. Vermutlich fehlt hier eine Zugangsbeschraenkung in OSM. Das naechste passende OSM-Segment ist mind. **30 Meter** entfernt.\n\n---\n\n### Bild und Karte\n\n- [Mapillary-Bild anzeigen](https://www.mapillary.com/app/?pKey=496475621398448&focus=photo&trafficSign[]=regulatory--road-closed-to-vehicles--g3&trafficSign[]=regulatory--no-motor-vehicles-except-motorcycles--g1&trafficSign[]=regulatory--no-heavy-goods-vehicles--g1&trafficSign[]=regulatory--no-bicycles--g1&trafficSign[]=regulatory--no-motorcycles--g1&trafficSign[]=regulatory--no-pedestrians--g1&trafficSign[]=regulatory--no-motor-vehicles--g1)\n(Hinweis: Die neueste Aufnahme hier ist von **2025-09-12**)\n\n\n---\n\n### Nuetzliche Links\n\n- [Traffic Sign Tool - DE:260](https://trafficsigns.osm-verkehrswende.org/DE?signs=DE:260)\n- [OSM-Wiki: access](https://wiki.openstreetmap.org/wiki/Key:access)\n- [OSM-Wiki: DE:access](https://wiki.openstreetmap.org/wiki/DE:Key:access)\n\n---\n\nTrage nur dann ein neues Tag ein, wenn die Beschraenkung vor Ort eindeutig erkennbar ist.\nAchte auf Zusatzzeichen, Anlieger frei, zeitliche Einschraenkungen und Fahrtrichtung.\n        "}, "id": "495960641521715"}, {"type": "Feature", "geometry": {"type": "Point", "coordinates": [8.451216816967698, 49.93730072876988]}, "properties": {"image_id": "587724077163210", "Verkehrzeichen": "260", "instruction": "\n### Aufgabe: Verkehrszeichen **DE:260** pruefen und Access-Tag ergaenzen\nBitte schaue dir den Bereich rund um dieses erkannte Verkehrszeichen an. Vermutlich fehlt hier eine Zugangsbeschraenkung in OSM. Das naechste passende OSM-Segment ist mind. **30 Meter** entfernt.\n\n---\n\n### Bild und Karte\n\n- [Mapillary-Bild anzeigen](https://www.mapillary.com/app/?pKey=587724077163210&focus=photo&trafficSign[]=regulatory--road-closed-to-vehicles--g3&trafficSign[]=regulatory--no-motor-vehicles-except-motorcycles--g1&trafficSign[]=regulatory--no-heavy-goods-vehicles--g1&trafficSign[]=regulatory--no-bicycles--g1&trafficSign[]=regulatory--no-motorcycles--g1&trafficSign[]=regulatory--no-pedestrians--g1&trafficSign[]=regulatory--no-motor-vehicles--g1)\n(Hinweis: Die neueste Aufnahme hier ist von **2025-08-30**)\n\n\n---\n\n### Nuetzliche Links\n\n- [Traffic Sign Tool - DE:260](https://trafficsigns.osm-verkehrswende.org/DE?signs=DE:260)\n- [OSM-Wiki: access](https://wiki.openstreetmap.org/wiki/Key:access)\n- [OSM-Wiki: DE:access](https://wiki.openstreetmap.org/wiki/DE:Key:access)\n\n---\n\nTrage nur dann ein neues Tag ein, wenn die Beschraenkung vor Ort eindeutig erkennbar ist.\nAchte auf Zusatzzeichen, Anlieger frei, zeitliche Einschraenkungen und Fahrtrichtung.\n        "}, "id": "1079260549495622"}, {"type": "Feature", "geometry": {"type": "Point", "coordinates": [8.470399975842206, 50.1985058226954]}, "properties": {"image_id": "660772983210695", "Verkehrzeichen": "260", "instruction": "\n### Aufgabe: Verkehrszeichen **DE:260** pruefen und Access-Tag ergaenzen\nBitte schaue dir den Bereich rund um dieses erkannte Verkehrszeichen an. Vermutlich fehlt hier eine Zugangsbeschraenkung in OSM. Das naechste passende OSM-Segment ist mind. **30 Meter** entfernt.\n\n---\n\n### Bild und Karte\n\n- [Mapillary-Bild anzeigen](https://www.mapillary.com/app/?pKey=660772983210695&focus=photo&trafficSign[]=regulatory--road-closed-to-vehicles--g3&trafficSign[]=regulatory--no-motor-vehicles-except-motorcycles--g1&trafficSign[]=regulatory--no-heavy-goods-vehicles--g1&trafficSign[]=regulatory--no-bicycles--g1&trafficSign[]=regulatory--no-motorcycles--g1&trafficSign[]=regulatory--no-pedestrians--g1&trafficSign[]=regulatory--no-motor-vehicles--g1)\n(Hinweis: Die neueste Aufnahme hier ist von **2026-02-27**)\n\n\n---\n\n### Nuetzliche Links\n\n- [Traffic Sign Tool - DE:260](https://trafficsigns.osm-verkehrswende.org/DE?signs=DE:260)\n- [OSM-Wiki: access](https://wiki.openstreetmap.org/wiki/Key:access)\n- [OSM-Wiki: DE:access](https://wiki.openstreetmap.org/wiki/DE:Key:access)\n\n---\n\nTrage nur dann ein neues Tag ein, wenn die Beschraenkung vor Ort eindeutig erkennbar ist.\nAchte auf Zusatzzeichen, Anlieger frei, zeitliche Einschraenkungen und Fahrtrichtung.\n        "}, "id": "648288354856123"}, {"type": "Feature", "geometry": {"type": "Point", "coordinates": [8.461119532650681, 50.15656264003828]}, "properties": {"image_id": "473433677300508", "Verkehrzeichen": "253", "instruction": "\n### Aufgabe: Verkehrszeichen **DE:253** pruefen und Access-Tag ergaenzen\nBitte schaue dir den Bereich rund um dieses erkannte Verkehrszeichen an. Vermutlich fehlt hier eine Zugangsbeschraenkung in OSM. Das naechste passende OSM-Segment ist mind. **30 Meter** entfernt.\n\n---\n\n### Bild und Karte\n\n- [Mapillary-Bild anzeigen](https://www.mapillary.com/app/?pKey=473433677300508&focus=photo&trafficSign[]=regulatory--road-closed-to-vehicles--g3&trafficSign[]=regulatory--no-motor-vehicles-except-motorcycles--g1&trafficSign[]=regulatory--no-heavy-goods-vehicles--g1&trafficSign[]=regulatory--no-bicycles--g1&trafficSign[]=regulatory--no-motorcycles--g1&trafficSign[]=regulatory--no-pedestrians--g1&trafficSign[]=regulatory--no-motor-vehicles--g1)\n(Hinweis: Die neueste Aufnahme hier ist von **2025-11-17**)\n\n\n---\n\n### Nuetzliche Links\n\n- [Traffic Sign Tool - DE:253](https://trafficsigns.osm-verkehrswende.org/DE?signs=DE:253)\n- [OSM-Wiki: access](https://wiki.openstreetmap.org/wiki/Key:access)\n- [OSM-Wiki: DE:access](https://wiki.openstreetmap.org/wiki/DE:Key:access)\n\n---\n\nTrage nur dann ein neues Tag ein, wenn die Beschraenkung vor Ort eindeutig erkennbar ist.\nAchte auf Zusatzzeichen, Anlieger frei, zeitliche Einschraenkungen und Fahrtrichtung.\n        "}, "id": "972773913492539"}, {"type": "Feature", "geometry": {"type": "Point", "coordinates": [8.492340445584038, 50.15916433249218]}, "properties": {"image_id": "1417470783112614", "Verkehrzeichen": "250", "instruction": "\n### Aufgabe: Verkehrszeichen **DE:250** pruefen und Access-Tag ergaenzen\nBitte schaue dir den Bereich rund um dieses erkannte Verkehrszeichen an. Vermutlich fehlt hier eine Zugangsbeschraenkung in OSM. Das naechste passende OSM-Segment ist mind. **30 Meter** entfernt.\n\n---\n\n### Bild und Karte\n\n- [Mapillary-Bild anzeigen](https://www.mapillary.com/app/?pKey=1417470783112614&focus=photo&trafficSign[]=regulatory--road-closed-to-vehicles--g3&trafficSign[]=regulatory--no-motor-vehicles-except-motorcycles--g1&trafficSign[]=regulatory--no-heavy-goods-vehicles--g1&trafficSign[]=regulatory--no-bicycles--g1&trafficSign[]=regulatory--no-motorcycles--g1&trafficSign[]=regulatory--no-pedestrians--g1&trafficSign[]=regulatory--no-motor-vehicles--g1)\n(Hinweis: Die neueste Aufnahme hier ist von **2025-11-17**)\n\n\n---\n\n### Nuetzliche Links\n\n- [Traffic Sign Tool - DE:250](https://trafficsigns.osm-verkehrswende.org/DE?signs=DE:250)\n- [OSM-Wiki: access](https://wiki.openstreetmap.org/wiki/Key:access)\n- [OSM-Wiki: DE:access](https://wiki.openstreetmap.org/wiki/DE:Key:access)\n\n---\n\nTrage nur dann ein neues Tag ein, wenn die Beschraenkung vor Ort eindeutig erkennbar ist.\nAchte auf Zusatzzeichen, Anlieger frei, zeitliche Einschraenkungen und Fahrtrichtung.\n        "}, "id": "825019248447287"}, {"type": "Feature", "geometry": {"type": "Point", "coordinates": [8.491857647961355, 50.13202690963304]}, "properties": {"image_id": "1139666326536698", "Verkehrzeichen": "253", "instruction": "\n### Aufgabe: Verkehrszeichen **DE:253** pruefen und Access-Tag ergaenzen\nBitte schaue dir den Bereich rund um dieses erkannte Verkehrszeichen an. Vermutlich fehlt hier eine Zugangsbeschraenkung in OSM. Das naechste passende OSM-Segment ist mind. **30 Meter** entfernt.\n\n---\n\n### Bild und Karte\n\n- [Mapillary-Bild anzeigen](https://www.mapillary.com/app/?pKey=1139666326536698&focus=photo&trafficSign[]=regulatory--road-closed-to-vehicles--g3&trafficSign[]=regulatory--no-motor-vehicles-except-motorcycles--g1&trafficSign[]=regulatory--no-heavy-goods-vehicles--g1&trafficSign[]=regulatory--no-bicycles--g1&trafficSign[]=regulatory--no-motorcycles--g1&trafficSign[]=regulatory--no-pedestrians--g1&trafficSign[]=regulatory--no-motor-vehicles--g1)\n(Hinweis: Die neueste Aufnahme hier ist von **2025-11-13**)\n\n\n---\n\n### Nuetzliche Links\n\n- [Traffic Sign Tool - DE:253](https://trafficsigns.osm-verkehrswende.org/DE?signs=DE:253)\n- [OSM-Wiki: access](https://wiki.openstreetmap.org/wiki/Key:access)\n- [OSM-Wiki: DE:access](https://wiki.openstreetmap.org/wiki/DE:Key:access)\n\n---\n\nTrage nur dann ein neues Tag ein, wenn die Beschraenkung vor Ort eindeutig erkennbar ist.\nAchte auf Zusatzzeichen, Anlieger frei, zeitliche Einschraenkungen und Fahrtrichtung.\n        "}, "id": "510994579926187"}, {"type": "Feature", "geometry": {"type": "Point", "coordinates": [8.49563956267236, 50.04484871912065]}, "properties": {"image_id": "806232150953477", "Verkehrzeichen": "260", "instruction": "\n### Aufgabe: Verkehrszeichen **DE:260** pruefen und Access-Tag ergaenzen\nBitte schaue dir den Bereich rund um dieses erkannte Verkehrszeichen an. Vermutlich fehlt hier eine Zugangsbeschraenkung in OSM. Das naechste passende OSM-Segment ist mind. **30 Meter** entfernt.\n\n---\n\n### Bild und Karte\n\n- [Mapillary-Bild anzeigen](https://www.mapillary.com/app/?pKey=806232150953477&focus=photo&trafficSign[]=regulatory--road-closed-to-vehicles--g3&trafficSign[]=regulatory--no-motor-vehicles-except-motorcycles--g1&trafficSign[]=regulatory--no-heavy-goods-vehicles--g1&trafficSign[]=regulatory--no-bicycles--g1&trafficSign[]=regulatory--no-motorcycles--g1&trafficSign[]=regulatory--no-pedestrians--g1&trafficSign[]=regulatory--no-motor-vehicles--g1)\n(Hinweis: Die neueste Aufnahme hier ist von **2025-08-10**)\n\n\n---\n\n### Nuetzliche Links\n\n- [Traffic Sign Tool - DE:260](https://trafficsigns.osm-verkehrswende.org/DE?signs=DE:260)\n- [OSM-Wiki: access](https://wiki.openstreetmap.org/wiki/Key:access)\n- [OSM-Wiki: DE:access](https://wiki.openstreetmap.org/wiki/DE:Key:access)\n\n---\n\nTrage nur dann ein neues Tag ein, wenn die Beschraenkung vor Ort eindeutig erkennbar ist.\nAchte auf Zusatzzeichen, Anlieger frei, zeitliche Einschraenkungen und Fahrtrichtung.\n        "}, "id": "1964128183959401"}, {"type": "Feature", "geometry": {"type": "Point", "coordinates": [8.494142890042045, 49.93608882414445]}, "properties": {"image_id": "725090963533947", "Verkehrzeichen": "253", "instruction": "\n### Aufgabe: Verkehrszeichen **DE:253** pruefen und Access-Tag ergaenzen\nBitte schaue dir den Bereich rund um dieses erkannte Verkehrszeichen an. Vermutlich fehlt hier eine Zugangsbeschraenkung in OSM. Das naechste passende OSM-Segment ist mind. **30 Meter** entfernt.\n\n---\n\n### Bild und Karte\n\n- [Mapillary-Bild anzeigen](https://www.mapillary.com/app/?pKey=725090963533947&focus=photo&trafficSign[]=regulatory--road-closed-to-vehicles--g3&trafficSign[]=regulatory--no-motor-vehicles-except-motorcycles--g1&trafficSign[]=regulatory--no-heavy-goods-vehicles--g1&trafficSign[]=regulatory--no-bicycles--g1&trafficSign[]=regulatory--no-motorcycles--g1&trafficSign[]=regulatory--no-pedestrians--g1&trafficSign[]=regulatory--no-motor-vehicles--g1)\n(Hinweis: Die neueste Aufnahme hier ist von **2025-08-30**)\n\n\n---\n\n### Nuetzliche Links\n\n- [Traffic Sign Tool - DE:253](https://trafficsigns.osm-verkehrswende.org/DE?signs=DE:253)\n- [OSM-Wiki: access](https://wiki.openstreetmap.org/wiki/Key:access)\n- [OSM-Wiki: DE:access](https://wiki.openstreetmap.org/wiki/DE:Key:access)\n\n---\n\nTrage nur dann ein neues Tag ein, wenn die Beschraenkung vor Ort eindeutig erkennbar ist.\nAchte auf Zusatzzeichen, Anlieger frei, zeitliche Einschraenkungen und Fahrtrichtung.\n        "}, "id": "113349594408277"}, {"type": "Feature", "geometry": {"type": "Point", "coordinates": [8.483644723957758, 49.93089904167811]}, "properties": {"image_id": "117907474059967", "Verkehrzeichen": "253", "instruction": "\n### Aufgabe: Verkehrszeichen **DE:253** pruefen und Access-Tag ergaenzen\nBitte schaue dir den Bereich rund um dieses erkannte Verkehrszeichen an. Vermutlich fehlt hier eine Zugangsbeschraenkung in OSM. Das naechste passende OSM-Segment ist mind. **30 Meter** entfernt.\n\n---\n\n### Bild und Karte\n\n- [Mapillary-Bild anzeigen](https://www.mapillary.com/app/?pKey=117907474059967&focus=photo&trafficSign[]=regulatory--road-closed-to-vehicles--g3&trafficSign[]=regulatory--no-motor-vehicles-except-motorcycles--g1&trafficSign[]=regulatory--no-heavy-goods-vehicles--g1&trafficSign[]=regulatory--no-bicycles--g1&trafficSign[]=regulatory--no-motorcycles--g1&trafficSign[]=regulatory--no-pedestrians--g1&trafficSign[]=regulatory--no-motor-vehicles--g1)\n(Hinweis: Die neueste Aufnahme hier ist von **2025-08-30**)\n\n\n---\n\n### Nuetzliche Links\n\n- [Traffic Sign Tool - DE:253](https://trafficsigns.osm-verkehrswende.org/DE?signs=DE:253)\n- [OSM-Wiki: access](https://wiki.openstreetmap.org/wiki/Key:access)\n- [OSM-Wiki: DE:access](https://wiki.openstreetmap.org/wiki/DE:Key:access)\n\n---\n\nTrage nur dann ein neues Tag ein, wenn die Beschraenkung vor Ort eindeutig erkennbar ist.\nAchte auf Zusatzzeichen, Anlieger frei, zeitliche Einschraenkungen und Fahrtrichtung.\n        "}, "id": "425097392629733"}, {"type": "Feature", "geometry": {"type": "Point", "coordinates": [8.483414053982472, 49.93072638461835]}, "properties": {"image_id": "371720491390293", "Verkehrzeichen": "253", "instruction": "\n### Aufgabe: Verkehrszeichen **DE:253** pruefen und Access-Tag ergaenzen\nBitte schaue dir den Bereich rund um dieses erkannte Verkehrszeichen an. Vermutlich fehlt hier eine Zugangsbeschraenkung in OSM. Das naechste passende OSM-Segment ist mind. **30 Meter** entfernt.\n\n---\n\n### Bild und Karte\n\n- [Mapillary-Bild anzeigen](https://www.mapillary.com/app/?pKey=371720491390293&focus=photo&trafficSign[]=regulatory--road-closed-to-vehicles--g3&trafficSign[]=regulatory--no-motor-vehicles-except-motorcycles--g1&trafficSign[]=regulatory--no-heavy-goods-vehicles--g1&trafficSign[]=regulatory--no-bicycles--g1&trafficSign[]=regulatory--no-motorcycles--g1&trafficSign[]=regulatory--no-pedestrians--g1&trafficSign[]=regulatory--no-motor-vehicles--g1)\n(Hinweis: Die neueste Aufnahme hier ist von **2025-08-30**)\n\n\n---\n\n### Nuetzliche Links\n\n- [Traffic Sign Tool - DE:253](https://trafficsigns.osm-verkehrswende.org/DE?signs=DE:253)\n- [OSM-Wiki: access](https://wiki.openstreetmap.org/wiki/Key:access)\n- [OSM-Wiki: DE:access](https://wiki.openstreetmap.org/wiki/DE:Key:access)\n\n---\n\nTrage nur dann ein neues Tag ein, wenn die Beschraenkung vor Ort eindeutig erkennbar ist.\nAchte auf Zusatzzeichen, Anlieger frei, zeitliche Einschraenkungen und Fahrtrichtung.\n        "}, "id": "425097405963065"}, {"type": "Feature", "geometry": {"type": "Point", "coordinates": [8.493563532894832, 49.9355605484867]}, "properties": {"image_id": "335775981576692", "Verkehrzeichen": "253", "instruction": "\n### Aufgabe: Verkehrszeichen **DE:253** pruefen und Access-Tag ergaenzen\nBitte schaue dir den Bereich rund um dieses erkannte Verkehrszeichen an. Vermutlich fehlt hier eine Zugangsbeschraenkung in OSM. Das naechste passende OSM-Segment ist mind. **30 Meter** entfernt.\n\n---\n\n### Bild und Karte\n\n- [Mapillary-Bild anzeigen](https://www.mapillary.com/app/?pKey=335775981576692&focus=photo&trafficSign[]=regulatory--road-closed-to-vehicles--g3&trafficSign[]=regulatory--no-motor-vehicles-except-motorcycles--g1&trafficSign[]=regulatory--no-heavy-goods-vehicles--g1&trafficSign[]=regulatory--no-bicycles--g1&trafficSign[]=regulatory--no-motorcycles--g1&trafficSign[]=regulatory--no-pedestrians--g1&trafficSign[]=regulatory--no-motor-vehicles--g1)\n(Hinweis: Die neueste Aufnahme hier ist von **2025-08-30**)\n\n\n---\n\n### Nuetzliche Links\n\n- [Traffic Sign Tool - DE:253](https://trafficsigns.osm-verkehrswende.org/DE?signs=DE:253)\n- [OSM-Wiki: access](https://wiki.openstreetmap.org/wiki/Key:access)\n- [OSM-Wiki: DE:access](https://wiki.openstreetmap.org/wiki/DE:Key:access)\n\n---\n\nTrage nur dann ein neues Tag ein, wenn die Beschraenkung vor Ort eindeutig erkennbar ist.\nAchte auf Zusatzzeichen, Anlieger frei, zeitliche Einschraenkungen und Fahrtrichtung.\n        "}, "id": "963328697789204"}, {"type": "Feature", "geometry": {"type": "Point", "coordinates": [8.524628877705306, 50.9106168731097]}, "properties": {"image_id": "1842297306321646", "Verkehrzeichen": "250", "instruction": "\n### Aufgabe: Verkehrszeichen **DE:250** pruefen und Access-Tag ergaenzen\nBitte schaue dir den Bereich rund um dieses erkannte Verkehrszeichen an. Vermutlich fehlt hier eine Zugangsbeschraenkung in OSM. Das naechste passende OSM-Segment ist mind. **30 Meter** entfernt.\n\n---\n\n### Bild und Karte\n\n- [Mapillary-Bild anzeigen](https://www.mapillary.com/app/?pKey=1842297306321646&focus=photo&trafficSign[]=regulatory--road-closed-to-vehicles--g3&trafficSign[]=regulatory--no-motor-vehicles-except-motorcycles--g1&trafficSign[]=regulatory--no-heavy-goods-vehicles--g1&trafficSign[]=regulatory--no-bicycles--g1&trafficSign[]=regulatory--no-motorcycles--g1&trafficSign[]=regulatory--no-pedestrians--g1&trafficSign[]=regulatory--no-motor-vehicles--g1)\n(Hinweis: Die neueste Aufnahme hier ist von **2025-08-17**)\n\n\n---\n\n### Nuetzliche Links\n\n- [Traffic Sign Tool - DE:250](https://trafficsigns.osm-verkehrswende.org/DE?signs=DE:250)\n- [OSM-Wiki: access](https://wiki.openstreetmap.org/wiki/Key:access)\n- [OSM-Wiki: DE:access](https://wiki.openstreetmap.org/wiki/DE:Key:access)\n\n---\n\nTrage nur dann ein neues Tag ein, wenn die Beschraenkung vor Ort eindeutig erkennbar ist.\nAchte auf Zusatzzeichen, Anlieger frei, zeitliche Einschraenkungen und Fahrtrichtung.\n        "}, "id": "880193159790621"}, {"type": "Feature", "geometry": {"type": "Point", "coordinates": [8.521978855198604, 50.03889889804075]}, "properties": {"image_id": "833678127240265", "Verkehrzeichen": "250", "instruction": "\n### Aufgabe: Verkehrszeichen **DE:250** pruefen und Access-Tag ergaenzen\nBitte schaue dir den Bereich rund um dieses erkannte Verkehrszeichen an. Vermutlich fehlt hier eine Zugangsbeschraenkung in OSM. Das naechste passende OSM-Segment ist mind. **30 Meter** entfernt.\n\n---\n\n### Bild und Karte\n\n- [Mapillary-Bild anzeigen](https://www.mapillary.com/app/?pKey=833678127240265&focus=photo&trafficSign[]=regulatory--road-closed-to-vehicles--g3&trafficSign[]=regulatory--no-motor-vehicles-except-motorcycles--g1&trafficSign[]=regulatory--no-heavy-goods-vehicles--g1&trafficSign[]=regulatory--no-bicycles--g1&trafficSign[]=regulatory--no-motorcycles--g1&trafficSign[]=regulatory--no-pedestrians--g1&trafficSign[]=regulatory--no-motor-vehicles--g1)\n(Hinweis: Die neueste Aufnahme hier ist von **2025-08-17**)\n\n\n---\n\n### Nuetzliche Links\n\n- [Traffic Sign Tool - DE:250](https://trafficsigns.osm-verkehrswende.org/DE?signs=DE:250)\n- [OSM-Wiki: access](https://wiki.openstreetmap.org/wiki/Key:access)\n- [OSM-Wiki: DE:access](https://wiki.openstreetmap.org/wiki/DE:Key:access)\n\n---\n\nTrage nur dann ein neues Tag ein, wenn die Beschraenkung vor Ort eindeutig erkennbar ist.\nAchte auf Zusatzzeichen, Anlieger frei, zeitliche Einschraenkungen und Fahrtrichtung.\n        "}, "id": "307161067607076"}, {"type": "Feature", "geometry": {"type": "Point", "coordinates": [8.567335009640452, 50.120206627749326]}, "properties": {"image_id": "380519383197635", "Verkehrzeichen": "250", "instruction": "\n### Aufgabe: Verkehrszeichen **DE:250** pruefen und Access-Tag ergaenzen\nBitte schaue dir den Bereich rund um dieses erkannte Verkehrszeichen an. Vermutlich fehlt hier eine Zugangsbeschraenkung in OSM. Das naechste passende OSM-Segment ist mind. **30 Meter** entfernt.\n\n---\n\n### Bild und Karte\n\n- [Mapillary-Bild anzeigen](https://www.mapillary.com/app/?pKey=380519383197635&focus=photo&trafficSign[]=regulatory--road-closed-to-vehicles--g3&trafficSign[]=regulatory--no-motor-vehicles-except-motorcycles--g1&trafficSign[]=regulatory--no-heavy-goods-vehicles--g1&trafficSign[]=regulatory--no-bicycles--g1&trafficSign[]=regulatory--no-motorcycles--g1&trafficSign[]=regulatory--no-pedestrians--g1&trafficSign[]=regulatory--no-motor-vehicles--g1)\n(Hinweis: Die neueste Aufnahme hier ist von **2025-08-31**)\n\n\n---\n\n### Nuetzliche Links\n\n- [Traffic Sign Tool - DE:250](https://trafficsigns.osm-verkehrswende.org/DE?signs=DE:250)\n- [OSM-Wiki: access](https://wiki.openstreetmap.org/wiki/Key:access)\n- [OSM-Wiki: DE:access](https://wiki.openstreetmap.org/wiki/DE:Key:access)\n\n---\n\nTrage nur dann ein neues Tag ein, wenn die Beschraenkung vor Ort eindeutig erkennbar ist.\nAchte auf Zusatzzeichen, Anlieger frei, zeitliche Einschraenkungen und Fahrtrichtung.\n        "}, "id": "1213241392449379"}, {"type": "Feature", "geometry": {"type": "Point", "coordinates": [8.567989468640087, 50.007852786175704]}, "properties": {"image_id": "845799181811919", "Verkehrzeichen": "253", "instruction": "\n### Aufgabe: Verkehrszeichen **DE:253** pruefen und Access-Tag ergaenzen\nBitte schaue dir den Bereich rund um dieses erkannte Verkehrszeichen an. Vermutlich fehlt hier eine Zugangsbeschraenkung in OSM. Das naechste passende OSM-Segment ist mind. **30 Meter** entfernt.\n\n---\n\n### Bild und Karte\n\n- [Mapillary-Bild anzeigen](https://www.mapillary.com/app/?pKey=845799181811919&focus=photo&trafficSign[]=regulatory--road-closed-to-vehicles--g3&trafficSign[]=regulatory--no-motor-vehicles-except-motorcycles--g1&trafficSign[]=regulatory--no-heavy-goods-vehicles--g1&trafficSign[]=regulatory--no-bicycles--g1&trafficSign[]=regulatory--no-motorcycles--g1&trafficSign[]=regulatory--no-pedestrians--g1&trafficSign[]=regulatory--no-motor-vehicles--g1)\n(Hinweis: Die neueste Aufnahme hier ist von **2025-11-12**)\n\n\n---\n\n### Nuetzliche Links\n\n- [Traffic Sign Tool - DE:253](https://trafficsigns.osm-verkehrswende.org/DE?signs=DE:253)\n- [OSM-Wiki: access](https://wiki.openstreetmap.org/wiki/Key:access)\n- [OSM-Wiki: DE:access](https://wiki.openstreetmap.org/wiki/DE:Key:access)\n\n---\n\nTrage nur dann ein neues Tag ein, wenn die Beschraenkung vor Ort eindeutig erkennbar ist.\nAchte auf Zusatzzeichen, Anlieger frei, zeitliche Einschraenkungen und Fahrtrichtung.\n        "}, "id": "798936237714377"}, {"type": "Feature", "geometry": {"type": "Point", "coordinates": [8.56758713728785, 50.007873471880416]}, "properties": {"image_id": "1265047501309979", "Verkehrzeichen": "253", "instruction": "\n### Aufgabe: Verkehrszeichen **DE:253** pruefen und Access-Tag ergaenzen\nBitte schaue dir den Bereich rund um dieses erkannte Verkehrszeichen an. Vermutlich fehlt hier eine Zugangsbeschraenkung in OSM. Das naechste passende OSM-Segment ist mind. **30 Meter** entfernt.\n\n---\n\n### Bild und Karte\n\n- [Mapillary-Bild anzeigen](https://www.mapillary.com/app/?pKey=1265047501309979&focus=photo&trafficSign[]=regulatory--road-closed-to-vehicles--g3&trafficSign[]=regulatory--no-motor-vehicles-except-motorcycles--g1&trafficSign[]=regulatory--no-heavy-goods-vehicles--g1&trafficSign[]=regulatory--no-bicycles--g1&trafficSign[]=regulatory--no-motorcycles--g1&trafficSign[]=regulatory--no-pedestrians--g1&trafficSign[]=regulatory--no-motor-vehicles--g1)\n(Hinweis: Die neueste Aufnahme hier ist von **2025-08-30**)\n\n\n---\n\n### Nuetzliche Links\n\n- [Traffic Sign Tool - DE:253](https://trafficsigns.osm-verkehrswende.org/DE?signs=DE:253)\n- [OSM-Wiki: access](https://wiki.openstreetmap.org/wiki/Key:access)\n- [OSM-Wiki: DE:access](https://wiki.openstreetmap.org/wiki/DE:Key:access)\n\n---\n\nTrage nur dann ein neues Tag ein, wenn die Beschraenkung vor Ort eindeutig erkennbar ist.\nAchte auf Zusatzzeichen, Anlieger frei, zeitliche Einschraenkungen und Fahrtrichtung.\n        "}, "id": "801486662175732"}, {"type": "Feature", "geometry": {"type": "Point", "coordinates": [8.567463755673167, 50.00800103352929]}, "properties": {"image_id": "1945497399621627", "Verkehrzeichen": "253", "instruction": "\n### Aufgabe: Verkehrszeichen **DE:253** pruefen und Access-Tag ergaenzen\nBitte schaue dir den Bereich rund um dieses erkannte Verkehrszeichen an. Vermutlich fehlt hier eine Zugangsbeschraenkung in OSM. Das naechste passende OSM-Segment ist mind. **30 Meter** entfernt.\n\n---\n\n### Bild und Karte\n\n- [Mapillary-Bild anzeigen](https://www.mapillary.com/app/?pKey=1945497399621627&focus=photo&trafficSign[]=regulatory--road-closed-to-vehicles--g3&trafficSign[]=regulatory--no-motor-vehicles-except-motorcycles--g1&trafficSign[]=regulatory--no-heavy-goods-vehicles--g1&trafficSign[]=regulatory--no-bicycles--g1&trafficSign[]=regulatory--no-motorcycles--g1&trafficSign[]=regulatory--no-pedestrians--g1&trafficSign[]=regulatory--no-motor-vehicles--g1)\n(Hinweis: Die neueste Aufnahme hier ist von **2025-08-13**)\n\n\n---\n\n### Nuetzliche Links\n\n- [Traffic Sign Tool - DE:253](https://trafficsigns.osm-verkehrswende.org/DE?signs=DE:253)\n- [OSM-Wiki: access](https://wiki.openstreetmap.org/wiki/Key:access)\n- [OSM-Wiki: DE:access](https://wiki.openstreetmap.org/wiki/DE:Key:access)\n\n---\n\nTrage nur dann ein neues Tag ein, wenn die Beschraenkung vor Ort eindeutig erkennbar ist.\nAchte auf Zusatzzeichen, Anlieger frei, zeitliche Einschraenkungen und Fahrtrichtung.\n        "}, "id": "4384115084965093"}, {"type": "Feature", "geometry": {"type": "Point", "coordinates": [8.549793362683053, 49.964772743904156]}, "properties": {"image_id": "641516885656183", "Verkehrzeichen": "253", "instruction": "\n### Aufgabe: Verkehrszeichen **DE:253** pruefen und Access-Tag ergaenzen\nBitte schaue dir den Bereich rund um dieses erkannte Verkehrszeichen an. Vermutlich fehlt hier eine Zugangsbeschraenkung in OSM. Das naechste passende OSM-Segment ist mind. **30 Meter** entfernt.\n\n---\n\n### Bild und Karte\n\n- [Mapillary-Bild anzeigen](https://www.mapillary.com/app/?pKey=641516885656183&focus=photo&trafficSign[]=regulatory--road-closed-to-vehicles--g3&trafficSign[]=regulatory--no-motor-vehicles-except-motorcycles--g1&trafficSign[]=regulatory--no-heavy-goods-vehicles--g1&trafficSign[]=regulatory--no-bicycles--g1&trafficSign[]=regulatory--no-motorcycles--g1&trafficSign[]=regulatory--no-pedestrians--g1&trafficSign[]=regulatory--no-motor-vehicles--g1)\n(Hinweis: Die neueste Aufnahme hier ist von **2025-12-17**)\n\n\n---\n\n### Nuetzliche Links\n\n- [Traffic Sign Tool - DE:253](https://trafficsigns.osm-verkehrswende.org/DE?signs=DE:253)\n- [OSM-Wiki: access](https://wiki.openstreetmap.org/wiki/Key:access)\n- [OSM-Wiki: DE:access](https://wiki.openstreetmap.org/wiki/DE:Key:access)\n\n---\n\nTrage nur dann ein neues Tag ein, wenn die Beschraenkung vor Ort eindeutig erkennbar ist.\nAchte auf Zusatzzeichen, Anlieger frei, zeitliche Einschraenkungen und Fahrtrichtung.\n        "}, "id": "3411225792529912"}, {"type": "Feature", "geometry": {"type": "Point", "coordinates": [8.548870682781926, 49.97285362218034]}, "properties": {"image_id": "8238632209557809", "Verkehrzeichen": "253", "instruction": "\n### Aufgabe: Verkehrszeichen **DE:253** pruefen und Access-Tag ergaenzen\nBitte schaue dir den Bereich rund um dieses erkannte Verkehrszeichen an. Vermutlich fehlt hier eine Zugangsbeschraenkung in OSM. Das naechste passende OSM-Segment ist mind. **30 Meter** entfernt.\n\n---\n\n### Bild und Karte\n\n- [Mapillary-Bild anzeigen](https://www.mapillary.com/app/?pKey=8238632209557809&focus=photo&trafficSign[]=regulatory--road-closed-to-vehicles--g3&trafficSign[]=regulatory--no-motor-vehicles-except-motorcycles--g1&trafficSign[]=regulatory--no-heavy-goods-vehicles--g1&trafficSign[]=regulatory--no-bicycles--g1&trafficSign[]=regulatory--no-motorcycles--g1&trafficSign[]=regulatory--no-pedestrians--g1&trafficSign[]=regulatory--no-motor-vehicles--g1)\n(Hinweis: Die neueste Aufnahme hier ist von **2025-08-30**)\n\n\n---\n\n### Nuetzliche Links\n\n- [Traffic Sign Tool - DE:253](https://trafficsigns.osm-verkehrswende.org/DE?signs=DE:253)\n- [OSM-Wiki: access](https://wiki.openstreetmap.org/wiki/Key:access)\n- [OSM-Wiki: DE:access](https://wiki.openstreetmap.org/wiki/DE:Key:access)\n\n---\n\nTrage nur dann ein neues Tag ein, wenn die Beschraenkung vor Ort eindeutig erkennbar ist.\nAchte auf Zusatzzeichen, Anlieger frei, zeitliche Einschraenkungen und Fahrtrichtung.\n        "}, "id": "1273493614016674"}, {"type": "Feature", "geometry": {"type": "Point", "coordinates": [8.574292659825081, 50.171201760764646]}, "properties": {"image_id": "669876838882516", "Verkehrzeichen": "250", "instruction": "\n### Aufgabe: Verkehrszeichen **DE:250** pruefen und Access-Tag ergaenzen\nBitte schaue dir den Bereich rund um dieses erkannte Verkehrszeichen an. Vermutlich fehlt hier eine Zugangsbeschraenkung in OSM. Das naechste passende OSM-Segment ist mind. **30 Meter** entfernt.\n\n---\n\n### Bild und Karte\n\n- [Mapillary-Bild anzeigen](https://www.mapillary.com/app/?pKey=669876838882516&focus=photo&trafficSign[]=regulatory--road-closed-to-vehicles--g3&trafficSign[]=regulatory--no-motor-vehicles-except-motorcycles--g1&trafficSign[]=regulatory--no-heavy-goods-vehicles--g1&trafficSign[]=regulatory--no-bicycles--g1&trafficSign[]=regulatory--no-motorcycles--g1&trafficSign[]=regulatory--no-pedestrians--g1&trafficSign[]=regulatory--no-motor-vehicles--g1)\n(Hinweis: Die neueste Aufnahme hier ist von **2026-01-23**)\n\n\n---\n\n### Nuetzliche Links\n\n- [Traffic Sign Tool - DE:250](https://trafficsigns.osm-verkehrswende.org/DE?signs=DE:250)\n- [OSM-Wiki: access](https://wiki.openstreetmap.org/wiki/Key:access)\n- [OSM-Wiki: DE:access](https://wiki.openstreetmap.org/wiki/DE:Key:access)\n\n---\n\nTrage nur dann ein neues Tag ein, wenn die Beschraenkung vor Ort eindeutig erkennbar ist.\nAchte auf Zusatzzeichen, Anlieger frei, zeitliche Einschraenkungen und Fahrtrichtung.\n        "}, "id": "1422433892256185"}, {"type": "Feature", "geometry": {"type": "Point", "coordinates": [8.569480776852359, 50.192011831740984]}, "properties": {"image_id": "1707130879467362", "Verkehrzeichen": "253", "instruction": "\n### Aufgabe: Verkehrszeichen **DE:253** pruefen und Access-Tag ergaenzen\nBitte schaue dir den Bereich rund um dieses erkannte Verkehrszeichen an. Vermutlich fehlt hier eine Zugangsbeschraenkung in OSM. Das naechste passende OSM-Segment ist mind. **30 Meter** entfernt.\n\n---\n\n### Bild und Karte\n\n- [Mapillary-Bild anzeigen](https://www.mapillary.com/app/?pKey=1707130879467362&focus=photo&trafficSign[]=regulatory--road-closed-to-vehicles--g3&trafficSign[]=regulatory--no-motor-vehicles-except-motorcycles--g1&trafficSign[]=regulatory--no-heavy-goods-vehicles--g1&trafficSign[]=regulatory--no-bicycles--g1&trafficSign[]=regulatory--no-motorcycles--g1&trafficSign[]=regulatory--no-pedestrians--g1&trafficSign[]=regulatory--no-motor-vehicles--g1)\n(Hinweis: Die neueste Aufnahme hier ist von **2026-01-17**)\n\n\n---\n\n### Nuetzliche Links\n\n- [Traffic Sign Tool - DE:253](https://trafficsigns.osm-verkehrswende.org/DE?signs=DE:253)\n- [OSM-Wiki: access](https://wiki.openstreetmap.org/wiki/Key:access)\n- [OSM-Wiki: DE:access](https://wiki.openstreetmap.org/wiki/DE:Key:access)\n\n---\n\nTrage nur dann ein neues Tag ein, wenn die Beschraenkung vor Ort eindeutig erkennbar ist.\nAchte auf Zusatzzeichen, Anlieger frei, zeitliche Einschraenkungen und Fahrtrichtung.\n        "}, "id": "837817670420544"}, {"type": "Feature", "geometry": {"type": "Point", "coordinates": [8.5745662451446, 50.123811142923856]}, "properties": {"image_id": "31301858829459107", "Verkehrzeichen": "250", "instruction": "\n### Aufgabe: Verkehrszeichen **DE:250** pruefen und Access-Tag ergaenzen\nBitte schaue dir den Bereich rund um dieses erkannte Verkehrszeichen an. Vermutlich fehlt hier eine Zugangsbeschraenkung in OSM. Das naechste passende OSM-Segment ist mind. **30 Meter** entfernt.\n\n---\n\n### Bild und Karte\n\n- [Mapillary-Bild anzeigen](https://www.mapillary.com/app/?pKey=31301858829459107&focus=photo&trafficSign[]=regulatory--road-closed-to-vehicles--g3&trafficSign[]=regulatory--no-motor-vehicles-except-motorcycles--g1&trafficSign[]=regulatory--no-heavy-goods-vehicles--g1&trafficSign[]=regulatory--no-bicycles--g1&trafficSign[]=regulatory--no-motorcycles--g1&trafficSign[]=regulatory--no-pedestrians--g1&trafficSign[]=regulatory--no-motor-vehicles--g1)\n(Hinweis: Die neueste Aufnahme hier ist von **2025-08-31**)\n\n\n---\n\n### Nuetzliche Links\n\n- [Traffic Sign Tool - DE:250](https://trafficsigns.osm-verkehrswende.org/DE?signs=DE:250)\n- [OSM-Wiki: access](https://wiki.openstreetmap.org/wiki/Key:access)\n- [OSM-Wiki: DE:access](https://wiki.openstreetmap.org/wiki/DE:Key:access)\n\n---\n\nTrage nur dann ein neues Tag ein, wenn die Beschraenkung vor Ort eindeutig erkennbar ist.\nAchte auf Zusatzzeichen, Anlieger frei, zeitliche Einschraenkungen und Fahrtrichtung.\n        "}, "id": "544035417680910"}, {"type": "Feature", "geometry": {"type": "Point", "coordinates": [8.581743836468455, 50.006794355737235]}, "properties": {"image_id": "1083358637306947", "Verkehrzeichen": "260", "instruction": "\n### Aufgabe: Verkehrszeichen **DE:260** pruefen und Access-Tag ergaenzen\nBitte schaue dir den Bereich rund um dieses erkannte Verkehrszeichen an. Vermutlich fehlt hier eine Zugangsbeschraenkung in OSM. Das naechste passende OSM-Segment ist mind. **30 Meter** entfernt.\n\n---\n\n### Bild und Karte\n\n- [Mapillary-Bild anzeigen](https://www.mapillary.com/app/?pKey=1083358637306947&focus=photo&trafficSign[]=regulatory--road-closed-to-vehicles--g3&trafficSign[]=regulatory--no-motor-vehicles-except-motorcycles--g1&trafficSign[]=regulatory--no-heavy-goods-vehicles--g1&trafficSign[]=regulatory--no-bicycles--g1&trafficSign[]=regulatory--no-motorcycles--g1&trafficSign[]=regulatory--no-pedestrians--g1&trafficSign[]=regulatory--no-motor-vehicles--g1)\n(Hinweis: Die neueste Aufnahme hier ist von **2025-08-28**)\n\n\n---\n\n### Nuetzliche Links\n\n- [Traffic Sign Tool - DE:260](https://trafficsigns.osm-verkehrswende.org/DE?signs=DE:260)\n- [OSM-Wiki: access](https://wiki.openstreetmap.org/wiki/Key:access)\n- [OSM-Wiki: DE:access](https://wiki.openstreetmap.org/wiki/DE:Key:access)\n\n---\n\nTrage nur dann ein neues Tag ein, wenn die Beschraenkung vor Ort eindeutig erkennbar ist.\nAchte auf Zusatzzeichen, Anlieger frei, zeitliche Einschraenkungen und Fahrtrichtung.\n        "}, "id": "1251339766053582"}, {"type": "Feature", "geometry": {"type": "Point", "coordinates": [8.581491708821058, 49.85454162148909]}, "properties": {"image_id": "1305075984649743", "Verkehrzeichen": "260", "instruction": "\n### Aufgabe: Verkehrszeichen **DE:260** pruefen und Access-Tag ergaenzen\nBitte schaue dir den Bereich rund um dieses erkannte Verkehrszeichen an. Vermutlich fehlt hier eine Zugangsbeschraenkung in OSM. Das naechste passende OSM-Segment ist mind. **30 Meter** entfernt.\n\n---\n\n### Bild und Karte\n\n- [Mapillary-Bild anzeigen](https://www.mapillary.com/app/?pKey=1305075984649743&focus=photo&trafficSign[]=regulatory--road-closed-to-vehicles--g3&trafficSign[]=regulatory--no-motor-vehicles-except-motorcycles--g1&trafficSign[]=regulatory--no-heavy-goods-vehicles--g1&trafficSign[]=regulatory--no-bicycles--g1&trafficSign[]=regulatory--no-motorcycles--g1&trafficSign[]=regulatory--no-pedestrians--g1&trafficSign[]=regulatory--no-motor-vehicles--g1)\n(Hinweis: Die neueste Aufnahme hier ist von **2025-09-14**)\n\n\n---\n\n### Nuetzliche Links\n\n- [Traffic Sign Tool - DE:260](https://trafficsigns.osm-verkehrswende.org/DE?signs=DE:260)\n- [OSM-Wiki: access](https://wiki.openstreetmap.org/wiki/Key:access)\n- [OSM-Wiki: DE:access](https://wiki.openstreetmap.org/wiki/DE:Key:access)\n\n---\n\nTrage nur dann ein neues Tag ein, wenn die Beschraenkung vor Ort eindeutig erkennbar ist.\nAchte auf Zusatzzeichen, Anlieger frei, zeitliche Einschraenkungen und Fahrtrichtung.\n        "}, "id": "887852456102322"}, {"type": "Feature", "geometry": {"type": "Point", "coordinates": [8.605282902783154, 50.180855628159186]}, "properties": {"image_id": "1401152331174651", "Verkehrzeichen": "253", "instruction": "\n### Aufgabe: Verkehrszeichen **DE:253** pruefen und Access-Tag ergaenzen\nBitte schaue dir den Bereich rund um dieses erkannte Verkehrszeichen an. Vermutlich fehlt hier eine Zugangsbeschraenkung in OSM. Das naechste passende OSM-Segment ist mind. **30 Meter** entfernt.\n\n---\n\n### Bild und Karte\n\n- [Mapillary-Bild anzeigen](https://www.mapillary.com/app/?pKey=1401152331174651&focus=photo&trafficSign[]=regulatory--road-closed-to-vehicles--g3&trafficSign[]=regulatory--no-motor-vehicles-except-motorcycles--g1&trafficSign[]=regulatory--no-heavy-goods-vehicles--g1&trafficSign[]=regulatory--no-bicycles--g1&trafficSign[]=regulatory--no-motorcycles--g1&trafficSign[]=regulatory--no-pedestrians--g1&trafficSign[]=regulatory--no-motor-vehicles--g1)\n(Hinweis: Die neueste Aufnahme hier ist von **2026-01-23**)\n\n\n---\n\n### Nuetzliche Links\n\n- [Traffic Sign Tool - DE:253](https://trafficsigns.osm-verkehrswende.org/DE?signs=DE:253)\n- [OSM-Wiki: access](https://wiki.openstreetmap.org/wiki/Key:access)\n- [OSM-Wiki: DE:access](https://wiki.openstreetmap.org/wiki/DE:Key:access)\n\n---\n\nTrage nur dann ein neues Tag ein, wenn die Beschraenkung vor Ort eindeutig erkennbar ist.\nAchte auf Zusatzzeichen, Anlieger frei, zeitliche Einschraenkungen und Fahrtrichtung.\n        "}, "id": "2613733395587578"}, {"type": "Feature", "geometry": {"type": "Point", "coordinates": [8.609472513264423, 49.7595997969354]}, "properties": {"image_id": "450083772752091", "Verkehrzeichen": "260", "instruction": "\n### Aufgabe: Verkehrszeichen **DE:260** pruefen und Access-Tag ergaenzen\nBitte schaue dir den Bereich rund um dieses erkannte Verkehrszeichen an. Vermutlich fehlt hier eine Zugangsbeschraenkung in OSM. Das naechste passende OSM-Segment ist mind. **30 Meter** entfernt.\n\n---\n\n### Bild und Karte\n\n- [Mapillary-Bild anzeigen](https://www.mapillary.com/app/?pKey=450083772752091&focus=photo&trafficSign[]=regulatory--road-closed-to-vehicles--g3&trafficSign[]=regulatory--no-motor-vehicles-except-motorcycles--g1&trafficSign[]=regulatory--no-heavy-goods-vehicles--g1&trafficSign[]=regulatory--no-bicycles--g1&trafficSign[]=regulatory--no-motorcycles--g1&trafficSign[]=regulatory--no-pedestrians--g1&trafficSign[]=regulatory--no-motor-vehicles--g1)\n(Hinweis: Die neueste Aufnahme hier ist von **2025-08-17**)\n\n\n---\n\n### Nuetzliche Links\n\n- [Traffic Sign Tool - DE:260](https://trafficsigns.osm-verkehrswende.org/DE?signs=DE:260)\n- [OSM-Wiki: access](https://wiki.openstreetmap.org/wiki/Key:access)\n- [OSM-Wiki: DE:access](https://wiki.openstreetmap.org/wiki/DE:Key:access)\n\n---\n\nTrage nur dann ein neues Tag ein, wenn die Beschraenkung vor Ort eindeutig erkennbar ist.\nAchte auf Zusatzzeichen, Anlieger frei, zeitliche Einschraenkungen und Fahrtrichtung.\n        "}, "id": "132172748932014"}, {"type": "Feature", "geometry": {"type": "Point", "coordinates": [8.61833989626766, 50.148983587675566]}, "properties": {"image_id": "3215830025354859", "Verkehrzeichen": "253", "instruction": "\n### Aufgabe: Verkehrszeichen **DE:253** pruefen und Access-Tag ergaenzen\nBitte schaue dir den Bereich rund um dieses erkannte Verkehrszeichen an. Vermutlich fehlt hier eine Zugangsbeschraenkung in OSM. Das naechste passende OSM-Segment ist mind. **30 Meter** entfernt.\n\n---\n\n### Bild und Karte\n\n- [Mapillary-Bild anzeigen](https://www.mapillary.com/app/?pKey=3215830025354859&focus=photo&trafficSign[]=regulatory--road-closed-to-vehicles--g3&trafficSign[]=regulatory--no-motor-vehicles-except-motorcycles--g1&trafficSign[]=regulatory--no-heavy-goods-vehicles--g1&trafficSign[]=regulatory--no-bicycles--g1&trafficSign[]=regulatory--no-motorcycles--g1&trafficSign[]=regulatory--no-pedestrians--g1&trafficSign[]=regulatory--no-motor-vehicles--g1)\n(Hinweis: Die neueste Aufnahme hier ist von **2025-08-05**)\n\n\n---\n\n### Nuetzliche Links\n\n- [Traffic Sign Tool - DE:253](https://trafficsigns.osm-verkehrswende.org/DE?signs=DE:253)\n- [OSM-Wiki: access](https://wiki.openstreetmap.org/wiki/Key:access)\n- [OSM-Wiki: DE:access](https://wiki.openstreetmap.org/wiki/DE:Key:access)\n\n---\n\nTrage nur dann ein neues Tag ein, wenn die Beschraenkung vor Ort eindeutig erkennbar ist.\nAchte auf Zusatzzeichen, Anlieger frei, zeitliche Einschraenkungen und Fahrtrichtung.\n        "}, "id": "141961874977249"}, {"type": "Feature", "geometry": {"type": "Point", "coordinates": [8.62459480769039, 50.10295416486317]}, "properties": {"image_id": "1462711834648981", "Verkehrzeichen": "250", "instruction": "\n### Aufgabe: Verkehrszeichen **DE:250** pruefen und Access-Tag ergaenzen\nBitte schaue dir den Bereich rund um dieses erkannte Verkehrszeichen an. Vermutlich fehlt hier eine Zugangsbeschraenkung in OSM. Das naechste passende OSM-Segment ist mind. **30 Meter** entfernt.\n\n---\n\n### Bild und Karte\n\n- [Mapillary-Bild anzeigen](https://www.mapillary.com/app/?pKey=1462711834648981&focus=photo&trafficSign[]=regulatory--road-closed-to-vehicles--g3&trafficSign[]=regulatory--no-motor-vehicles-except-motorcycles--g1&trafficSign[]=regulatory--no-heavy-goods-vehicles--g1&trafficSign[]=regulatory--no-bicycles--g1&trafficSign[]=regulatory--no-motorcycles--g1&trafficSign[]=regulatory--no-pedestrians--g1&trafficSign[]=regulatory--no-motor-vehicles--g1)\n(Hinweis: Die neueste Aufnahme hier ist von **2025-07-27**)\n\n\n---\n\n### Nuetzliche Links\n\n- [Traffic Sign Tool - DE:250](https://trafficsigns.osm-verkehrswende.org/DE?signs=DE:250)\n- [OSM-Wiki: access](https://wiki.openstreetmap.org/wiki/Key:access)\n- [OSM-Wiki: DE:access](https://wiki.openstreetmap.org/wiki/DE:Key:access)\n\n---\n\nTrage nur dann ein neues Tag ein, wenn die Beschraenkung vor Ort eindeutig erkennbar ist.\nAchte auf Zusatzzeichen, Anlieger frei, zeitliche Einschraenkungen und Fahrtrichtung.\n        "}, "id": "1103155397794965"}, {"type": "Feature", "geometry": {"type": "Point", "coordinates": [8.61952543265224, 50.033168871354]}, "properties": {"image_id": "1303547421423261", "Verkehrzeichen": "253", "instruction": "\n### Aufgabe: Verkehrszeichen **DE:253** pruefen und Access-Tag ergaenzen\nBitte schaue dir den Bereich rund um dieses erkannte Verkehrszeichen an. Vermutlich fehlt hier eine Zugangsbeschraenkung in OSM. Das naechste passende OSM-Segment ist mind. **30 Meter** entfernt.\n\n---\n\n### Bild und Karte\n\n- [Mapillary-Bild anzeigen](https://www.mapillary.com/app/?pKey=1303547421423261&focus=photo&trafficSign[]=regulatory--road-closed-to-vehicles--g3&trafficSign[]=regulatory--no-motor-vehicles-except-motorcycles--g1&trafficSign[]=regulatory--no-heavy-goods-vehicles--g1&trafficSign[]=regulatory--no-bicycles--g1&trafficSign[]=regulatory--no-motorcycles--g1&trafficSign[]=regulatory--no-pedestrians--g1&trafficSign[]=regulatory--no-motor-vehicles--g1)\n(Hinweis: Die neueste Aufnahme hier ist von **2025-09-05**)\n\n\n---\n\n### Nuetzliche Links\n\n- [Traffic Sign Tool - DE:253](https://trafficsigns.osm-verkehrswende.org/DE?signs=DE:253)\n- [OSM-Wiki: access](https://wiki.openstreetmap.org/wiki/Key:access)\n- [OSM-Wiki: DE:access](https://wiki.openstreetmap.org/wiki/DE:Key:access)\n\n---\n\nTrage nur dann ein neues Tag ein, wenn die Beschraenkung vor Ort eindeutig erkennbar ist.\nAchte auf Zusatzzeichen, Anlieger frei, zeitliche Einschraenkungen und Fahrtrichtung.\n        "}, "id": "3424447047690012"}, {"type": "Feature", "geometry": {"type": "Point", "coordinates": [8.62112939364315, 49.86890998001574]}, "properties": {"image_id": "321646252811012", "Verkehrzeichen": "250", "instruction": "\n### Aufgabe: Verkehrszeichen **DE:250** pruefen und Access-Tag ergaenzen\nBitte schaue dir den Bereich rund um dieses erkannte Verkehrszeichen an. Vermutlich fehlt hier eine Zugangsbeschraenkung in OSM. Das naechste passende OSM-Segment ist mind. **30 Meter** entfernt.\n\n---\n\n### Bild und Karte\n\n- [Mapillary-Bild anzeigen](https://www.mapillary.com/app/?pKey=321646252811012&focus=photo&trafficSign[]=regulatory--road-closed-to-vehicles--g3&trafficSign[]=regulatory--no-motor-vehicles-except-motorcycles--g1&trafficSign[]=regulatory--no-heavy-goods-vehicles--g1&trafficSign[]=regulatory--no-bicycles--g1&trafficSign[]=regulatory--no-motorcycles--g1&trafficSign[]=regulatory--no-pedestrians--g1&trafficSign[]=regulatory--no-motor-vehicles--g1)\n(Hinweis: Die neueste Aufnahme hier ist von **2025-09-14**)\n\n\n---\n\n### Nuetzliche Links\n\n- [Traffic Sign Tool - DE:250](https://trafficsigns.osm-verkehrswende.org/DE?signs=DE:250)\n- [OSM-Wiki: access](https://wiki.openstreetmap.org/wiki/Key:access)\n- [OSM-Wiki: DE:access](https://wiki.openstreetmap.org/wiki/DE:Key:access)\n\n---\n\nTrage nur dann ein neues Tag ein, wenn die Beschraenkung vor Ort eindeutig erkennbar ist.\nAchte auf Zusatzzeichen, Anlieger frei, zeitliche Einschraenkungen und Fahrtrichtung.\n        "}, "id": "494576371691669"}, {"type": "Feature", "geometry": {"type": "Point", "coordinates": [8.626665473049892, 49.654578440446336]}, "properties": {"image_id": "1208664734602547", "Verkehrzeichen": "260", "instruction": "\n### Aufgabe: Verkehrszeichen **DE:260** pruefen und Access-Tag ergaenzen\nBitte schaue dir den Bereich rund um dieses erkannte Verkehrszeichen an. Vermutlich fehlt hier eine Zugangsbeschraenkung in OSM. Das naechste passende OSM-Segment ist mind. **30 Meter** entfernt.\n\n---\n\n### Bild und Karte\n\n- [Mapillary-Bild anzeigen](https://www.mapillary.com/app/?pKey=1208664734602547&focus=photo&trafficSign[]=regulatory--road-closed-to-vehicles--g3&trafficSign[]=regulatory--no-motor-vehicles-except-motorcycles--g1&trafficSign[]=regulatory--no-heavy-goods-vehicles--g1&trafficSign[]=regulatory--no-bicycles--g1&trafficSign[]=regulatory--no-motorcycles--g1&trafficSign[]=regulatory--no-pedestrians--g1&trafficSign[]=regulatory--no-motor-vehicles--g1)\n(Hinweis: Die neueste Aufnahme hier ist von **2026-03-15**)\n\n\n---\n\n### Nuetzliche Links\n\n- [Traffic Sign Tool - DE:260](https://trafficsigns.osm-verkehrswende.org/DE?signs=DE:260)\n- [OSM-Wiki: access](https://wiki.openstreetmap.org/wiki/Key:access)\n- [OSM-Wiki: DE:access](https://wiki.openstreetmap.org/wiki/DE:Key:access)\n\n---\n\nTrage nur dann ein neues Tag ein, wenn die Beschraenkung vor Ort eindeutig erkennbar ist.\nAchte auf Zusatzzeichen, Anlieger frei, zeitliche Einschraenkungen und Fahrtrichtung.\n        "}, "id": "1399622761489750"}, {"type": "Feature", "geometry": {"type": "Point", "coordinates": [8.643402457302816, 50.17017098352014]}, "properties": {"image_id": "828882895226779", "Verkehrzeichen": "253", "instruction": "\n### Aufgabe: Verkehrszeichen **DE:253** pruefen und Access-Tag ergaenzen\nBitte schaue dir den Bereich rund um dieses erkannte Verkehrszeichen an. Vermutlich fehlt hier eine Zugangsbeschraenkung in OSM. Das naechste passende OSM-Segment ist mind. **30 Meter** entfernt.\n\n---\n\n### Bild und Karte\n\n- [Mapillary-Bild anzeigen](https://www.mapillary.com/app/?pKey=828882895226779&focus=photo&trafficSign[]=regulatory--road-closed-to-vehicles--g3&trafficSign[]=regulatory--no-motor-vehicles-except-motorcycles--g1&trafficSign[]=regulatory--no-heavy-goods-vehicles--g1&trafficSign[]=regulatory--no-bicycles--g1&trafficSign[]=regulatory--no-motorcycles--g1&trafficSign[]=regulatory--no-pedestrians--g1&trafficSign[]=regulatory--no-motor-vehicles--g1)\n(Hinweis: Die neueste Aufnahme hier ist von **2025-09-25**)\n\n\n---\n\n### Nuetzliche Links\n\n- [Traffic Sign Tool - DE:253](https://trafficsigns.osm-verkehrswende.org/DE?signs=DE:253)\n- [OSM-Wiki: access](https://wiki.openstreetmap.org/wiki/Key:access)\n- [OSM-Wiki: DE:access](https://wiki.openstreetmap.org/wiki/DE:Key:access)\n\n---\n\nTrage nur dann ein neues Tag ein, wenn die Beschraenkung vor Ort eindeutig erkennbar ist.\nAchte auf Zusatzzeichen, Anlieger frei, zeitliche Einschraenkungen und Fahrtrichtung.\n        "}, "id": "5779856705380218"}, {"type": "Feature", "geometry": {"type": "Point", "coordinates": [8.645204901760822, 50.16516796213966]}, "properties": {"image_id": "1101291432215690", "Verkehrzeichen": "253", "instruction": "\n### Aufgabe: Verkehrszeichen **DE:253** pruefen und Access-Tag ergaenzen\nBitte schaue dir den Bereich rund um dieses erkannte Verkehrszeichen an. Vermutlich fehlt hier eine Zugangsbeschraenkung in OSM. Das naechste passende OSM-Segment ist mind. **30 Meter** entfernt.\n\n---\n\n### Bild und Karte\n\n- [Mapillary-Bild anzeigen](https://www.mapillary.com/app/?pKey=1101291432215690&focus=photo&trafficSign[]=regulatory--road-closed-to-vehicles--g3&trafficSign[]=regulatory--no-motor-vehicles-except-motorcycles--g1&trafficSign[]=regulatory--no-heavy-goods-vehicles--g1&trafficSign[]=regulatory--no-bicycles--g1&trafficSign[]=regulatory--no-motorcycles--g1&trafficSign[]=regulatory--no-pedestrians--g1&trafficSign[]=regulatory--no-motor-vehicles--g1)\n(Hinweis: Die neueste Aufnahme hier ist von **2025-09-25**)\n\n\n---\n\n### Nuetzliche Links\n\n- [Traffic Sign Tool - DE:253](https://trafficsigns.osm-verkehrswende.org/DE?signs=DE:253)\n- [OSM-Wiki: access](https://wiki.openstreetmap.org/wiki/Key:access)\n- [OSM-Wiki: DE:access](https://wiki.openstreetmap.org/wiki/DE:Key:access)\n\n---\n\nTrage nur dann ein neues Tag ein, wenn die Beschraenkung vor Ort eindeutig erkennbar ist.\nAchte auf Zusatzzeichen, Anlieger frei, zeitliche Einschraenkungen und Fahrtrichtung.\n        "}, "id": "1290954408349581"}, {"type": "Feature", "geometry": {"type": "Point", "coordinates": [8.64515662199856, 50.1652916695325]}, "properties": {"image_id": "1154715535421023", "Verkehrzeichen": "253", "instruction": "\n### Aufgabe: Verkehrszeichen **DE:253** pruefen und Access-Tag ergaenzen\nBitte schaue dir den Bereich rund um dieses erkannte Verkehrszeichen an. Vermutlich fehlt hier eine Zugangsbeschraenkung in OSM. Das naechste passende OSM-Segment ist mind. **30 Meter** entfernt.\n\n---\n\n### Bild und Karte\n\n- [Mapillary-Bild anzeigen](https://www.mapillary.com/app/?pKey=1154715535421023&focus=photo&trafficSign[]=regulatory--road-closed-to-vehicles--g3&trafficSign[]=regulatory--no-motor-vehicles-except-motorcycles--g1&trafficSign[]=regulatory--no-heavy-goods-vehicles--g1&trafficSign[]=regulatory--no-bicycles--g1&trafficSign[]=regulatory--no-motorcycles--g1&trafficSign[]=regulatory--no-pedestrians--g1&trafficSign[]=regulatory--no-motor-vehicles--g1)\n(Hinweis: Die neueste Aufnahme hier ist von **2025-09-25**)\n\n\n---\n\n### Nuetzliche Links\n\n- [Traffic Sign Tool - DE:253](https://trafficsigns.osm-verkehrswende.org/DE?signs=DE:253)\n- [OSM-Wiki: access](https://wiki.openstreetmap.org/wiki/Key:access)\n- [OSM-Wiki: DE:access](https://wiki.openstreetmap.org/wiki/DE:Key:access)\n\n---\n\nTrage nur dann ein neues Tag ein, wenn die Beschraenkung vor Ort eindeutig erkennbar ist.\nAchte auf Zusatzzeichen, Anlieger frei, zeitliche Einschraenkungen und Fahrtrichtung.\n        "}, "id": "997888444228103"}, {"type": "Feature", "geometry": {"type": "Point", "coordinates": [8.642426133221393, 50.173167047766036]}, "properties": {"image_id": "139936055489511", "Verkehrzeichen": "253", "instruction": "\n### Aufgabe: Verkehrszeichen **DE:253** pruefen und Access-Tag ergaenzen\nBitte schaue dir den Bereich rund um dieses erkannte Verkehrszeichen an. Vermutlich fehlt hier eine Zugangsbeschraenkung in OSM. Das naechste passende OSM-Segment ist mind. **30 Meter** entfernt.\n\n---\n\n### Bild und Karte\n\n- [Mapillary-Bild anzeigen](https://www.mapillary.com/app/?pKey=139936055489511&focus=photo&trafficSign[]=regulatory--road-closed-to-vehicles--g3&trafficSign[]=regulatory--no-motor-vehicles-except-motorcycles--g1&trafficSign[]=regulatory--no-heavy-goods-vehicles--g1&trafficSign[]=regulatory--no-bicycles--g1&trafficSign[]=regulatory--no-motorcycles--g1&trafficSign[]=regulatory--no-pedestrians--g1&trafficSign[]=regulatory--no-motor-vehicles--g1)\n(Hinweis: Die neueste Aufnahme hier ist von **2025-09-25**)\n\n\n---\n\n### Nuetzliche Links\n\n- [Traffic Sign Tool - DE:253](https://trafficsigns.osm-verkehrswende.org/DE?signs=DE:253)\n- [OSM-Wiki: access](https://wiki.openstreetmap.org/wiki/Key:access)\n- [OSM-Wiki: DE:access](https://wiki.openstreetmap.org/wiki/DE:Key:access)\n\n---\n\nTrage nur dann ein neues Tag ein, wenn die Beschraenkung vor Ort eindeutig erkennbar ist.\nAchte auf Zusatzzeichen, Anlieger frei, zeitliche Einschraenkungen und Fahrtrichtung.\n        "}, "id": "1674650336208691"}, {"type": "Feature", "geometry": {"type": "Point", "coordinates": [8.65718364722134, 50.08054593057688]}, "properties": {"image_id": "462942062995158", "Verkehrzeichen": "250", "instruction": "\n### Aufgabe: Verkehrszeichen **DE:250** pruefen und Access-Tag ergaenzen\nBitte schaue dir den Bereich rund um dieses erkannte Verkehrszeichen an. Vermutlich fehlt hier eine Zugangsbeschraenkung in OSM. Das naechste passende OSM-Segment ist mind. **30 Meter** entfernt.\n\n---\n\n### Bild und Karte\n\n- [Mapillary-Bild anzeigen](https://www.mapillary.com/app/?pKey=462942062995158&focus=photo&trafficSign[]=regulatory--road-closed-to-vehicles--g3&trafficSign[]=regulatory--no-motor-vehicles-except-motorcycles--g1&trafficSign[]=regulatory--no-heavy-goods-vehicles--g1&trafficSign[]=regulatory--no-bicycles--g1&trafficSign[]=regulatory--no-motorcycles--g1&trafficSign[]=regulatory--no-pedestrians--g1&trafficSign[]=regulatory--no-motor-vehicles--g1)\n(Hinweis: Die neueste Aufnahme hier ist von **2025-08-17**)\n\n\n---\n\n### Nuetzliche Links\n\n- [Traffic Sign Tool - DE:250](https://trafficsigns.osm-verkehrswende.org/DE?signs=DE:250)\n- [OSM-Wiki: access](https://wiki.openstreetmap.org/wiki/Key:access)\n- [OSM-Wiki: DE:access](https://wiki.openstreetmap.org/wiki/DE:Key:access)\n\n---\n\nTrage nur dann ein neues Tag ein, wenn die Beschraenkung vor Ort eindeutig erkennbar ist.\nAchte auf Zusatzzeichen, Anlieger frei, zeitliche Einschraenkungen und Fahrtrichtung.\n        "}, "id": "3378281602403773"}, {"type": "Feature", "geometry": {"type": "Point", "coordinates": [8.645424842900043, 49.994081026601435]}, "properties": {"image_id": "2275961539556291", "Verkehrzeichen": "253", "instruction": "\n### Aufgabe: Verkehrszeichen **DE:253** pruefen und Access-Tag ergaenzen\nBitte schaue dir den Bereich rund um dieses erkannte Verkehrszeichen an. Vermutlich fehlt hier eine Zugangsbeschraenkung in OSM. Das naechste passende OSM-Segment ist mind. **30 Meter** entfernt.\n\n---\n\n### Bild und Karte\n\n- [Mapillary-Bild anzeigen](https://www.mapillary.com/app/?pKey=2275961539556291&focus=photo&trafficSign[]=regulatory--road-closed-to-vehicles--g3&trafficSign[]=regulatory--no-motor-vehicles-except-motorcycles--g1&trafficSign[]=regulatory--no-heavy-goods-vehicles--g1&trafficSign[]=regulatory--no-bicycles--g1&trafficSign[]=regulatory--no-motorcycles--g1&trafficSign[]=regulatory--no-pedestrians--g1&trafficSign[]=regulatory--no-motor-vehicles--g1)\n(Hinweis: Die neueste Aufnahme hier ist von **2025-12-22**)\n\n\n---\n\n### Nuetzliche Links\n\n- [Traffic Sign Tool - DE:253](https://trafficsigns.osm-verkehrswende.org/DE?signs=DE:253)\n- [OSM-Wiki: access](https://wiki.openstreetmap.org/wiki/Key:access)\n- [OSM-Wiki: DE:access](https://wiki.openstreetmap.org/wiki/DE:Key:access)\n\n---\n\nTrage nur dann ein neues Tag ein, wenn die Beschraenkung vor Ort eindeutig erkennbar ist.\nAchte auf Zusatzzeichen, Anlieger frei, zeitliche Einschraenkungen und Fahrtrichtung.\n        "}, "id": "890512669817732"}, {"type": "Feature", "geometry": {"type": "Point", "coordinates": [8.644952774113433, 49.871962921793696]}, "properties": {"image_id": "1512682309540354", "Verkehrzeichen": "253", "instruction": "\n### Aufgabe: Verkehrszeichen **DE:253** pruefen und Access-Tag ergaenzen\nBitte schaue dir den Bereich rund um dieses erkannte Verkehrszeichen an. Vermutlich fehlt hier eine Zugangsbeschraenkung in OSM. Das naechste passende OSM-Segment ist mind. **30 Meter** entfernt.\n\n---\n\n### Bild und Karte\n\n- [Mapillary-Bild anzeigen](https://www.mapillary.com/app/?pKey=1512682309540354&focus=photo&trafficSign[]=regulatory--road-closed-to-vehicles--g3&trafficSign[]=regulatory--no-motor-vehicles-except-motorcycles--g1&trafficSign[]=regulatory--no-heavy-goods-vehicles--g1&trafficSign[]=regulatory--no-bicycles--g1&trafficSign[]=regulatory--no-motorcycles--g1&trafficSign[]=regulatory--no-pedestrians--g1&trafficSign[]=regulatory--no-motor-vehicles--g1)\n(Hinweis: Die neueste Aufnahme hier ist von **2025-09-11**)\n\n\n---\n\n### Nuetzliche Links\n\n- [Traffic Sign Tool - DE:253](https://trafficsigns.osm-verkehrswende.org/DE?signs=DE:253)\n- [OSM-Wiki: access](https://wiki.openstreetmap.org/wiki/Key:access)\n- [OSM-Wiki: DE:access](https://wiki.openstreetmap.org/wiki/DE:Key:access)\n\n---\n\nTrage nur dann ein neues Tag ein, wenn die Beschraenkung vor Ort eindeutig erkennbar ist.\nAchte auf Zusatzzeichen, Anlieger frei, zeitliche Einschraenkungen und Fahrtrichtung.\n        "}, "id": "175617515569653"}, {"type": "Feature", "geometry": {"type": "Point", "coordinates": [8.644958138531461, 49.87191451878633]}, "properties": {"image_id": "3805926582838022", "Verkehrzeichen": "253", "instruction": "\n### Aufgabe: Verkehrszeichen **DE:253** pruefen und Access-Tag ergaenzen\nBitte schaue dir den Bereich rund um dieses erkannte Verkehrszeichen an. Vermutlich fehlt hier eine Zugangsbeschraenkung in OSM. Das naechste passende OSM-Segment ist mind. **30 Meter** entfernt.\n\n---\n\n### Bild und Karte\n\n- [Mapillary-Bild anzeigen](https://www.mapillary.com/app/?pKey=3805926582838022&focus=photo&trafficSign[]=regulatory--road-closed-to-vehicles--g3&trafficSign[]=regulatory--no-motor-vehicles-except-motorcycles--g1&trafficSign[]=regulatory--no-heavy-goods-vehicles--g1&trafficSign[]=regulatory--no-bicycles--g1&trafficSign[]=regulatory--no-motorcycles--g1&trafficSign[]=regulatory--no-pedestrians--g1&trafficSign[]=regulatory--no-motor-vehicles--g1)\n(Hinweis: Die neueste Aufnahme hier ist von **2025-09-11**)\n\n\n---\n\n### Nuetzliche Links\n\n- [Traffic Sign Tool - DE:253](https://trafficsigns.osm-verkehrswende.org/DE?signs=DE:253)\n- [OSM-Wiki: access](https://wiki.openstreetmap.org/wiki/Key:access)\n- [OSM-Wiki: DE:access](https://wiki.openstreetmap.org/wiki/DE:Key:access)\n\n---\n\nTrage nur dann ein neues Tag ein, wenn die Beschraenkung vor Ort eindeutig erkennbar ist.\nAchte auf Zusatzzeichen, Anlieger frei, zeitliche Einschraenkungen und Fahrtrichtung.\n        "}, "id": "1601198583412687"}, {"type": "Feature", "geometry": {"type": "Point", "coordinates": [8.643976450032008, 49.85557227416922]}, "properties": {"image_id": "1026306816174832", "Verkehrzeichen": "253", "instruction": "\n### Aufgabe: Verkehrszeichen **DE:253** pruefen und Access-Tag ergaenzen\nBitte schaue dir den Bereich rund um dieses erkannte Verkehrszeichen an. Vermutlich fehlt hier eine Zugangsbeschraenkung in OSM. Das naechste passende OSM-Segment ist mind. **30 Meter** entfernt.\n\n---\n\n### Bild und Karte\n\n- [Mapillary-Bild anzeigen](https://www.mapillary.com/app/?pKey=1026306816174832&focus=photo&trafficSign[]=regulatory--road-closed-to-vehicles--g3&trafficSign[]=regulatory--no-motor-vehicles-except-motorcycles--g1&trafficSign[]=regulatory--no-heavy-goods-vehicles--g1&trafficSign[]=regulatory--no-bicycles--g1&trafficSign[]=regulatory--no-motorcycles--g1&trafficSign[]=regulatory--no-pedestrians--g1&trafficSign[]=regulatory--no-motor-vehicles--g1)\n(Hinweis: Die neueste Aufnahme hier ist von **2025-09-11**)\n\n\n---\n\n### Nuetzliche Links\n\n- [Traffic Sign Tool - DE:253](https://trafficsigns.osm-verkehrswende.org/DE?signs=DE:253)\n- [OSM-Wiki: access](https://wiki.openstreetmap.org/wiki/Key:access)\n- [OSM-Wiki: DE:access](https://wiki.openstreetmap.org/wiki/DE:Key:access)\n\n---\n\nTrage nur dann ein neues Tag ein, wenn die Beschraenkung vor Ort eindeutig erkennbar ist.\nAchte auf Zusatzzeichen, Anlieger frei, zeitliche Einschraenkungen und Fahrtrichtung.\n        "}, "id": "2553135091662426"}, {"type": "Feature", "geometry": {"type": "Point", "coordinates": [8.642753362721214, 49.85211362124516]}, "properties": {"image_id": "769793617257076", "Verkehrzeichen": "253", "instruction": "\n### Aufgabe: Verkehrszeichen **DE:253** pruefen und Access-Tag ergaenzen\nBitte schaue dir den Bereich rund um dieses erkannte Verkehrszeichen an. Vermutlich fehlt hier eine Zugangsbeschraenkung in OSM. Das naechste passende OSM-Segment ist mind. **30 Meter** entfernt.\n\n---\n\n### Bild und Karte\n\n- [Mapillary-Bild anzeigen](https://www.mapillary.com/app/?pKey=769793617257076&focus=photo&trafficSign[]=regulatory--road-closed-to-vehicles--g3&trafficSign[]=regulatory--no-motor-vehicles-except-motorcycles--g1&trafficSign[]=regulatory--no-heavy-goods-vehicles--g1&trafficSign[]=regulatory--no-bicycles--g1&trafficSign[]=regulatory--no-motorcycles--g1&trafficSign[]=regulatory--no-pedestrians--g1&trafficSign[]=regulatory--no-motor-vehicles--g1)\n(Hinweis: Die neueste Aufnahme hier ist von **2025-08-23**)\n\n\n---\n\n### Nuetzliche Links\n\n- [Traffic Sign Tool - DE:253](https://trafficsigns.osm-verkehrswende.org/DE?signs=DE:253)\n- [OSM-Wiki: access](https://wiki.openstreetmap.org/wiki/Key:access)\n- [OSM-Wiki: DE:access](https://wiki.openstreetmap.org/wiki/DE:Key:access)\n\n---\n\nTrage nur dann ein neues Tag ein, wenn die Beschraenkung vor Ort eindeutig erkennbar ist.\nAchte auf Zusatzzeichen, Anlieger frei, zeitliche Einschraenkungen und Fahrtrichtung.\n        "}, "id": "316805773394711"}, {"type": "Feature", "geometry": {"type": "Point", "coordinates": [8.678930997914078, 50.60198386125619]}, "properties": {"image_id": "1583847512585542", "Verkehrzeichen": "250", "instruction": "\n### Aufgabe: Verkehrszeichen **DE:250** pruefen und Access-Tag ergaenzen\nBitte schaue dir den Bereich rund um dieses erkannte Verkehrszeichen an. Vermutlich fehlt hier eine Zugangsbeschraenkung in OSM. Das naechste passende OSM-Segment ist mind. **30 Meter** entfernt.\n\n---\n\n### Bild und Karte\n\n- [Mapillary-Bild anzeigen](https://www.mapillary.com/app/?pKey=1583847512585542&focus=photo&trafficSign[]=regulatory--road-closed-to-vehicles--g3&trafficSign[]=regulatory--no-motor-vehicles-except-motorcycles--g1&trafficSign[]=regulatory--no-heavy-goods-vehicles--g1&trafficSign[]=regulatory--no-bicycles--g1&trafficSign[]=regulatory--no-motorcycles--g1&trafficSign[]=regulatory--no-pedestrians--g1&trafficSign[]=regulatory--no-motor-vehicles--g1)\n(Hinweis: Die neueste Aufnahme hier ist von **2025-10-11**)\n\n\n---\n\n### Nuetzliche Links\n\n- [Traffic Sign Tool - DE:250](https://trafficsigns.osm-verkehrswende.org/DE?signs=DE:250)\n- [OSM-Wiki: access](https://wiki.openstreetmap.org/wiki/Key:access)\n- [OSM-Wiki: DE:access](https://wiki.openstreetmap.org/wiki/DE:Key:access)\n\n---\n\nTrage nur dann ein neues Tag ein, wenn die Beschraenkung vor Ort eindeutig erkennbar ist.\nAchte auf Zusatzzeichen, Anlieger frei, zeitliche Einschraenkungen und Fahrtrichtung.\n        "}, "id": "308640397414181"}, {"type": "Feature", "geometry": {"type": "Point", "coordinates": [8.661528825825458, 50.58830132088988]}, "properties": {"image_id": "1533101894347619", "Verkehrzeichen": "250", "instruction": "\n### Aufgabe: Verkehrszeichen **DE:250** pruefen und Access-Tag ergaenzen\nBitte schaue dir den Bereich rund um dieses erkannte Verkehrszeichen an. Vermutlich fehlt hier eine Zugangsbeschraenkung in OSM. Das naechste passende OSM-Segment ist mind. **30 Meter** entfernt.\n\n---\n\n### Bild und Karte\n\n- [Mapillary-Bild anzeigen](https://www.mapillary.com/app/?pKey=1533101894347619&focus=photo&trafficSign[]=regulatory--road-closed-to-vehicles--g3&trafficSign[]=regulatory--no-motor-vehicles-except-motorcycles--g1&trafficSign[]=regulatory--no-heavy-goods-vehicles--g1&trafficSign[]=regulatory--no-bicycles--g1&trafficSign[]=regulatory--no-motorcycles--g1&trafficSign[]=regulatory--no-pedestrians--g1&trafficSign[]=regulatory--no-motor-vehicles--g1)\n(Hinweis: Die neueste Aufnahme hier ist von **2025-10-11**)\n\n\n---\n\n### Nuetzliche Links\n\n- [Traffic Sign Tool - DE:250](https://trafficsigns.osm-verkehrswende.org/DE?signs=DE:250)\n- [OSM-Wiki: access](https://wiki.openstreetmap.org/wiki/Key:access)\n- [OSM-Wiki: DE:access](https://wiki.openstreetmap.org/wiki/DE:Key:access)\n\n---\n\nTrage nur dann ein neues Tag ein, wenn die Beschraenkung vor Ort eindeutig erkennbar ist.\nAchte auf Zusatzzeichen, Anlieger frei, zeitliche Einschraenkungen und Fahrtrichtung.\n        "}, "id": "1138232773328202"}, {"type": "Feature", "geometry": {"type": "Point", "coordinates": [8.671715855664031, 50.109501544095735]}, "properties": {"image_id": "1764119124326483", "Verkehrzeichen": "250", "instruction": "\n### Aufgabe: Verkehrszeichen **DE:250** pruefen und Access-Tag ergaenzen\nBitte schaue dir den Bereich rund um dieses erkannte Verkehrszeichen an. Vermutlich fehlt hier eine Zugangsbeschraenkung in OSM. Das naechste passende OSM-Segment ist mind. **30 Meter** entfernt.\n\n---\n\n### Bild und Karte\n\n- [Mapillary-Bild anzeigen](https://www.mapillary.com/app/?pKey=1764119124326483&focus=photo&trafficSign[]=regulatory--road-closed-to-vehicles--g3&trafficSign[]=regulatory--no-motor-vehicles-except-motorcycles--g1&trafficSign[]=regulatory--no-heavy-goods-vehicles--g1&trafficSign[]=regulatory--no-bicycles--g1&trafficSign[]=regulatory--no-motorcycles--g1&trafficSign[]=regulatory--no-pedestrians--g1&trafficSign[]=regulatory--no-motor-vehicles--g1)\n(Hinweis: Die neueste Aufnahme hier ist von **2025-07-25**)\n\n\n---\n\n### Nuetzliche Links\n\n- [Traffic Sign Tool - DE:250](https://trafficsigns.osm-verkehrswende.org/DE?signs=DE:250)\n- [OSM-Wiki: access](https://wiki.openstreetmap.org/wiki/Key:access)\n- [OSM-Wiki: DE:access](https://wiki.openstreetmap.org/wiki/DE:Key:access)\n\n---\n\nTrage nur dann ein neues Tag ein, wenn die Beschraenkung vor Ort eindeutig erkennbar ist.\nAchte auf Zusatzzeichen, Anlieger frei, zeitliche Einschraenkungen und Fahrtrichtung.\n        "}, "id": "990236292520540"}, {"type": "Feature", "geometry": {"type": "Point", "coordinates": [8.67138326174619, 50.093556440829566]}, "properties": {"image_id": "1828929087725840", "Verkehrzeichen": "250", "instruction": "\n### Aufgabe: Verkehrszeichen **DE:250** pruefen und Access-Tag ergaenzen\nBitte schaue dir den Bereich rund um dieses erkannte Verkehrszeichen an. Vermutlich fehlt hier eine Zugangsbeschraenkung in OSM. Das naechste passende OSM-Segment ist mind. **30 Meter** entfernt.\n\n---\n\n### Bild und Karte\n\n- [Mapillary-Bild anzeigen](https://www.mapillary.com/app/?pKey=1828929087725840&focus=photo&trafficSign[]=regulatory--road-closed-to-vehicles--g3&trafficSign[]=regulatory--no-motor-vehicles-except-motorcycles--g1&trafficSign[]=regulatory--no-heavy-goods-vehicles--g1&trafficSign[]=regulatory--no-bicycles--g1&trafficSign[]=regulatory--no-motorcycles--g1&trafficSign[]=regulatory--no-pedestrians--g1&trafficSign[]=regulatory--no-motor-vehicles--g1)\n(Hinweis: Die neueste Aufnahme hier ist von **2025-09-13**)\n\n\n---\n\n### Nuetzliche Links\n\n- [Traffic Sign Tool - DE:250](https://trafficsigns.osm-verkehrswende.org/DE?signs=DE:250)\n- [OSM-Wiki: access](https://wiki.openstreetmap.org/wiki/Key:access)\n- [OSM-Wiki: DE:access](https://wiki.openstreetmap.org/wiki/DE:Key:access)\n\n---\n\nTrage nur dann ein neues Tag ein, wenn die Beschraenkung vor Ort eindeutig erkennbar ist.\nAchte auf Zusatzzeichen, Anlieger frei, zeitliche Einschraenkungen und Fahrtrichtung.\n        "}, "id": "866159587298397"}, {"type": "Feature", "geometry": {"type": "Point", "coordinates": [8.667966127461211, 50.099939936438105]}, "properties": {"image_id": "596933892007241", "Verkehrzeichen": "250", "instruction": "\n### Aufgabe: Verkehrszeichen **DE:250** pruefen und Access-Tag ergaenzen\nBitte schaue dir den Bereich rund um dieses erkannte Verkehrszeichen an. Vermutlich fehlt hier eine Zugangsbeschraenkung in OSM. Das naechste passende OSM-Segment ist mind. **30 Meter** entfernt.\n\n---\n\n### Bild und Karte\n\n- [Mapillary-Bild anzeigen](https://www.mapillary.com/app/?pKey=596933892007241&focus=photo&trafficSign[]=regulatory--road-closed-to-vehicles--g3&trafficSign[]=regulatory--no-motor-vehicles-except-motorcycles--g1&trafficSign[]=regulatory--no-heavy-goods-vehicles--g1&trafficSign[]=regulatory--no-bicycles--g1&trafficSign[]=regulatory--no-motorcycles--g1&trafficSign[]=regulatory--no-pedestrians--g1&trafficSign[]=regulatory--no-motor-vehicles--g1)\n(Hinweis: Die neueste Aufnahme hier ist von **2025-07-26**)\n\n\n---\n\n### Nuetzliche Links\n\n- [Traffic Sign Tool - DE:250](https://trafficsigns.osm-verkehrswende.org/DE?signs=DE:250)\n- [OSM-Wiki: access](https://wiki.openstreetmap.org/wiki/Key:access)\n- [OSM-Wiki: DE:access](https://wiki.openstreetmap.org/wiki/DE:Key:access)\n\n---\n\nTrage nur dann ein neues Tag ein, wenn die Beschraenkung vor Ort eindeutig erkennbar ist.\nAchte auf Zusatzzeichen, Anlieger frei, zeitliche Einschraenkungen und Fahrtrichtung.\n        "}, "id": "5724345910983194"}, {"type": "Feature", "geometry": {"type": "Point", "coordinates": [8.66878151900174, 50.09920699606716]}, "properties": {"image_id": "1101712468513806", "Verkehrzeichen": "250", "instruction": "\n### Aufgabe: Verkehrszeichen **DE:250** pruefen und Access-Tag ergaenzen\nBitte schaue dir den Bereich rund um dieses erkannte Verkehrszeichen an. Vermutlich fehlt hier eine Zugangsbeschraenkung in OSM. Das naechste passende OSM-Segment ist mind. **30 Meter** entfernt.\n\n---\n\n### Bild und Karte\n\n- [Mapillary-Bild anzeigen](https://www.mapillary.com/app/?pKey=1101712468513806&focus=photo&trafficSign[]=regulatory--road-closed-to-vehicles--g3&trafficSign[]=regulatory--no-motor-vehicles-except-motorcycles--g1&trafficSign[]=regulatory--no-heavy-goods-vehicles--g1&trafficSign[]=regulatory--no-bicycles--g1&trafficSign[]=regulatory--no-motorcycles--g1&trafficSign[]=regulatory--no-pedestrians--g1&trafficSign[]=regulatory--no-motor-vehicles--g1)\n(Hinweis: Die neueste Aufnahme hier ist von **2025-07-25**)\n\n\n---\n\n### Nuetzliche Links\n\n- [Traffic Sign Tool - DE:250](https://trafficsigns.osm-verkehrswende.org/DE?signs=DE:250)\n- [OSM-Wiki: access](https://wiki.openstreetmap.org/wiki/Key:access)\n- [OSM-Wiki: DE:access](https://wiki.openstreetmap.org/wiki/DE:Key:access)\n\n---\n\nTrage nur dann ein neues Tag ein, wenn die Beschraenkung vor Ort eindeutig erkennbar ist.\nAchte auf Zusatzzeichen, Anlieger frei, zeitliche Einschraenkungen und Fahrtrichtung.\n        "}, "id": "949985643071105"}, {"type": "Feature", "geometry": {"type": "Point", "coordinates": [8.670063614910855, 49.999674340114645]}, "properties": {"image_id": "727273573592829", "Verkehrzeichen": "253", "instruction": "\n### Aufgabe: Verkehrszeichen **DE:253** pruefen und Access-Tag ergaenzen\nBitte schaue dir den Bereich rund um dieses erkannte Verkehrszeichen an. Vermutlich fehlt hier eine Zugangsbeschraenkung in OSM. Das naechste passende OSM-Segment ist mind. **30 Meter** entfernt.\n\n---\n\n### Bild und Karte\n\n- [Mapillary-Bild anzeigen](https://www.mapillary.com/app/?pKey=727273573592829&focus=photo&trafficSign[]=regulatory--road-closed-to-vehicles--g3&trafficSign[]=regulatory--no-motor-vehicles-except-motorcycles--g1&trafficSign[]=regulatory--no-heavy-goods-vehicles--g1&trafficSign[]=regulatory--no-bicycles--g1&trafficSign[]=regulatory--no-motorcycles--g1&trafficSign[]=regulatory--no-pedestrians--g1&trafficSign[]=regulatory--no-motor-vehicles--g1)\n(Hinweis: Die neueste Aufnahme hier ist von **2025-07-13**)\n\n\n---\n\n### Nuetzliche Links\n\n- [Traffic Sign Tool - DE:253](https://trafficsigns.osm-verkehrswende.org/DE?signs=DE:253)\n- [OSM-Wiki: access](https://wiki.openstreetmap.org/wiki/Key:access)\n- [OSM-Wiki: DE:access](https://wiki.openstreetmap.org/wiki/DE:Key:access)\n\n---\n\nTrage nur dann ein neues Tag ein, wenn die Beschraenkung vor Ort eindeutig erkennbar ist.\nAchte auf Zusatzzeichen, Anlieger frei, zeitliche Einschraenkungen und Fahrtrichtung.\n        "}, "id": "2645983649028351"}, {"type": "Feature", "geometry": {"type": "Point", "coordinates": [8.65893244749905, 49.99044260969004]}, "properties": {"image_id": "301911884735738", "Verkehrzeichen": "259", "instruction": "\n### Aufgabe: Verkehrszeichen **DE:259** pruefen und Access-Tag ergaenzen\nBitte schaue dir den Bereich rund um dieses erkannte Verkehrszeichen an. Vermutlich fehlt hier eine Zugangsbeschraenkung in OSM. Das naechste passende OSM-Segment ist mind. **30 Meter** entfernt.\n\n---\n\n### Bild und Karte\n\n- [Mapillary-Bild anzeigen](https://www.mapillary.com/app/?pKey=301911884735738&focus=photo&trafficSign[]=regulatory--road-closed-to-vehicles--g3&trafficSign[]=regulatory--no-motor-vehicles-except-motorcycles--g1&trafficSign[]=regulatory--no-heavy-goods-vehicles--g1&trafficSign[]=regulatory--no-bicycles--g1&trafficSign[]=regulatory--no-motorcycles--g1&trafficSign[]=regulatory--no-pedestrians--g1&trafficSign[]=regulatory--no-motor-vehicles--g1)\n(Hinweis: Die neueste Aufnahme hier ist von **2025-12-22**)\n\n\n---\n\n### Nuetzliche Links\n\n- [Traffic Sign Tool - DE:259](https://trafficsigns.osm-verkehrswende.org/DE?signs=DE:259)\n- [OSM-Wiki: access](https://wiki.openstreetmap.org/wiki/Key:access)\n- [OSM-Wiki: DE:access](https://wiki.openstreetmap.org/wiki/DE:Key:access)\n\n---\n\nTrage nur dann ein neues Tag ein, wenn die Beschraenkung vor Ort eindeutig erkennbar ist.\nAchte auf Zusatzzeichen, Anlieger frei, zeitliche Einschraenkungen und Fahrtrichtung.\n        "}, "id": "203805474904089"}, {"type": "Feature", "geometry": {"type": "Point", "coordinates": [8.691719770497107, 50.437664039052294]}, "properties": {"image_id": "1436779941156693", "Verkehrzeichen": "250", "instruction": "\n### Aufgabe: Verkehrszeichen **DE:250** pruefen und Access-Tag ergaenzen\nBitte schaue dir den Bereich rund um dieses erkannte Verkehrszeichen an. Vermutlich fehlt hier eine Zugangsbeschraenkung in OSM. Das naechste passende OSM-Segment ist mind. **30 Meter** entfernt.\n\n---\n\n### Bild und Karte\n\n- [Mapillary-Bild anzeigen](https://www.mapillary.com/app/?pKey=1436779941156693&focus=photo&trafficSign[]=regulatory--road-closed-to-vehicles--g3&trafficSign[]=regulatory--no-motor-vehicles-except-motorcycles--g1&trafficSign[]=regulatory--no-heavy-goods-vehicles--g1&trafficSign[]=regulatory--no-bicycles--g1&trafficSign[]=regulatory--no-motorcycles--g1&trafficSign[]=regulatory--no-pedestrians--g1&trafficSign[]=regulatory--no-motor-vehicles--g1)\n(Hinweis: Die neueste Aufnahme hier ist von **2026-02-05**)\n\n\n---\n\n### Nuetzliche Links\n\n- [Traffic Sign Tool - DE:250](https://trafficsigns.osm-verkehrswende.org/DE?signs=DE:250)\n- [OSM-Wiki: access](https://wiki.openstreetmap.org/wiki/Key:access)\n- [OSM-Wiki: DE:access](https://wiki.openstreetmap.org/wiki/DE:Key:access)\n\n---\n\nTrage nur dann ein neues Tag ein, wenn die Beschraenkung vor Ort eindeutig erkennbar ist.\nAchte auf Zusatzzeichen, Anlieger frei, zeitliche Einschraenkungen und Fahrtrichtung.\n        "}, "id": "726205498387239"}, {"type": "Feature", "geometry": {"type": "Point", "coordinates": [8.686264157360805, 50.43558322856363]}, "properties": {"image_id": "760233991357549", "Verkehrzeichen": "253", "instruction": "\n### Aufgabe: Verkehrszeichen **DE:253** pruefen und Access-Tag ergaenzen\nBitte schaue dir den Bereich rund um dieses erkannte Verkehrszeichen an. Vermutlich fehlt hier eine Zugangsbeschraenkung in OSM. Das naechste passende OSM-Segment ist mind. **30 Meter** entfernt.\n\n---\n\n### Bild und Karte\n\n- [Mapillary-Bild anzeigen](https://www.mapillary.com/app/?pKey=760233991357549&focus=photo&trafficSign[]=regulatory--road-closed-to-vehicles--g3&trafficSign[]=regulatory--no-motor-vehicles-except-motorcycles--g1&trafficSign[]=regulatory--no-heavy-goods-vehicles--g1&trafficSign[]=regulatory--no-bicycles--g1&trafficSign[]=regulatory--no-motorcycles--g1&trafficSign[]=regulatory--no-pedestrians--g1&trafficSign[]=regulatory--no-motor-vehicles--g1)\n(Hinweis: Die neueste Aufnahme hier ist von **2025-11-21**)\n\n\n---\n\n### Nuetzliche Links\n\n- [Traffic Sign Tool - DE:253](https://trafficsigns.osm-verkehrswende.org/DE?signs=DE:253)\n- [OSM-Wiki: access](https://wiki.openstreetmap.org/wiki/Key:access)\n- [OSM-Wiki: DE:access](https://wiki.openstreetmap.org/wiki/DE:Key:access)\n\n---\n\nTrage nur dann ein neues Tag ein, wenn die Beschraenkung vor Ort eindeutig erkennbar ist.\nAchte auf Zusatzzeichen, Anlieger frei, zeitliche Einschraenkungen und Fahrtrichtung.\n        "}, "id": "814447752840547"}, {"type": "Feature", "geometry": {"type": "Point", "coordinates": [8.695152998036168, 50.12831296624757]}, "properties": {"image_id": "3323671364571596", "Verkehrzeichen": "253", "instruction": "\n### Aufgabe: Verkehrszeichen **DE:253** pruefen und Access-Tag ergaenzen\nBitte schaue dir den Bereich rund um dieses erkannte Verkehrszeichen an. Vermutlich fehlt hier eine Zugangsbeschraenkung in OSM. Das naechste passende OSM-Segment ist mind. **30 Meter** entfernt.\n\n---\n\n### Bild und Karte\n\n- [Mapillary-Bild anzeigen](https://www.mapillary.com/app/?pKey=3323671364571596&focus=photo&trafficSign[]=regulatory--road-closed-to-vehicles--g3&trafficSign[]=regulatory--no-motor-vehicles-except-motorcycles--g1&trafficSign[]=regulatory--no-heavy-goods-vehicles--g1&trafficSign[]=regulatory--no-bicycles--g1&trafficSign[]=regulatory--no-motorcycles--g1&trafficSign[]=regulatory--no-pedestrians--g1&trafficSign[]=regulatory--no-motor-vehicles--g1)\n(Hinweis: Die neueste Aufnahme hier ist von **2026-01-23**)\n\n\n---\n\n### Nuetzliche Links\n\n- [Traffic Sign Tool - DE:253](https://trafficsigns.osm-verkehrswende.org/DE?signs=DE:253)\n- [OSM-Wiki: access](https://wiki.openstreetmap.org/wiki/Key:access)\n- [OSM-Wiki: DE:access](https://wiki.openstreetmap.org/wiki/DE:Key:access)\n\n---\n\nTrage nur dann ein neues Tag ein, wenn die Beschraenkung vor Ort eindeutig erkennbar ist.\nAchte auf Zusatzzeichen, Anlieger frei, zeitliche Einschraenkungen und Fahrtrichtung.\n        "}, "id": "851598819534257"}, {"type": "Feature", "geometry": {"type": "Point", "coordinates": [8.687578439778111, 50.130603265402286]}, "properties": {"image_id": "790747258585634", "Verkehrzeichen": "250", "instruction": "\n### Aufgabe: Verkehrszeichen **DE:250** pruefen und Access-Tag ergaenzen\nBitte schaue dir den Bereich rund um dieses erkannte Verkehrszeichen an. Vermutlich fehlt hier eine Zugangsbeschraenkung in OSM. Das naechste passende OSM-Segment ist mind. **30 Meter** entfernt.\n\n---\n\n### Bild und Karte\n\n- [Mapillary-Bild anzeigen](https://www.mapillary.com/app/?pKey=790747258585634&focus=photo&trafficSign[]=regulatory--road-closed-to-vehicles--g3&trafficSign[]=regulatory--no-motor-vehicles-except-motorcycles--g1&trafficSign[]=regulatory--no-heavy-goods-vehicles--g1&trafficSign[]=regulatory--no-bicycles--g1&trafficSign[]=regulatory--no-motorcycles--g1&trafficSign[]=regulatory--no-pedestrians--g1&trafficSign[]=regulatory--no-motor-vehicles--g1)\n(Hinweis: Die neueste Aufnahme hier ist von **2026-01-17**)\n\n\n---\n\n### Nuetzliche Links\n\n- [Traffic Sign Tool - DE:250](https://trafficsigns.osm-verkehrswende.org/DE?signs=DE:250)\n- [OSM-Wiki: access](https://wiki.openstreetmap.org/wiki/Key:access)\n- [OSM-Wiki: DE:access](https://wiki.openstreetmap.org/wiki/DE:Key:access)\n\n---\n\nTrage nur dann ein neues Tag ein, wenn die Beschraenkung vor Ort eindeutig erkennbar ist.\nAchte auf Zusatzzeichen, Anlieger frei, zeitliche Einschraenkungen und Fahrtrichtung.\n        "}, "id": "916032482528515"}, {"type": "Feature", "geometry": {"type": "Point", "coordinates": [8.686693310803191, 50.09818154893626]}, "properties": {"image_id": "549868893121466", "Verkehrzeichen": "250", "instruction": "\n### Aufgabe: Verkehrszeichen **DE:250** pruefen und Access-Tag ergaenzen\nBitte schaue dir den Bereich rund um dieses erkannte Verkehrszeichen an. Vermutlich fehlt hier eine Zugangsbeschraenkung in OSM. Das naechste passende OSM-Segment ist mind. **30 Meter** entfernt.\n\n---\n\n### Bild und Karte\n\n- [Mapillary-Bild anzeigen](https://www.mapillary.com/app/?pKey=549868893121466&focus=photo&trafficSign[]=regulatory--road-closed-to-vehicles--g3&trafficSign[]=regulatory--no-motor-vehicles-except-motorcycles--g1&trafficSign[]=regulatory--no-heavy-goods-vehicles--g1&trafficSign[]=regulatory--no-bicycles--g1&trafficSign[]=regulatory--no-motorcycles--g1&trafficSign[]=regulatory--no-pedestrians--g1&trafficSign[]=regulatory--no-motor-vehicles--g1)\n(Hinweis: Die neueste Aufnahme hier ist von **2025-08-17**)\n\n\n---\n\n### Nuetzliche Links\n\n- [Traffic Sign Tool - DE:250](https://trafficsigns.osm-verkehrswende.org/DE?signs=DE:250)\n- [OSM-Wiki: access](https://wiki.openstreetmap.org/wiki/Key:access)\n- [OSM-Wiki: DE:access](https://wiki.openstreetmap.org/wiki/DE:Key:access)\n\n---\n\nTrage nur dann ein neues Tag ein, wenn die Beschraenkung vor Ort eindeutig erkennbar ist.\nAchte auf Zusatzzeichen, Anlieger frei, zeitliche Einschraenkungen und Fahrtrichtung.\n        "}, "id": "296864149192535"}, {"type": "Feature", "geometry": {"type": "Point", "coordinates": [8.691848516529816, 50.10410681623931]}, "properties": {"image_id": "939218158239191", "Verkehrzeichen": "250", "instruction": "\n### Aufgabe: Verkehrszeichen **DE:250** pruefen und Access-Tag ergaenzen\nBitte schaue dir den Bereich rund um dieses erkannte Verkehrszeichen an. Vermutlich fehlt hier eine Zugangsbeschraenkung in OSM. Das naechste passende OSM-Segment ist mind. **30 Meter** entfernt.\n\n---\n\n### Bild und Karte\n\n- [Mapillary-Bild anzeigen](https://www.mapillary.com/app/?pKey=939218158239191&focus=photo&trafficSign[]=regulatory--road-closed-to-vehicles--g3&trafficSign[]=regulatory--no-motor-vehicles-except-motorcycles--g1&trafficSign[]=regulatory--no-heavy-goods-vehicles--g1&trafficSign[]=regulatory--no-bicycles--g1&trafficSign[]=regulatory--no-motorcycles--g1&trafficSign[]=regulatory--no-pedestrians--g1&trafficSign[]=regulatory--no-motor-vehicles--g1)\n(Hinweis: Die neueste Aufnahme hier ist von **2025-08-16**)\n\n\n---\n\n### Nuetzliche Links\n\n- [Traffic Sign Tool - DE:250](https://trafficsigns.osm-verkehrswende.org/DE?signs=DE:250)\n- [OSM-Wiki: access](https://wiki.openstreetmap.org/wiki/Key:access)\n- [OSM-Wiki: DE:access](https://wiki.openstreetmap.org/wiki/DE:Key:access)\n\n---\n\nTrage nur dann ein neues Tag ein, wenn die Beschraenkung vor Ort eindeutig erkennbar ist.\nAchte auf Zusatzzeichen, Anlieger frei, zeitliche Einschraenkungen und Fahrtrichtung.\n        "}, "id": "1304713773347086"}, {"type": "Feature", "geometry": {"type": "Point", "coordinates": [8.692004084652686, 50.104265088590864]}, "properties": {"image_id": "1081859647422470", "Verkehrzeichen": "250", "instruction": "\n### Aufgabe: Verkehrszeichen **DE:250** pruefen und Access-Tag ergaenzen\nBitte schaue dir den Bereich rund um dieses erkannte Verkehrszeichen an. Vermutlich fehlt hier eine Zugangsbeschraenkung in OSM. Das naechste passende OSM-Segment ist mind. **30 Meter** entfernt.\n\n---\n\n### Bild und Karte\n\n- [Mapillary-Bild anzeigen](https://www.mapillary.com/app/?pKey=1081859647422470&focus=photo&trafficSign[]=regulatory--road-closed-to-vehicles--g3&trafficSign[]=regulatory--no-motor-vehicles-except-motorcycles--g1&trafficSign[]=regulatory--no-heavy-goods-vehicles--g1&trafficSign[]=regulatory--no-bicycles--g1&trafficSign[]=regulatory--no-motorcycles--g1&trafficSign[]=regulatory--no-pedestrians--g1&trafficSign[]=regulatory--no-motor-vehicles--g1)\n(Hinweis: Die neueste Aufnahme hier ist von **2025-08-16**)\n\n\n---\n\n### Nuetzliche Links\n\n- [Traffic Sign Tool - DE:250](https://trafficsigns.osm-verkehrswende.org/DE?signs=DE:250)\n- [OSM-Wiki: access](https://wiki.openstreetmap.org/wiki/Key:access)\n- [OSM-Wiki: DE:access](https://wiki.openstreetmap.org/wiki/DE:Key:access)\n\n---\n\nTrage nur dann ein neues Tag ein, wenn die Beschraenkung vor Ort eindeutig erkennbar ist.\nAchte auf Zusatzzeichen, Anlieger frei, zeitliche Einschraenkungen und Fahrtrichtung.\n        "}, "id": "1304714000013730"}, {"type": "Feature", "geometry": {"type": "Point", "coordinates": [8.691650033062716, 50.10293007931464]}, "properties": {"image_id": "1091941776208462", "Verkehrzeichen": "250", "instruction": "\n### Aufgabe: Verkehrszeichen **DE:250** pruefen und Access-Tag ergaenzen\nBitte schaue dir den Bereich rund um dieses erkannte Verkehrszeichen an. Vermutlich fehlt hier eine Zugangsbeschraenkung in OSM. Das naechste passende OSM-Segment ist mind. **30 Meter** entfernt.\n\n---\n\n### Bild und Karte\n\n- [Mapillary-Bild anzeigen](https://www.mapillary.com/app/?pKey=1091941776208462&focus=photo&trafficSign[]=regulatory--road-closed-to-vehicles--g3&trafficSign[]=regulatory--no-motor-vehicles-except-motorcycles--g1&trafficSign[]=regulatory--no-heavy-goods-vehicles--g1&trafficSign[]=regulatory--no-bicycles--g1&trafficSign[]=regulatory--no-motorcycles--g1&trafficSign[]=regulatory--no-pedestrians--g1&trafficSign[]=regulatory--no-motor-vehicles--g1)\n(Hinweis: Die neueste Aufnahme hier ist von **2025-08-02**)\n\n\n---\n\n### Nuetzliche Links\n\n- [Traffic Sign Tool - DE:250](https://trafficsigns.osm-verkehrswende.org/DE?signs=DE:250)\n- [OSM-Wiki: access](https://wiki.openstreetmap.org/wiki/Key:access)\n- [OSM-Wiki: DE:access](https://wiki.openstreetmap.org/wiki/DE:Key:access)\n\n---\n\nTrage nur dann ein neues Tag ein, wenn die Beschraenkung vor Ort eindeutig erkennbar ist.\nAchte auf Zusatzzeichen, Anlieger frei, zeitliche Einschraenkungen und Fahrtrichtung.\n        "}, "id": "600713484293667"}, {"type": "Feature", "geometry": {"type": "Point", "coordinates": [8.695008158749358, 50.102902552958625]}, "properties": {"image_id": "1598287610566861", "Verkehrzeichen": "253", "instruction": "\n### Aufgabe: Verkehrszeichen **DE:253** pruefen und Access-Tag ergaenzen\nBitte schaue dir den Bereich rund um dieses erkannte Verkehrszeichen an. Vermutlich fehlt hier eine Zugangsbeschraenkung in OSM. Das naechste passende OSM-Segment ist mind. **30 Meter** entfernt.\n\n---\n\n### Bild und Karte\n\n- [Mapillary-Bild anzeigen](https://www.mapillary.com/app/?pKey=1598287610566861&focus=photo&trafficSign[]=regulatory--road-closed-to-vehicles--g3&trafficSign[]=regulatory--no-motor-vehicles-except-motorcycles--g1&trafficSign[]=regulatory--no-heavy-goods-vehicles--g1&trafficSign[]=regulatory--no-bicycles--g1&trafficSign[]=regulatory--no-motorcycles--g1&trafficSign[]=regulatory--no-pedestrians--g1&trafficSign[]=regulatory--no-motor-vehicles--g1)\n(Hinweis: Die neueste Aufnahme hier ist von **2025-07-13**)\n\n\n---\n\n### Nuetzliche Links\n\n- [Traffic Sign Tool - DE:253](https://trafficsigns.osm-verkehrswende.org/DE?signs=DE:253)\n- [OSM-Wiki: access](https://wiki.openstreetmap.org/wiki/Key:access)\n- [OSM-Wiki: DE:access](https://wiki.openstreetmap.org/wiki/DE:Key:access)\n\n---\n\nTrage nur dann ein neues Tag ein, wenn die Beschraenkung vor Ort eindeutig erkennbar ist.\nAchte auf Zusatzzeichen, Anlieger frei, zeitliche Einschraenkungen und Fahrtrichtung.\n        "}, "id": "776291070245115"}]}