{
  "type": "FeatureCollection",
  "features": [
    {
      "type": "Feature",
      "id": "381238627318295",
      "geometry": {
        "type": "Point",
        "coordinates": [
          12.296082973480225,
          52.26465772281003
        ]
      },
      "properties": {
        "image_id": "2175825779874826",
        "Verkehrzeichen": "237",
        "instruction": "\n### 🚧 Aufgabe: Verkehrszeichen **DE:237** überprüfen und Radinfra hinzufügen\n\nBitte schaue dir den Bereich rund um dieses erkannte Verkehrszeichen an. Vermutlich fehlt hier eine Radinfrastruktur, die du hinzufügen kannst. Die nächste OSM-Radinfra ist **mehr als 30 m** entfernt.\n\n---\n\n### 🖼️ Bild & Karte\n\n- 📷 [**Mapillary-Bild anzeigen**](https://www.mapillary.com/app/?pKey=2175825779874826&focus=photo&trafficSign[]=regulatory--bicycles-only--g1&trafficSign[]=regulatory--shared-path-pedestrians-and-bicycles--g1&trafficSign[]=regulatory--dual-path-bicycles-and-pedestrians--g1&trafficSign[]=regulatory--dual-path-pedestrians-and-bicycles--g1&trafficSign[]=complementary--except-bicycles--g1&trafficSign[]=complementary--bike-route--g1&trafficSign[]=regulatory--pedestrians-only--g1)  \n(Das ist die neueste Aufnahme, auf der das Zeichen erkannt wurde: **25.05.2026**.)\n\n- 🗺️ [**In radinfra.de bzw. TILDA ansehen**](https://tilda-geo.de/regionen/radinfra?map=17.4/52.264658/12.296083&config=pdqyyt.7h3d.16g9vk&v=2&data=mapillary-cycleway-traffic-signs)  \n(Hinweis: Ist hilfreich um den aktuellen Stand der Radinfrastruktur vor Ort zu prüfen.)\n\n---\n\n### 📚 Nützliche Links\n\n- 🛑 [**Traffic Sign Tool** – DE:237](https://trafficsigns.osm-verkehrswende.org/DE?signs=DE:237)\n- 🚴 [**OSM-Wiki: Radverkehrsanlagen kartieren**](https://wiki.openstreetmap.org/wiki/DE:Bicycle/Radverkehrsanlagen_kartieren)\n- 📷 [**Chrome Browser plugin: Mapillary Traffic Sign & Image ID Copier**](https://chromewebstore.google.com/detail/mapillary-traffic-sign-im/eagencdgcmgechomeedlbkhfcihdjhdg)\n\n---\n\nViel Erfolg beim Prüfen und Mappen! 🗺️\n",
        "priority": 0,
        "name": "🟩 Task mit hoher Wahrscheinlichkeit valide"
      }
    },
    {
      "type": "Feature",
      "id": "1066189858196921",
      "geometry": {
        "type": "Point",
        "coordinates": [
          12.884307503700256,
          52.60459505222454
        ]
      },
      "properties": {
        "image_id": "4020390904760759",
        "Verkehrzeichen": "240",
        "instruction": "\n### 🚧 Aufgabe: Verkehrszeichen **DE:240** überprüfen und Radinfra hinzufügen\n\nBitte schaue dir den Bereich rund um dieses erkannte Verkehrszeichen an. Vermutlich fehlt hier eine Radinfrastruktur, die du hinzufügen kannst. Die nächste OSM-Radinfra ist **mehr als 30 m** entfernt.\n\n---\n\n### 🖼️ Bild & Karte\n\n- 📷 [**Mapillary-Bild anzeigen**](https://www.mapillary.com/app/?pKey=4020390904760759&focus=photo&trafficSign[]=regulatory--bicycles-only--g1&trafficSign[]=regulatory--shared-path-pedestrians-and-bicycles--g1&trafficSign[]=regulatory--dual-path-bicycles-and-pedestrians--g1&trafficSign[]=regulatory--dual-path-pedestrians-and-bicycles--g1&trafficSign[]=complementary--except-bicycles--g1&trafficSign[]=complementary--bike-route--g1&trafficSign[]=regulatory--pedestrians-only--g1)  \n(Das ist die neueste Aufnahme, auf der das Zeichen erkannt wurde: **05.07.2026**.)\n\n- 🗺️ [**In radinfra.de bzw. TILDA ansehen**](https://tilda-geo.de/regionen/radinfra?map=17.4/52.604595/12.884308&config=pdqyyt.7h3d.16g9vk&v=2&data=mapillary-cycleway-traffic-signs)  \n(Hinweis: Ist hilfreich um den aktuellen Stand der Radinfrastruktur vor Ort zu prüfen.)\n\n---\n\n### 📚 Nützliche Links\n\n- 🛑 [**Traffic Sign Tool** – DE:240](https://trafficsigns.osm-verkehrswende.org/DE?signs=DE:240)\n- 🚴 [**OSM-Wiki: Radverkehrsanlagen kartieren**](https://wiki.openstreetmap.org/wiki/DE:Bicycle/Radverkehrsanlagen_kartieren)\n- 📷 [**Chrome Browser plugin: Mapillary Traffic Sign & Image ID Copier**](https://chromewebstore.google.com/detail/mapillary-traffic-sign-im/eagencdgcmgechomeedlbkhfcihdjhdg)\n\n---\n\nViel Erfolg beim Prüfen und Mappen! 🗺️\n",
        "priority": 0,
        "name": "🟩 Task mit hoher Wahrscheinlichkeit valide"
      }
    },
    {
      "type": "Feature",
      "id": "1640872329616906",
      "geometry": {
        "type": "Point",
        "coordinates": [
          13.155092597007751,
          52.08325760051824
        ]
      },
      "properties": {
        "image_id": "1627307332316889",
        "Verkehrzeichen": "240",
        "instruction": "\n### 🚧 Aufgabe: Verkehrszeichen **DE:240** überprüfen und Radinfra hinzufügen\n\nBitte schaue dir den Bereich rund um dieses erkannte Verkehrszeichen an. Vermutlich fehlt hier eine Radinfrastruktur, die du hinzufügen kannst. Die nächste OSM-Radinfra ist **mehr als 30 m** entfernt.\n\n---\n\n### 🖼️ Bild & Karte\n\n- 📷 [**Mapillary-Bild anzeigen**](https://www.mapillary.com/app/?pKey=1627307332316889&focus=photo&trafficSign[]=regulatory--bicycles-only--g1&trafficSign[]=regulatory--shared-path-pedestrians-and-bicycles--g1&trafficSign[]=regulatory--dual-path-bicycles-and-pedestrians--g1&trafficSign[]=regulatory--dual-path-pedestrians-and-bicycles--g1&trafficSign[]=complementary--except-bicycles--g1&trafficSign[]=complementary--bike-route--g1&trafficSign[]=regulatory--pedestrians-only--g1)  \n(Das ist die neueste Aufnahme, auf der das Zeichen erkannt wurde: **10.09.2026**.)\n\n- 🗺️ [**In radinfra.de bzw. TILDA ansehen**](https://tilda-geo.de/regionen/radinfra?map=17.4/52.083258/13.155093&config=pdqyyt.7h3d.16g9vk&v=2&data=mapillary-cycleway-traffic-signs)  \n(Hinweis: Ist hilfreich um den aktuellen Stand der Radinfrastruktur vor Ort zu prüfen.)\n\n---\n\n### 📚 Nützliche Links\n\n- 🛑 [**Traffic Sign Tool** – DE:240](https://trafficsigns.osm-verkehrswende.org/DE?signs=DE:240)\n- 🚴 [**OSM-Wiki: Radverkehrsanlagen kartieren**](https://wiki.openstreetmap.org/wiki/DE:Bicycle/Radverkehrsanlagen_kartieren)\n- 📷 [**Chrome Browser plugin: Mapillary Traffic Sign & Image ID Copier**](https://chromewebstore.google.com/detail/mapillary-traffic-sign-im/eagencdgcmgechomeedlbkhfcihdjhdg)\n\n---\n\nViel Erfolg beim Prüfen und Mappen! 🗺️\n",
        "priority": 0,
        "name": "🟩 Task mit hoher Wahrscheinlichkeit valide"
      }
    },
    {
      "type": "Feature",
      "id": "496337498387242",
      "geometry": {
        "type": "Point",
        "coordinates": [
          13.393374681472778,
          51.51427783320443
        ]
      },
      "properties": {
        "image_id": "1344043187525866",
        "Verkehrzeichen": "237",
        "instruction": "\n### 🚧 Aufgabe: Verkehrszeichen **DE:237** überprüfen und Radinfra hinzufügen\n\nBitte schaue dir den Bereich rund um dieses erkannte Verkehrszeichen an. Vermutlich fehlt hier eine Radinfrastruktur, die du hinzufügen kannst. Die nächste OSM-Radinfra ist **mehr als 30 m** entfernt.\n\n---\n\n### 🖼️ Bild & Karte\n\n- 📷 [**Mapillary-Bild anzeigen**](https://www.mapillary.com/app/?pKey=1344043187525866&focus=photo&trafficSign[]=regulatory--bicycles-only--g1&trafficSign[]=regulatory--shared-path-pedestrians-and-bicycles--g1&trafficSign[]=regulatory--dual-path-bicycles-and-pedestrians--g1&trafficSign[]=regulatory--dual-path-pedestrians-and-bicycles--g1&trafficSign[]=complementary--except-bicycles--g1&trafficSign[]=complementary--bike-route--g1&trafficSign[]=regulatory--pedestrians-only--g1)  \n(Das ist die neueste Aufnahme, auf der das Zeichen erkannt wurde: **07.09.2026**.)\n\n- 🗺️ [**In radinfra.de bzw. TILDA ansehen**](https://tilda-geo.de/regionen/radinfra?map=17.4/51.514278/13.393375&config=pdqyyt.7h3d.16g9vk&v=2&data=mapillary-cycleway-traffic-signs)  \n(Hinweis: Ist hilfreich um den aktuellen Stand der Radinfrastruktur vor Ort zu prüfen.)\n\n---\n\n### 📚 Nützliche Links\n\n- 🛑 [**Traffic Sign Tool** – DE:237](https://trafficsigns.osm-verkehrswende.org/DE?signs=DE:237)\n- 🚴 [**OSM-Wiki: Radverkehrsanlagen kartieren**](https://wiki.openstreetmap.org/wiki/DE:Bicycle/Radverkehrsanlagen_kartieren)\n- 📷 [**Chrome Browser plugin: Mapillary Traffic Sign & Image ID Copier**](https://chromewebstore.google.com/detail/mapillary-traffic-sign-im/eagencdgcmgechomeedlbkhfcihdjhdg)\n\n---\n\nViel Erfolg beim Prüfen und Mappen! 🗺️\n",
        "priority": 0,
        "name": "🟩 Task mit hoher Wahrscheinlichkeit valide"
      }
    },
    {
      "type": "Feature",
      "id": "900153483900037",
      "geometry": {
        "type": "Point",
        "coordinates": [
          13.39258074760437,
          51.51181070176122
        ]
      },
      "properties": {
        "image_id": "1384342653294370",
        "Verkehrzeichen": "241",
        "instruction": "\n### 🚧 Aufgabe: Verkehrszeichen **DE:241** überprüfen und Radinfra hinzufügen\n\nBitte schaue dir den Bereich rund um dieses erkannte Verkehrszeichen an. Vermutlich fehlt hier eine Radinfrastruktur, die du hinzufügen kannst. Die nächste OSM-Radinfra ist **mehr als 30 m** entfernt.\n\n---\n\n### 🖼️ Bild & Karte\n\n- 📷 [**Mapillary-Bild anzeigen**](https://www.mapillary.com/app/?pKey=1384342653294370&focus=photo&trafficSign[]=regulatory--bicycles-only--g1&trafficSign[]=regulatory--shared-path-pedestrians-and-bicycles--g1&trafficSign[]=regulatory--dual-path-bicycles-and-pedestrians--g1&trafficSign[]=regulatory--dual-path-pedestrians-and-bicycles--g1&trafficSign[]=complementary--except-bicycles--g1&trafficSign[]=complementary--bike-route--g1&trafficSign[]=regulatory--pedestrians-only--g1)  \n(Das ist die neueste Aufnahme, auf der das Zeichen erkannt wurde: **07.09.2026**.)\n\n- 🗺️ [**In radinfra.de bzw. TILDA ansehen**](https://tilda-geo.de/regionen/radinfra?map=17.4/51.511811/13.392581&config=pdqyyt.7h3d.16g9vk&v=2&data=mapillary-cycleway-traffic-signs)  \n(Hinweis: Ist hilfreich um den aktuellen Stand der Radinfrastruktur vor Ort zu prüfen.)\n\n---\n\n### 📚 Nützliche Links\n\n- 🛑 [**Traffic Sign Tool** – DE:241](https://trafficsigns.osm-verkehrswende.org/DE?signs=DE:241)\n- 🚴 [**OSM-Wiki: Radverkehrsanlagen kartieren**](https://wiki.openstreetmap.org/wiki/DE:Bicycle/Radverkehrsanlagen_kartieren)\n- 📷 [**Chrome Browser plugin: Mapillary Traffic Sign & Image ID Copier**](https://chromewebstore.google.com/detail/mapillary-traffic-sign-im/eagencdgcmgechomeedlbkhfcihdjhdg)\n\n---\n\nViel Erfolg beim Prüfen und Mappen! 🗺️\n",
        "priority": 0,
        "name": "🟩 Task mit hoher Wahrscheinlichkeit valide"
      }
    },
    {
      "type": "Feature",
      "id": "291665509298535",
      "geometry": {
        "type": "Point",
        "coordinates": [
          13.392060399055481,
          51.51022819528893
        ]
      },
      "properties": {
        "image_id": "1592766379183499",
        "Verkehrzeichen": "241",
        "instruction": "\n### 🚧 Aufgabe: Verkehrszeichen **DE:241** überprüfen und Radinfra hinzufügen\n\nBitte schaue dir den Bereich rund um dieses erkannte Verkehrszeichen an. Vermutlich fehlt hier eine Radinfrastruktur, die du hinzufügen kannst. Die nächste OSM-Radinfra ist **mehr als 30 m** entfernt.\n\n---\n\n### 🖼️ Bild & Karte\n\n- 📷 [**Mapillary-Bild anzeigen**](https://www.mapillary.com/app/?pKey=1592766379183499&focus=photo&trafficSign[]=regulatory--bicycles-only--g1&trafficSign[]=regulatory--shared-path-pedestrians-and-bicycles--g1&trafficSign[]=regulatory--dual-path-bicycles-and-pedestrians--g1&trafficSign[]=regulatory--dual-path-pedestrians-and-bicycles--g1&trafficSign[]=complementary--except-bicycles--g1&trafficSign[]=complementary--bike-route--g1&trafficSign[]=regulatory--pedestrians-only--g1)  \n(Das ist die neueste Aufnahme, auf der das Zeichen erkannt wurde: **07.09.2026**.)\n\n- 🗺️ [**In radinfra.de bzw. TILDA ansehen**](https://tilda-geo.de/regionen/radinfra?map=17.4/51.510228/13.39206&config=pdqyyt.7h3d.16g9vk&v=2&data=mapillary-cycleway-traffic-signs)  \n(Hinweis: Ist hilfreich um den aktuellen Stand der Radinfrastruktur vor Ort zu prüfen.)\n\n---\n\n### 📚 Nützliche Links\n\n- 🛑 [**Traffic Sign Tool** – DE:241](https://trafficsigns.osm-verkehrswende.org/DE?signs=DE:241)\n- 🚴 [**OSM-Wiki: Radverkehrsanlagen kartieren**](https://wiki.openstreetmap.org/wiki/DE:Bicycle/Radverkehrsanlagen_kartieren)\n- 📷 [**Chrome Browser plugin: Mapillary Traffic Sign & Image ID Copier**](https://chromewebstore.google.com/detail/mapillary-traffic-sign-im/eagencdgcmgechomeedlbkhfcihdjhdg)\n\n---\n\nViel Erfolg beim Prüfen und Mappen! 🗺️\n",
        "priority": 0,
        "name": "🟩 Task mit hoher Wahrscheinlichkeit valide"
      }
    },
    {
      "type": "Feature",
      "id": "337428744986105",
      "geometry": {
        "type": "Point",
        "coordinates": [
          13.391808271408081,
          51.509353452931464
        ]
      },
      "properties": {
        "image_id": "1044601311736321",
        "Verkehrzeichen": "241",
        "instruction": "\n### 🚧 Aufgabe: Verkehrszeichen **DE:241** überprüfen und Radinfra hinzufügen\n\nBitte schaue dir den Bereich rund um dieses erkannte Verkehrszeichen an. Vermutlich fehlt hier eine Radinfrastruktur, die du hinzufügen kannst. Die nächste OSM-Radinfra ist **mehr als 30 m** entfernt.\n\n---\n\n### 🖼️ Bild & Karte\n\n- 📷 [**Mapillary-Bild anzeigen**](https://www.mapillary.com/app/?pKey=1044601311736321&focus=photo&trafficSign[]=regulatory--bicycles-only--g1&trafficSign[]=regulatory--shared-path-pedestrians-and-bicycles--g1&trafficSign[]=regulatory--dual-path-bicycles-and-pedestrians--g1&trafficSign[]=regulatory--dual-path-pedestrians-and-bicycles--g1&trafficSign[]=complementary--except-bicycles--g1&trafficSign[]=complementary--bike-route--g1&trafficSign[]=regulatory--pedestrians-only--g1)  \n(Das ist die neueste Aufnahme, auf der das Zeichen erkannt wurde: **07.09.2026**.)\n\n- 🗺️ [**In radinfra.de bzw. TILDA ansehen**](https://tilda-geo.de/regionen/radinfra?map=17.4/51.509353/13.391808&config=pdqyyt.7h3d.16g9vk&v=2&data=mapillary-cycleway-traffic-signs)  \n(Hinweis: Ist hilfreich um den aktuellen Stand der Radinfrastruktur vor Ort zu prüfen.)\n\n---\n\n### 📚 Nützliche Links\n\n- 🛑 [**Traffic Sign Tool** – DE:241](https://trafficsigns.osm-verkehrswende.org/DE?signs=DE:241)\n- 🚴 [**OSM-Wiki: Radverkehrsanlagen kartieren**](https://wiki.openstreetmap.org/wiki/DE:Bicycle/Radverkehrsanlagen_kartieren)\n- 📷 [**Chrome Browser plugin: Mapillary Traffic Sign & Image ID Copier**](https://chromewebstore.google.com/detail/mapillary-traffic-sign-im/eagencdgcmgechomeedlbkhfcihdjhdg)\n\n---\n\nViel Erfolg beim Prüfen und Mappen! 🗺️\n",
        "priority": 0,
        "name": "🟩 Task mit hoher Wahrscheinlichkeit valide"
      }
    },
    {
      "type": "Feature",
      "id": "260124153327559",
      "geometry": {
        "type": "Point",
        "coordinates": [
          13.956037759780884,
          52.84933679036453
        ]
      },
      "properties": {
        "image_id": "1317841330246824",
        "Verkehrzeichen": "240",
        "instruction": "\n### 🚧 Aufgabe: Verkehrszeichen **DE:240** überprüfen und Radinfra hinzufügen\n\nBitte schaue dir den Bereich rund um dieses erkannte Verkehrszeichen an. Vermutlich fehlt hier eine Radinfrastruktur, die du hinzufügen kannst. Die nächste OSM-Radinfra ist **mehr als 30 m** entfernt.\n\n---\n\n### 🖼️ Bild & Karte\n\n- 📷 [**Mapillary-Bild anzeigen**](https://www.mapillary.com/app/?pKey=1317841330246824&focus=photo&trafficSign[]=regulatory--bicycles-only--g1&trafficSign[]=regulatory--shared-path-pedestrians-and-bicycles--g1&trafficSign[]=regulatory--dual-path-bicycles-and-pedestrians--g1&trafficSign[]=regulatory--dual-path-pedestrians-and-bicycles--g1&trafficSign[]=complementary--except-bicycles--g1&trafficSign[]=complementary--bike-route--g1&trafficSign[]=regulatory--pedestrians-only--g1)  \n(Das ist die neueste Aufnahme, auf der das Zeichen erkannt wurde: **08.05.2026**.)\n\n- 🗺️ [**In radinfra.de bzw. TILDA ansehen**](https://tilda-geo.de/regionen/radinfra?map=17.4/52.849337/13.956038&config=pdqyyt.7h3d.16g9vk&v=2&data=mapillary-cycleway-traffic-signs)  \n(Hinweis: Ist hilfreich um den aktuellen Stand der Radinfrastruktur vor Ort zu prüfen.)\n\n---\n\n### 📚 Nützliche Links\n\n- 🛑 [**Traffic Sign Tool** – DE:240](https://trafficsigns.osm-verkehrswende.org/DE?signs=DE:240)\n- 🚴 [**OSM-Wiki: Radverkehrsanlagen kartieren**](https://wiki.openstreetmap.org/wiki/DE:Bicycle/Radverkehrsanlagen_kartieren)\n- 📷 [**Chrome Browser plugin: Mapillary Traffic Sign & Image ID Copier**](https://chromewebstore.google.com/detail/mapillary-traffic-sign-im/eagencdgcmgechomeedlbkhfcihdjhdg)\n\n---\n\nViel Erfolg beim Prüfen und Mappen! 🗺️\n",
        "priority": 0,
        "name": "🟩 Task mit hoher Wahrscheinlichkeit valide"
      }
    },
    {
      "type": "Feature",
      "id": "1203909036803141",
      "geometry": {
        "type": "Point",
        "coordinates": [
          14.080556631088257,
          52.35561459268186
        ]
      },
      "properties": {
        "image_id": "2964789147190999",
        "Verkehrzeichen": "240",
        "instruction": "\n### 🚧 Aufgabe: Verkehrszeichen **DE:240** überprüfen und Radinfra hinzufügen\n\nBitte schaue dir den Bereich rund um dieses erkannte Verkehrszeichen an. Vermutlich fehlt hier eine Radinfrastruktur, die du hinzufügen kannst. Die nächste OSM-Radinfra ist **mehr als 30 m** entfernt.\n\n---\n\n### 🖼️ Bild & Karte\n\n- 📷 [**Mapillary-Bild anzeigen**](https://www.mapillary.com/app/?pKey=2964789147190999&focus=photo&trafficSign[]=regulatory--bicycles-only--g1&trafficSign[]=regulatory--shared-path-pedestrians-and-bicycles--g1&trafficSign[]=regulatory--dual-path-bicycles-and-pedestrians--g1&trafficSign[]=regulatory--dual-path-pedestrians-and-bicycles--g1&trafficSign[]=complementary--except-bicycles--g1&trafficSign[]=complementary--bike-route--g1&trafficSign[]=regulatory--pedestrians-only--g1)  \n(Das ist die neueste Aufnahme, auf der das Zeichen erkannt wurde: **17.07.2026**.)\n\n- 🗺️ [**In radinfra.de bzw. TILDA ansehen**](https://tilda-geo.de/regionen/radinfra?map=17.4/52.355615/14.080557&config=pdqyyt.7h3d.16g9vk&v=2&data=mapillary-cycleway-traffic-signs)  \n(Hinweis: Ist hilfreich um den aktuellen Stand der Radinfrastruktur vor Ort zu prüfen.)\n\n---\n\n### 📚 Nützliche Links\n\n- 🛑 [**Traffic Sign Tool** – DE:240](https://trafficsigns.osm-verkehrswende.org/DE?signs=DE:240)\n- 🚴 [**OSM-Wiki: Radverkehrsanlagen kartieren**](https://wiki.openstreetmap.org/wiki/DE:Bicycle/Radverkehrsanlagen_kartieren)\n- 📷 [**Chrome Browser plugin: Mapillary Traffic Sign & Image ID Copier**](https://chromewebstore.google.com/detail/mapillary-traffic-sign-im/eagencdgcmgechomeedlbkhfcihdjhdg)\n\n---\n\nViel Erfolg beim Prüfen und Mappen! 🗺️\n",
        "priority": 0,
        "name": "🟩 Task mit hoher Wahrscheinlichkeit valide"
      }
    },
    {
      "type": "Feature",
      "id": "1235658008357057",
      "geometry": {
        "type": "Point",
        "coordinates": [
          13.376991748809814,
          52.57804509260242
        ]
      },
      "properties": {
        "image_id": "1604149834425074",
        "Verkehrzeichen": "237",
        "instruction": "\n### 🚧 Aufgabe: Verkehrszeichen **DE:237** überprüfen und Radinfra hinzufügen\n\nBitte schaue dir den Bereich rund um dieses erkannte Verkehrszeichen an. Vermutlich fehlt hier eine Radinfrastruktur, die du hinzufügen kannst. Die nächste OSM-Radinfra ist **ca. 25 m** entfernt.\n\n---\n\n### 🖼️ Bild & Karte\n\n- 📷 [**Mapillary-Bild anzeigen**](https://www.mapillary.com/app/?pKey=1604149834425074&focus=photo&trafficSign[]=regulatory--bicycles-only--g1&trafficSign[]=regulatory--shared-path-pedestrians-and-bicycles--g1&trafficSign[]=regulatory--dual-path-bicycles-and-pedestrians--g1&trafficSign[]=regulatory--dual-path-pedestrians-and-bicycles--g1&trafficSign[]=complementary--except-bicycles--g1&trafficSign[]=complementary--bike-route--g1&trafficSign[]=regulatory--pedestrians-only--g1)  \n(Das ist die neueste Aufnahme, auf der das Zeichen erkannt wurde: **15.08.2026**.)\n\n- 🗺️ [**In radinfra.de bzw. TILDA ansehen**](https://tilda-geo.de/regionen/radinfra?map=17.4/52.578045/13.376992&config=pdqyyt.7h3d.16g9vk&v=2&data=mapillary-cycleway-traffic-signs)  \n(Hinweis: Ist hilfreich um den aktuellen Stand der Radinfrastruktur vor Ort zu prüfen.)\n\n---\n\n### 📚 Nützliche Links\n\n- 🛑 [**Traffic Sign Tool** – DE:237](https://trafficsigns.osm-verkehrswende.org/DE?signs=DE:237)\n- 🚴 [**OSM-Wiki: Radverkehrsanlagen kartieren**](https://wiki.openstreetmap.org/wiki/DE:Bicycle/Radverkehrsanlagen_kartieren)\n- 📷 [**Chrome Browser plugin: Mapillary Traffic Sign & Image ID Copier**](https://chromewebstore.google.com/detail/mapillary-traffic-sign-im/eagencdgcmgechomeedlbkhfcihdjhdg)\n\n---\n\nViel Erfolg beim Prüfen und Mappen! 🗺️\n",
        "priority": 1,
        "name": "🟨 Task mit mittlerer Wahrscheinlichkeit valide"
      }
    },
    {
      "type": "Feature",
      "id": "1136093491668476",
      "geometry": {
        "type": "Point",
        "coordinates": [
          13.377072215080261,
          52.55463311662194
        ]
      },
      "properties": {
        "image_id": "1380694590879555",
        "Verkehrzeichen": "237",
        "instruction": "\n### 🚧 Aufgabe: Verkehrszeichen **DE:237** überprüfen und Radinfra hinzufügen\n\nBitte schaue dir den Bereich rund um dieses erkannte Verkehrszeichen an. Vermutlich fehlt hier eine Radinfrastruktur, die du hinzufügen kannst. Die nächste OSM-Radinfra ist **mehr als 30 m** entfernt.\n\n---\n\n### 🖼️ Bild & Karte\n\n- 📷 [**Mapillary-Bild anzeigen**](https://www.mapillary.com/app/?pKey=1380694590879555&focus=photo&trafficSign[]=regulatory--bicycles-only--g1&trafficSign[]=regulatory--shared-path-pedestrians-and-bicycles--g1&trafficSign[]=regulatory--dual-path-bicycles-and-pedestrians--g1&trafficSign[]=regulatory--dual-path-pedestrians-and-bicycles--g1&trafficSign[]=complementary--except-bicycles--g1&trafficSign[]=complementary--bike-route--g1&trafficSign[]=regulatory--pedestrians-only--g1)  \n(Das ist die neueste Aufnahme, auf der das Zeichen erkannt wurde: **15.08.2026**.)\n\n- 🗺️ [**In radinfra.de bzw. TILDA ansehen**](https://tilda-geo.de/regionen/radinfra?map=17.4/52.554633/13.377072&config=pdqyyt.7h3d.16g9vk&v=2&data=mapillary-cycleway-traffic-signs)  \n(Hinweis: Ist hilfreich um den aktuellen Stand der Radinfrastruktur vor Ort zu prüfen.)\n\n---\n\n### 📚 Nützliche Links\n\n- 🛑 [**Traffic Sign Tool** – DE:237](https://trafficsigns.osm-verkehrswende.org/DE?signs=DE:237)\n- 🚴 [**OSM-Wiki: Radverkehrsanlagen kartieren**](https://wiki.openstreetmap.org/wiki/DE:Bicycle/Radverkehrsanlagen_kartieren)\n- 📷 [**Chrome Browser plugin: Mapillary Traffic Sign & Image ID Copier**](https://chromewebstore.google.com/detail/mapillary-traffic-sign-im/eagencdgcmgechomeedlbkhfcihdjhdg)\n\n---\n\nViel Erfolg beim Prüfen und Mappen! 🗺️\n",
        "priority": 0,
        "name": "🟩 Task mit hoher Wahrscheinlichkeit valide"
      }
    },
    {
      "type": "Feature",
      "id": "420491854377594",
      "geometry": {
        "type": "Point",
        "coordinates": [
          13.374148607254028,
          52.42617041738441
        ]
      },
      "properties": {
        "image_id": "2328408040946673",
        "Verkehrzeichen": "237",
        "instruction": "\n### 🚧 Aufgabe: Verkehrszeichen **DE:237** überprüfen und Radinfra hinzufügen\n\nBitte schaue dir den Bereich rund um dieses erkannte Verkehrszeichen an. Vermutlich fehlt hier eine Radinfrastruktur, die du hinzufügen kannst. Die nächste OSM-Radinfra ist **mehr als 30 m** entfernt.\n\n---\n\n### 🖼️ Bild & Karte\n\n- 📷 [**Mapillary-Bild anzeigen**](https://www.mapillary.com/app/?pKey=2328408040946673&focus=photo&trafficSign[]=regulatory--bicycles-only--g1&trafficSign[]=regulatory--shared-path-pedestrians-and-bicycles--g1&trafficSign[]=regulatory--dual-path-bicycles-and-pedestrians--g1&trafficSign[]=regulatory--dual-path-pedestrians-and-bicycles--g1&trafficSign[]=complementary--except-bicycles--g1&trafficSign[]=complementary--bike-route--g1&trafficSign[]=regulatory--pedestrians-only--g1)  \n(Das ist die neueste Aufnahme, auf der das Zeichen erkannt wurde: **30.10.2025**.)\n\n- 🗺️ [**In radinfra.de bzw. TILDA ansehen**](https://tilda-geo.de/regionen/radinfra?map=17.4/52.42617/13.374149&config=pdqyyt.7h3d.16g9vk&v=2&data=mapillary-cycleway-traffic-signs)  \n(Hinweis: Ist hilfreich um den aktuellen Stand der Radinfrastruktur vor Ort zu prüfen.)\n\n---\n\n### 📚 Nützliche Links\n\n- 🛑 [**Traffic Sign Tool** – DE:237](https://trafficsigns.osm-verkehrswende.org/DE?signs=DE:237)\n- 🚴 [**OSM-Wiki: Radverkehrsanlagen kartieren**](https://wiki.openstreetmap.org/wiki/DE:Bicycle/Radverkehrsanlagen_kartieren)\n- 📷 [**Chrome Browser plugin: Mapillary Traffic Sign & Image ID Copier**](https://chromewebstore.google.com/detail/mapillary-traffic-sign-im/eagencdgcmgechomeedlbkhfcihdjhdg)\n\n---\n\nViel Erfolg beim Prüfen und Mappen! 🗺️\n",
        "priority": 0,
        "name": "🟩 Task mit hoher Wahrscheinlichkeit valide"
      }
    },
    {
      "type": "Feature",
      "id": "625368129823564",
      "geometry": {
        "type": "Point",
        "coordinates": [
          13.390971422195435,
          52.566640652063086
        ]
      },
      "properties": {
        "image_id": "2061307357815332",
        "Verkehrzeichen": "240",
        "instruction": "\n### 🚧 Aufgabe: Verkehrszeichen **DE:240** überprüfen und Radinfra hinzufügen\n\nBitte schaue dir den Bereich rund um dieses erkannte Verkehrszeichen an. Vermutlich fehlt hier eine Radinfrastruktur, die du hinzufügen kannst. Die nächste OSM-Radinfra ist **mehr als 30 m** entfernt.\n\n---\n\n### 🖼️ Bild & Karte\n\n- 📷 [**Mapillary-Bild anzeigen**](https://www.mapillary.com/app/?pKey=2061307357815332&focus=photo&trafficSign[]=regulatory--bicycles-only--g1&trafficSign[]=regulatory--shared-path-pedestrians-and-bicycles--g1&trafficSign[]=regulatory--dual-path-bicycles-and-pedestrians--g1&trafficSign[]=regulatory--dual-path-pedestrians-and-bicycles--g1&trafficSign[]=complementary--except-bicycles--g1&trafficSign[]=complementary--bike-route--g1&trafficSign[]=regulatory--pedestrians-only--g1)  \n(Das ist die neueste Aufnahme, auf der das Zeichen erkannt wurde: **18.04.2026**.)\n\n- 🗺️ [**In radinfra.de bzw. TILDA ansehen**](https://tilda-geo.de/regionen/radinfra?map=17.4/52.566641/13.390971&config=pdqyyt.7h3d.16g9vk&v=2&data=mapillary-cycleway-traffic-signs)  \n(Hinweis: Ist hilfreich um den aktuellen Stand der Radinfrastruktur vor Ort zu prüfen.)\n\n---\n\n### 📚 Nützliche Links\n\n- 🛑 [**Traffic Sign Tool** – DE:240](https://trafficsigns.osm-verkehrswende.org/DE?signs=DE:240)\n- 🚴 [**OSM-Wiki: Radverkehrsanlagen kartieren**](https://wiki.openstreetmap.org/wiki/DE:Bicycle/Radverkehrsanlagen_kartieren)\n- 📷 [**Chrome Browser plugin: Mapillary Traffic Sign & Image ID Copier**](https://chromewebstore.google.com/detail/mapillary-traffic-sign-im/eagencdgcmgechomeedlbkhfcihdjhdg)\n\n---\n\nViel Erfolg beim Prüfen und Mappen! 🗺️\n",
        "priority": 0,
        "name": "🟩 Task mit hoher Wahrscheinlichkeit valide"
      }
    },
    {
      "type": "Feature",
      "id": "751236950673281",
      "geometry": {
        "type": "Point",
        "coordinates": [
          13.388675451278687,
          52.52738058656348
        ]
      },
      "properties": {
        "image_id": "1840722843760037",
        "Verkehrzeichen": "237",
        "instruction": "\n### 🚧 Aufgabe: Verkehrszeichen **DE:237** überprüfen und Radinfra hinzufügen\n\nBitte schaue dir den Bereich rund um dieses erkannte Verkehrszeichen an. Vermutlich fehlt hier eine Radinfrastruktur, die du hinzufügen kannst. Die nächste OSM-Radinfra ist **mehr als 30 m** entfernt.\n\n---\n\n### 🖼️ Bild & Karte\n\n- 📷 [**Mapillary-Bild anzeigen**](https://www.mapillary.com/app/?pKey=1840722843760037&focus=photo&trafficSign[]=regulatory--bicycles-only--g1&trafficSign[]=regulatory--shared-path-pedestrians-and-bicycles--g1&trafficSign[]=regulatory--dual-path-bicycles-and-pedestrians--g1&trafficSign[]=regulatory--dual-path-pedestrians-and-bicycles--g1&trafficSign[]=complementary--except-bicycles--g1&trafficSign[]=complementary--bike-route--g1&trafficSign[]=regulatory--pedestrians-only--g1)  \n(Das ist die neueste Aufnahme, auf der das Zeichen erkannt wurde: **05.09.2026**.)\n\n- 🗺️ [**In radinfra.de bzw. TILDA ansehen**](https://tilda-geo.de/regionen/radinfra?map=17.4/52.527381/13.388675&config=pdqyyt.7h3d.16g9vk&v=2&data=mapillary-cycleway-traffic-signs)  \n(Hinweis: Ist hilfreich um den aktuellen Stand der Radinfrastruktur vor Ort zu prüfen.)\n\n---\n\n### 📚 Nützliche Links\n\n- 🛑 [**Traffic Sign Tool** – DE:237](https://trafficsigns.osm-verkehrswende.org/DE?signs=DE:237)\n- 🚴 [**OSM-Wiki: Radverkehrsanlagen kartieren**](https://wiki.openstreetmap.org/wiki/DE:Bicycle/Radverkehrsanlagen_kartieren)\n- 📷 [**Chrome Browser plugin: Mapillary Traffic Sign & Image ID Copier**](https://chromewebstore.google.com/detail/mapillary-traffic-sign-im/eagencdgcmgechomeedlbkhfcihdjhdg)\n\n---\n\nViel Erfolg beim Prüfen und Mappen! 🗺️\n",
        "priority": 0,
        "name": "🟩 Task mit hoher Wahrscheinlichkeit valide"
      }
    },
    {
      "type": "Feature",
      "id": "163845388991280",
      "geometry": {
        "type": "Point",
        "coordinates": [
          13.553078770637512,
          52.469439325746976
        ]
      },
      "properties": {
        "image_id": "1367493418787679",
        "Verkehrzeichen": "240",
        "instruction": "\n### 🚧 Aufgabe: Verkehrszeichen **DE:240** überprüfen und Radinfra hinzufügen\n\nBitte schaue dir den Bereich rund um dieses erkannte Verkehrszeichen an. Vermutlich fehlt hier eine Radinfrastruktur, die du hinzufügen kannst. Die nächste OSM-Radinfra ist **mehr als 30 m** entfernt.\n\n---\n\n### 🖼️ Bild & Karte\n\n- 📷 [**Mapillary-Bild anzeigen**](https://www.mapillary.com/app/?pKey=1367493418787679&focus=photo&trafficSign[]=regulatory--bicycles-only--g1&trafficSign[]=regulatory--shared-path-pedestrians-and-bicycles--g1&trafficSign[]=regulatory--dual-path-bicycles-and-pedestrians--g1&trafficSign[]=regulatory--dual-path-pedestrians-and-bicycles--g1&trafficSign[]=complementary--except-bicycles--g1&trafficSign[]=complementary--bike-route--g1&trafficSign[]=regulatory--pedestrians-only--g1)  \n(Das ist die neueste Aufnahme, auf der das Zeichen erkannt wurde: **08.09.2026**.)\n\n- 🗺️ [**In radinfra.de bzw. TILDA ansehen**](https://tilda-geo.de/regionen/radinfra?map=17.4/52.469439/13.553079&config=pdqyyt.7h3d.16g9vk&v=2&data=mapillary-cycleway-traffic-signs)  \n(Hinweis: Ist hilfreich um den aktuellen Stand der Radinfrastruktur vor Ort zu prüfen.)\n\n---\n\n### 📚 Nützliche Links\n\n- 🛑 [**Traffic Sign Tool** – DE:240](https://trafficsigns.osm-verkehrswende.org/DE?signs=DE:240)\n- 🚴 [**OSM-Wiki: Radverkehrsanlagen kartieren**](https://wiki.openstreetmap.org/wiki/DE:Bicycle/Radverkehrsanlagen_kartieren)\n- 📷 [**Chrome Browser plugin: Mapillary Traffic Sign & Image ID Copier**](https://chromewebstore.google.com/detail/mapillary-traffic-sign-im/eagencdgcmgechomeedlbkhfcihdjhdg)\n\n---\n\nViel Erfolg beim Prüfen und Mappen! 🗺️\n",
        "priority": 0,
        "name": "🟩 Task mit hoher Wahrscheinlichkeit valide"
      }
    },
    {
      "type": "Feature",
      "id": "4209373369387549",
      "geometry": {
        "type": "Point",
        "coordinates": [
          7.795642018318176,
          47.573417018517944
        ]
      },
      "properties": {
        "image_id": "1305766261134353",
        "Verkehrzeichen": "241",
        "instruction": "\n### 🚧 Aufgabe: Verkehrszeichen **DE:241** überprüfen und Radinfra hinzufügen\n\nBitte schaue dir den Bereich rund um dieses erkannte Verkehrszeichen an. Vermutlich fehlt hier eine Radinfrastruktur, die du hinzufügen kannst. Die nächste OSM-Radinfra ist **mehr als 30 m** entfernt.\n\n---\n\n### 🖼️ Bild & Karte\n\n- 📷 [**Mapillary-Bild anzeigen**](https://www.mapillary.com/app/?pKey=1305766261134353&focus=photo&trafficSign[]=regulatory--bicycles-only--g1&trafficSign[]=regulatory--shared-path-pedestrians-and-bicycles--g1&trafficSign[]=regulatory--dual-path-bicycles-and-pedestrians--g1&trafficSign[]=regulatory--dual-path-pedestrians-and-bicycles--g1&trafficSign[]=complementary--except-bicycles--g1&trafficSign[]=complementary--bike-route--g1&trafficSign[]=regulatory--pedestrians-only--g1)  \n(Das ist die neueste Aufnahme, auf der das Zeichen erkannt wurde: **30.05.2026**.)\n\n- 🗺️ [**In radinfra.de bzw. TILDA ansehen**](https://tilda-geo.de/regionen/radinfra?map=17.4/47.573417/7.795642&config=pdqyyt.7h3d.16g9vk&v=2&data=mapillary-cycleway-traffic-signs)  \n(Hinweis: Ist hilfreich um den aktuellen Stand der Radinfrastruktur vor Ort zu prüfen.)\n\n---\n\n### 📚 Nützliche Links\n\n- 🛑 [**Traffic Sign Tool** – DE:241](https://trafficsigns.osm-verkehrswende.org/DE?signs=DE:241)\n- 🚴 [**OSM-Wiki: Radverkehrsanlagen kartieren**](https://wiki.openstreetmap.org/wiki/DE:Bicycle/Radverkehrsanlagen_kartieren)\n- 📷 [**Chrome Browser plugin: Mapillary Traffic Sign & Image ID Copier**](https://chromewebstore.google.com/detail/mapillary-traffic-sign-im/eagencdgcmgechomeedlbkhfcihdjhdg)\n\n---\n\nViel Erfolg beim Prüfen und Mappen! 🗺️\n",
        "priority": 0,
        "name": "🟩 Task mit hoher Wahrscheinlichkeit valide"
      }
    },
    {
      "type": "Feature",
      "id": "4209373336054219",
      "geometry": {
        "type": "Point",
        "coordinates": [
          7.794671058654785,
          47.57339530404889
        ]
      },
      "properties": {
        "image_id": "1314797360095372",
        "Verkehrzeichen": "237",
        "instruction": "\n### 🚧 Aufgabe: Verkehrszeichen **DE:237** überprüfen und Radinfra hinzufügen\n\nBitte schaue dir den Bereich rund um dieses erkannte Verkehrszeichen an. Vermutlich fehlt hier eine Radinfrastruktur, die du hinzufügen kannst. Die nächste OSM-Radinfra ist **mehr als 30 m** entfernt.\n\n---\n\n### 🖼️ Bild & Karte\n\n- 📷 [**Mapillary-Bild anzeigen**](https://www.mapillary.com/app/?pKey=1314797360095372&focus=photo&trafficSign[]=regulatory--bicycles-only--g1&trafficSign[]=regulatory--shared-path-pedestrians-and-bicycles--g1&trafficSign[]=regulatory--dual-path-bicycles-and-pedestrians--g1&trafficSign[]=regulatory--dual-path-pedestrians-and-bicycles--g1&trafficSign[]=complementary--except-bicycles--g1&trafficSign[]=complementary--bike-route--g1&trafficSign[]=regulatory--pedestrians-only--g1)  \n(Das ist die neueste Aufnahme, auf der das Zeichen erkannt wurde: **30.05.2026**.)\n\n- 🗺️ [**In radinfra.de bzw. TILDA ansehen**](https://tilda-geo.de/regionen/radinfra?map=17.4/47.573395/7.794671&config=pdqyyt.7h3d.16g9vk&v=2&data=mapillary-cycleway-traffic-signs)  \n(Hinweis: Ist hilfreich um den aktuellen Stand der Radinfrastruktur vor Ort zu prüfen.)\n\n---\n\n### 📚 Nützliche Links\n\n- 🛑 [**Traffic Sign Tool** – DE:237](https://trafficsigns.osm-verkehrswende.org/DE?signs=DE:237)\n- 🚴 [**OSM-Wiki: Radverkehrsanlagen kartieren**](https://wiki.openstreetmap.org/wiki/DE:Bicycle/Radverkehrsanlagen_kartieren)\n- 📷 [**Chrome Browser plugin: Mapillary Traffic Sign & Image ID Copier**](https://chromewebstore.google.com/detail/mapillary-traffic-sign-im/eagencdgcmgechomeedlbkhfcihdjhdg)\n\n---\n\nViel Erfolg beim Prüfen und Mappen! 🗺️\n",
        "priority": 0,
        "name": "🟩 Task mit hoher Wahrscheinlichkeit valide"
      }
    },
    {
      "type": "Feature",
      "id": "472150950667430",
      "geometry": {
        "type": "Point",
        "coordinates": [
          8.35387408733368,
          48.27522816578693
        ]
      },
      "properties": {
        "image_id": "3902511686722340",
        "Verkehrzeichen": "240",
        "instruction": "\n### 🚧 Aufgabe: Verkehrszeichen **DE:240** überprüfen und Radinfra hinzufügen\n\nBitte schaue dir den Bereich rund um dieses erkannte Verkehrszeichen an. Vermutlich fehlt hier eine Radinfrastruktur, die du hinzufügen kannst. Die nächste OSM-Radinfra ist **mehr als 30 m** entfernt.\n\n---\n\n### 🖼️ Bild & Karte\n\n- 📷 [**Mapillary-Bild anzeigen**](https://www.mapillary.com/app/?pKey=3902511686722340&focus=photo&trafficSign[]=regulatory--bicycles-only--g1&trafficSign[]=regulatory--shared-path-pedestrians-and-bicycles--g1&trafficSign[]=regulatory--dual-path-bicycles-and-pedestrians--g1&trafficSign[]=regulatory--dual-path-pedestrians-and-bicycles--g1&trafficSign[]=complementary--except-bicycles--g1&trafficSign[]=complementary--bike-route--g1&trafficSign[]=regulatory--pedestrians-only--g1)  \n(Das ist die neueste Aufnahme, auf der das Zeichen erkannt wurde: **05.04.2026**.)\n\n- 🗺️ [**In radinfra.de bzw. TILDA ansehen**](https://tilda-geo.de/regionen/radinfra?map=17.4/48.275228/8.353874&config=pdqyyt.7h3d.16g9vk&v=2&data=mapillary-cycleway-traffic-signs)  \n(Hinweis: Ist hilfreich um den aktuellen Stand der Radinfrastruktur vor Ort zu prüfen.)\n\n---\n\n### 📚 Nützliche Links\n\n- 🛑 [**Traffic Sign Tool** – DE:240](https://trafficsigns.osm-verkehrswende.org/DE?signs=DE:240)\n- 🚴 [**OSM-Wiki: Radverkehrsanlagen kartieren**](https://wiki.openstreetmap.org/wiki/DE:Bicycle/Radverkehrsanlagen_kartieren)\n- 📷 [**Chrome Browser plugin: Mapillary Traffic Sign & Image ID Copier**](https://chromewebstore.google.com/detail/mapillary-traffic-sign-im/eagencdgcmgechomeedlbkhfcihdjhdg)\n\n---\n\nViel Erfolg beim Prüfen und Mappen! 🗺️\n",
        "priority": 0,
        "name": "🟩 Task mit hoher Wahrscheinlichkeit valide"
      }
    },
    {
      "type": "Feature",
      "id": "219463629687430",
      "geometry": {
        "type": "Point",
        "coordinates": [
          8.3750581741333,
          49.00822389971998
        ]
      },
      "properties": {
        "image_id": "1085308523543338",
        "Verkehrzeichen": "237",
        "instruction": "\n### 🚧 Aufgabe: Verkehrszeichen **DE:237** überprüfen und Radinfra hinzufügen\n\nBitte schaue dir den Bereich rund um dieses erkannte Verkehrszeichen an. Vermutlich fehlt hier eine Radinfrastruktur, die du hinzufügen kannst. Die nächste OSM-Radinfra ist **mehr als 30 m** entfernt.\n\n---\n\n### 🖼️ Bild & Karte\n\n- 📷 [**Mapillary-Bild anzeigen**](https://www.mapillary.com/app/?pKey=1085308523543338&focus=photo&trafficSign[]=regulatory--bicycles-only--g1&trafficSign[]=regulatory--shared-path-pedestrians-and-bicycles--g1&trafficSign[]=regulatory--dual-path-bicycles-and-pedestrians--g1&trafficSign[]=regulatory--dual-path-pedestrians-and-bicycles--g1&trafficSign[]=complementary--except-bicycles--g1&trafficSign[]=complementary--bike-route--g1&trafficSign[]=regulatory--pedestrians-only--g1)  \n(Das ist die neueste Aufnahme, auf der das Zeichen erkannt wurde: **21.07.2025**.)\n\n- 🗺️ [**In radinfra.de bzw. TILDA ansehen**](https://tilda-geo.de/regionen/radinfra?map=17.4/49.008224/8.375058&config=pdqyyt.7h3d.16g9vk&v=2&data=mapillary-cycleway-traffic-signs)  \n(Hinweis: Ist hilfreich um den aktuellen Stand der Radinfrastruktur vor Ort zu prüfen.)\n\n---\n\n### 📚 Nützliche Links\n\n- 🛑 [**Traffic Sign Tool** – DE:237](https://trafficsigns.osm-verkehrswende.org/DE?signs=DE:237)\n- 🚴 [**OSM-Wiki: Radverkehrsanlagen kartieren**](https://wiki.openstreetmap.org/wiki/DE:Bicycle/Radverkehrsanlagen_kartieren)\n- 📷 [**Chrome Browser plugin: Mapillary Traffic Sign & Image ID Copier**](https://chromewebstore.google.com/detail/mapillary-traffic-sign-im/eagencdgcmgechomeedlbkhfcihdjhdg)\n\n---\n\nViel Erfolg beim Prüfen und Mappen! 🗺️\n",
        "priority": 0,
        "name": "🟩 Task mit hoher Wahrscheinlichkeit valide"
      }
    },
    {
      "type": "Feature",
      "id": "275439958763576",
      "geometry": {
        "type": "Point",
        "coordinates": [
          8.420231938362122,
          48.22836428943273
        ]
      },
      "properties": {
        "image_id": "1230529092537431",
        "Verkehrzeichen": "240",
        "instruction": "\n### 🚧 Aufgabe: Verkehrszeichen **DE:240** überprüfen und Radinfra hinzufügen\n\nBitte schaue dir den Bereich rund um dieses erkannte Verkehrszeichen an. Vermutlich fehlt hier eine Radinfrastruktur, die du hinzufügen kannst. Die nächste OSM-Radinfra ist **mehr als 30 m** entfernt.\n\n---\n\n### 🖼️ Bild & Karte\n\n- 📷 [**Mapillary-Bild anzeigen**](https://www.mapillary.com/app/?pKey=1230529092537431&focus=photo&trafficSign[]=regulatory--bicycles-only--g1&trafficSign[]=regulatory--shared-path-pedestrians-and-bicycles--g1&trafficSign[]=regulatory--dual-path-bicycles-and-pedestrians--g1&trafficSign[]=regulatory--dual-path-pedestrians-and-bicycles--g1&trafficSign[]=complementary--except-bicycles--g1&trafficSign[]=complementary--bike-route--g1&trafficSign[]=regulatory--pedestrians-only--g1)  \n(Das ist die neueste Aufnahme, auf der das Zeichen erkannt wurde: **07.03.2026**.)\n\n- 🗺️ [**In radinfra.de bzw. TILDA ansehen**](https://tilda-geo.de/regionen/radinfra?map=17.4/48.228364/8.420232&config=pdqyyt.7h3d.16g9vk&v=2&data=mapillary-cycleway-traffic-signs)  \n(Hinweis: Ist hilfreich um den aktuellen Stand der Radinfrastruktur vor Ort zu prüfen.)\n\n---\n\n### 📚 Nützliche Links\n\n- 🛑 [**Traffic Sign Tool** – DE:240](https://trafficsigns.osm-verkehrswende.org/DE?signs=DE:240)\n- 🚴 [**OSM-Wiki: Radverkehrsanlagen kartieren**](https://wiki.openstreetmap.org/wiki/DE:Bicycle/Radverkehrsanlagen_kartieren)\n- 📷 [**Chrome Browser plugin: Mapillary Traffic Sign & Image ID Copier**](https://chromewebstore.google.com/detail/mapillary-traffic-sign-im/eagencdgcmgechomeedlbkhfcihdjhdg)\n\n---\n\nViel Erfolg beim Prüfen und Mappen! 🗺️\n",
        "priority": 0,
        "name": "🟩 Task mit hoher Wahrscheinlichkeit valide"
      }
    },
    {
      "type": "Feature",
      "id": "1166790094639740",
      "geometry": {
        "type": "Point",
        "coordinates": [
          8.473602533340454,
          49.54088579510602
        ]
      },
      "properties": {
        "image_id": "1615979849416091",
        "Verkehrzeichen": "241",
        "instruction": "\n### 🚧 Aufgabe: Verkehrszeichen **DE:241** überprüfen und Radinfra hinzufügen\n\nBitte schaue dir den Bereich rund um dieses erkannte Verkehrszeichen an. Vermutlich fehlt hier eine Radinfrastruktur, die du hinzufügen kannst. Die nächste OSM-Radinfra ist **mehr als 30 m** entfernt.\n\n---\n\n### 🖼️ Bild & Karte\n\n- 📷 [**Mapillary-Bild anzeigen**](https://www.mapillary.com/app/?pKey=1615979849416091&focus=photo&trafficSign[]=regulatory--bicycles-only--g1&trafficSign[]=regulatory--shared-path-pedestrians-and-bicycles--g1&trafficSign[]=regulatory--dual-path-bicycles-and-pedestrians--g1&trafficSign[]=regulatory--dual-path-pedestrians-and-bicycles--g1&trafficSign[]=complementary--except-bicycles--g1&trafficSign[]=complementary--bike-route--g1&trafficSign[]=regulatory--pedestrians-only--g1)  \n(Das ist die neueste Aufnahme, auf der das Zeichen erkannt wurde: **27.08.2025**.)\n\n- 🗺️ [**In radinfra.de bzw. TILDA ansehen**](https://tilda-geo.de/regionen/radinfra?map=17.4/49.540886/8.473603&config=pdqyyt.7h3d.16g9vk&v=2&data=mapillary-cycleway-traffic-signs)  \n(Hinweis: Ist hilfreich um den aktuellen Stand der Radinfrastruktur vor Ort zu prüfen.)\n\n---\n\n### 📚 Nützliche Links\n\n- 🛑 [**Traffic Sign Tool** – DE:241](https://trafficsigns.osm-verkehrswende.org/DE?signs=DE:241)\n- 🚴 [**OSM-Wiki: Radverkehrsanlagen kartieren**](https://wiki.openstreetmap.org/wiki/DE:Bicycle/Radverkehrsanlagen_kartieren)\n- 📷 [**Chrome Browser plugin: Mapillary Traffic Sign & Image ID Copier**](https://chromewebstore.google.com/detail/mapillary-traffic-sign-im/eagencdgcmgechomeedlbkhfcihdjhdg)\n\n---\n\nViel Erfolg beim Prüfen und Mappen! 🗺️\n",
        "priority": 0,
        "name": "🟩 Task mit hoher Wahrscheinlichkeit valide"
      }
    },
    {
      "type": "Feature",
      "id": "1166790087973074",
      "geometry": {
        "type": "Point",
        "coordinates": [
          8.474181890487671,
          49.54350343630995
        ]
      },
      "properties": {
        "image_id": "1632022868153043",
        "Verkehrzeichen": "241",
        "instruction": "\n### 🚧 Aufgabe: Verkehrszeichen **DE:241** überprüfen und Radinfra hinzufügen\n\nBitte schaue dir den Bereich rund um dieses erkannte Verkehrszeichen an. Vermutlich fehlt hier eine Radinfrastruktur, die du hinzufügen kannst. Die nächste OSM-Radinfra ist **mehr als 30 m** entfernt.\n\n---\n\n### 🖼️ Bild & Karte\n\n- 📷 [**Mapillary-Bild anzeigen**](https://www.mapillary.com/app/?pKey=1632022868153043&focus=photo&trafficSign[]=regulatory--bicycles-only--g1&trafficSign[]=regulatory--shared-path-pedestrians-and-bicycles--g1&trafficSign[]=regulatory--dual-path-bicycles-and-pedestrians--g1&trafficSign[]=regulatory--dual-path-pedestrians-and-bicycles--g1&trafficSign[]=complementary--except-bicycles--g1&trafficSign[]=complementary--bike-route--g1&trafficSign[]=regulatory--pedestrians-only--g1)  \n(Das ist die neueste Aufnahme, auf der das Zeichen erkannt wurde: **27.08.2025**.)\n\n- 🗺️ [**In radinfra.de bzw. TILDA ansehen**](https://tilda-geo.de/regionen/radinfra?map=17.4/49.543503/8.474182&config=pdqyyt.7h3d.16g9vk&v=2&data=mapillary-cycleway-traffic-signs)  \n(Hinweis: Ist hilfreich um den aktuellen Stand der Radinfrastruktur vor Ort zu prüfen.)\n\n---\n\n### 📚 Nützliche Links\n\n- 🛑 [**Traffic Sign Tool** – DE:241](https://trafficsigns.osm-verkehrswende.org/DE?signs=DE:241)\n- 🚴 [**OSM-Wiki: Radverkehrsanlagen kartieren**](https://wiki.openstreetmap.org/wiki/DE:Bicycle/Radverkehrsanlagen_kartieren)\n- 📷 [**Chrome Browser plugin: Mapillary Traffic Sign & Image ID Copier**](https://chromewebstore.google.com/detail/mapillary-traffic-sign-im/eagencdgcmgechomeedlbkhfcihdjhdg)\n\n---\n\nViel Erfolg beim Prüfen und Mappen! 🗺️\n",
        "priority": 0,
        "name": "🟩 Task mit hoher Wahrscheinlichkeit valide"
      }
    },
    {
      "type": "Feature",
      "id": "321400717709674",
      "geometry": {
        "type": "Point",
        "coordinates": [
          8.474015593528748,
          49.544317939673334
        ]
      },
      "properties": {
        "image_id": "1703995937234919",
        "Verkehrzeichen": "241",
        "instruction": "\n### 🚧 Aufgabe: Verkehrszeichen **DE:241** überprüfen und Radinfra hinzufügen\n\nBitte schaue dir den Bereich rund um dieses erkannte Verkehrszeichen an. Vermutlich fehlt hier eine Radinfrastruktur, die du hinzufügen kannst. Die nächste OSM-Radinfra ist **mehr als 30 m** entfernt.\n\n---\n\n### 🖼️ Bild & Karte\n\n- 📷 [**Mapillary-Bild anzeigen**](https://www.mapillary.com/app/?pKey=1703995937234919&focus=photo&trafficSign[]=regulatory--bicycles-only--g1&trafficSign[]=regulatory--shared-path-pedestrians-and-bicycles--g1&trafficSign[]=regulatory--dual-path-bicycles-and-pedestrians--g1&trafficSign[]=regulatory--dual-path-pedestrians-and-bicycles--g1&trafficSign[]=complementary--except-bicycles--g1&trafficSign[]=complementary--bike-route--g1&trafficSign[]=regulatory--pedestrians-only--g1)  \n(Das ist die neueste Aufnahme, auf der das Zeichen erkannt wurde: **27.08.2025**.)\n\n- 🗺️ [**In radinfra.de bzw. TILDA ansehen**](https://tilda-geo.de/regionen/radinfra?map=17.4/49.544318/8.474016&config=pdqyyt.7h3d.16g9vk&v=2&data=mapillary-cycleway-traffic-signs)  \n(Hinweis: Ist hilfreich um den aktuellen Stand der Radinfrastruktur vor Ort zu prüfen.)\n\n---\n\n### 📚 Nützliche Links\n\n- 🛑 [**Traffic Sign Tool** – DE:241](https://trafficsigns.osm-verkehrswende.org/DE?signs=DE:241)\n- 🚴 [**OSM-Wiki: Radverkehrsanlagen kartieren**](https://wiki.openstreetmap.org/wiki/DE:Bicycle/Radverkehrsanlagen_kartieren)\n- 📷 [**Chrome Browser plugin: Mapillary Traffic Sign & Image ID Copier**](https://chromewebstore.google.com/detail/mapillary-traffic-sign-im/eagencdgcmgechomeedlbkhfcihdjhdg)\n\n---\n\nViel Erfolg beim Prüfen und Mappen! 🗺️\n",
        "priority": 0,
        "name": "🟩 Task mit hoher Wahrscheinlichkeit valide"
      }
    },
    {
      "type": "Feature",
      "id": "564166452712401",
      "geometry": {
        "type": "Point",
        "coordinates": [
          8.486562967300415,
          49.47852572300184
        ]
      },
      "properties": {
        "image_id": "1800662921317841",
        "Verkehrzeichen": "240",
        "instruction": "\n### 🚧 Aufgabe: Verkehrszeichen **DE:240** überprüfen und Radinfra hinzufügen\n\nBitte schaue dir den Bereich rund um dieses erkannte Verkehrszeichen an. Vermutlich fehlt hier eine Radinfrastruktur, die du hinzufügen kannst. Die nächste OSM-Radinfra ist **mehr als 30 m** entfernt.\n\n---\n\n### 🖼️ Bild & Karte\n\n- 📷 [**Mapillary-Bild anzeigen**](https://www.mapillary.com/app/?pKey=1800662921317841&focus=photo&trafficSign[]=regulatory--bicycles-only--g1&trafficSign[]=regulatory--shared-path-pedestrians-and-bicycles--g1&trafficSign[]=regulatory--dual-path-bicycles-and-pedestrians--g1&trafficSign[]=regulatory--dual-path-pedestrians-and-bicycles--g1&trafficSign[]=complementary--except-bicycles--g1&trafficSign[]=complementary--bike-route--g1&trafficSign[]=regulatory--pedestrians-only--g1)  \n(Das ist die neueste Aufnahme, auf der das Zeichen erkannt wurde: **21.05.2026**.)\n\n- 🗺️ [**In radinfra.de bzw. TILDA ansehen**](https://tilda-geo.de/regionen/radinfra?map=17.4/49.478526/8.486563&config=pdqyyt.7h3d.16g9vk&v=2&data=mapillary-cycleway-traffic-signs)  \n(Hinweis: Ist hilfreich um den aktuellen Stand der Radinfrastruktur vor Ort zu prüfen.)\n\n---\n\n### 📚 Nützliche Links\n\n- 🛑 [**Traffic Sign Tool** – DE:240](https://trafficsigns.osm-verkehrswende.org/DE?signs=DE:240)\n- 🚴 [**OSM-Wiki: Radverkehrsanlagen kartieren**](https://wiki.openstreetmap.org/wiki/DE:Bicycle/Radverkehrsanlagen_kartieren)\n- 📷 [**Chrome Browser plugin: Mapillary Traffic Sign & Image ID Copier**](https://chromewebstore.google.com/detail/mapillary-traffic-sign-im/eagencdgcmgechomeedlbkhfcihdjhdg)\n\n---\n\nViel Erfolg beim Prüfen und Mappen! 🗺️\n",
        "priority": 0,
        "name": "🟩 Task mit hoher Wahrscheinlichkeit valide"
      }
    },
    {
      "type": "Feature",
      "id": "1058771282752938",
      "geometry": {
        "type": "Point",
        "coordinates": [
          8.48794162273407,
          49.47723609343558
        ]
      },
      "properties": {
        "image_id": "892529823865750",
        "Verkehrzeichen": "240",
        "instruction": "\n### 🚧 Aufgabe: Verkehrszeichen **DE:240** überprüfen und Radinfra hinzufügen\n\nBitte schaue dir den Bereich rund um dieses erkannte Verkehrszeichen an. Vermutlich fehlt hier eine Radinfrastruktur, die du hinzufügen kannst. Die nächste OSM-Radinfra ist **mehr als 30 m** entfernt.\n\n---\n\n### 🖼️ Bild & Karte\n\n- 📷 [**Mapillary-Bild anzeigen**](https://www.mapillary.com/app/?pKey=892529823865750&focus=photo&trafficSign[]=regulatory--bicycles-only--g1&trafficSign[]=regulatory--shared-path-pedestrians-and-bicycles--g1&trafficSign[]=regulatory--dual-path-bicycles-and-pedestrians--g1&trafficSign[]=regulatory--dual-path-pedestrians-and-bicycles--g1&trafficSign[]=complementary--except-bicycles--g1&trafficSign[]=complementary--bike-route--g1&trafficSign[]=regulatory--pedestrians-only--g1)  \n(Das ist die neueste Aufnahme, auf der das Zeichen erkannt wurde: **21.05.2026**.)\n\n- 🗺️ [**In radinfra.de bzw. TILDA ansehen**](https://tilda-geo.de/regionen/radinfra?map=17.4/49.477236/8.487942&config=pdqyyt.7h3d.16g9vk&v=2&data=mapillary-cycleway-traffic-signs)  \n(Hinweis: Ist hilfreich um den aktuellen Stand der Radinfrastruktur vor Ort zu prüfen.)\n\n---\n\n### 📚 Nützliche Links\n\n- 🛑 [**Traffic Sign Tool** – DE:240](https://trafficsigns.osm-verkehrswende.org/DE?signs=DE:240)\n- 🚴 [**OSM-Wiki: Radverkehrsanlagen kartieren**](https://wiki.openstreetmap.org/wiki/DE:Bicycle/Radverkehrsanlagen_kartieren)\n- 📷 [**Chrome Browser plugin: Mapillary Traffic Sign & Image ID Copier**](https://chromewebstore.google.com/detail/mapillary-traffic-sign-im/eagencdgcmgechomeedlbkhfcihdjhdg)\n\n---\n\nViel Erfolg beim Prüfen und Mappen! 🗺️\n",
        "priority": 0,
        "name": "🟩 Task mit hoher Wahrscheinlichkeit valide"
      }
    },
    {
      "type": "Feature",
      "id": "3909668902679982",
      "geometry": {
        "type": "Point",
        "coordinates": [
          8.512929081916809,
          49.50809423060275
        ]
      },
      "properties": {
        "image_id": "923183253735634",
        "Verkehrzeichen": "240",
        "instruction": "\n### 🚧 Aufgabe: Verkehrszeichen **DE:240** überprüfen und Radinfra hinzufügen\n\nBitte schaue dir den Bereich rund um dieses erkannte Verkehrszeichen an. Vermutlich fehlt hier eine Radinfrastruktur, die du hinzufügen kannst. Die nächste OSM-Radinfra ist **mehr als 30 m** entfernt.\n\n---\n\n### 🖼️ Bild & Karte\n\n- 📷 [**Mapillary-Bild anzeigen**](https://www.mapillary.com/app/?pKey=923183253735634&focus=photo&trafficSign[]=regulatory--bicycles-only--g1&trafficSign[]=regulatory--shared-path-pedestrians-and-bicycles--g1&trafficSign[]=regulatory--dual-path-bicycles-and-pedestrians--g1&trafficSign[]=regulatory--dual-path-pedestrians-and-bicycles--g1&trafficSign[]=complementary--except-bicycles--g1&trafficSign[]=complementary--bike-route--g1&trafficSign[]=regulatory--pedestrians-only--g1)  \n(Das ist die neueste Aufnahme, auf der das Zeichen erkannt wurde: **14.08.2025**.)\n\n- 🗺️ [**In radinfra.de bzw. TILDA ansehen**](https://tilda-geo.de/regionen/radinfra?map=17.4/49.508094/8.512929&config=pdqyyt.7h3d.16g9vk&v=2&data=mapillary-cycleway-traffic-signs)  \n(Hinweis: Ist hilfreich um den aktuellen Stand der Radinfrastruktur vor Ort zu prüfen.)\n\n---\n\n### 📚 Nützliche Links\n\n- 🛑 [**Traffic Sign Tool** – DE:240](https://trafficsigns.osm-verkehrswende.org/DE?signs=DE:240)\n- 🚴 [**OSM-Wiki: Radverkehrsanlagen kartieren**](https://wiki.openstreetmap.org/wiki/DE:Bicycle/Radverkehrsanlagen_kartieren)\n- 📷 [**Chrome Browser plugin: Mapillary Traffic Sign & Image ID Copier**](https://chromewebstore.google.com/detail/mapillary-traffic-sign-im/eagencdgcmgechomeedlbkhfcihdjhdg)\n\n---\n\nViel Erfolg beim Prüfen und Mappen! 🗺️\n",
        "priority": 0,
        "name": "🟩 Task mit hoher Wahrscheinlichkeit valide"
      }
    },
    {
      "type": "Feature",
      "id": "3766073240181129",
      "geometry": {
        "type": "Point",
        "coordinates": [
          8.549015522003174,
          48.20047205841428
        ]
      },
      "properties": {
        "image_id": "876658888099465",
        "Verkehrzeichen": "240",
        "instruction": "\n### 🚧 Aufgabe: Verkehrszeichen **DE:240** überprüfen und Radinfra hinzufügen\n\nBitte schaue dir den Bereich rund um dieses erkannte Verkehrszeichen an. Vermutlich fehlt hier eine Radinfrastruktur, die du hinzufügen kannst. Die nächste OSM-Radinfra ist **ca. 27 m** entfernt.\n\n---\n\n### 🖼️ Bild & Karte\n\n- 📷 [**Mapillary-Bild anzeigen**](https://www.mapillary.com/app/?pKey=876658888099465&focus=photo&trafficSign[]=regulatory--bicycles-only--g1&trafficSign[]=regulatory--shared-path-pedestrians-and-bicycles--g1&trafficSign[]=regulatory--dual-path-bicycles-and-pedestrians--g1&trafficSign[]=regulatory--dual-path-pedestrians-and-bicycles--g1&trafficSign[]=complementary--except-bicycles--g1&trafficSign[]=complementary--bike-route--g1&trafficSign[]=regulatory--pedestrians-only--g1)  \n(Das ist die neueste Aufnahme, auf der das Zeichen erkannt wurde: **04.04.2026**.)\n\n- 🗺️ [**In radinfra.de bzw. TILDA ansehen**](https://tilda-geo.de/regionen/radinfra?map=17.4/48.200472/8.549016&config=pdqyyt.7h3d.16g9vk&v=2&data=mapillary-cycleway-traffic-signs)  \n(Hinweis: Ist hilfreich um den aktuellen Stand der Radinfrastruktur vor Ort zu prüfen.)\n\n---\n\n### 📚 Nützliche Links\n\n- 🛑 [**Traffic Sign Tool** – DE:240](https://trafficsigns.osm-verkehrswende.org/DE?signs=DE:240)\n- 🚴 [**OSM-Wiki: Radverkehrsanlagen kartieren**](https://wiki.openstreetmap.org/wiki/DE:Bicycle/Radverkehrsanlagen_kartieren)\n- 📷 [**Chrome Browser plugin: Mapillary Traffic Sign & Image ID Copier**](https://chromewebstore.google.com/detail/mapillary-traffic-sign-im/eagencdgcmgechomeedlbkhfcihdjhdg)\n\n---\n\nViel Erfolg beim Prüfen und Mappen! 🗺️\n",
        "priority": 1,
        "name": "🟨 Task mit mittlerer Wahrscheinlichkeit valide"
      }
    },
    {
      "type": "Feature",
      "id": "366364601471969",
      "geometry": {
        "type": "Point",
        "coordinates": [
          8.587988018989563,
          49.12713646237316
        ]
      },
      "properties": {
        "image_id": "1938694456784271",
        "Verkehrzeichen": "240",
        "instruction": "\n### 🚧 Aufgabe: Verkehrszeichen **DE:240** überprüfen und Radinfra hinzufügen\n\nBitte schaue dir den Bereich rund um dieses erkannte Verkehrszeichen an. Vermutlich fehlt hier eine Radinfrastruktur, die du hinzufügen kannst. Die nächste OSM-Radinfra ist **mehr als 30 m** entfernt.\n\n---\n\n### 🖼️ Bild & Karte\n\n- 📷 [**Mapillary-Bild anzeigen**](https://www.mapillary.com/app/?pKey=1938694456784271&focus=photo&trafficSign[]=regulatory--bicycles-only--g1&trafficSign[]=regulatory--shared-path-pedestrians-and-bicycles--g1&trafficSign[]=regulatory--dual-path-bicycles-and-pedestrians--g1&trafficSign[]=regulatory--dual-path-pedestrians-and-bicycles--g1&trafficSign[]=complementary--except-bicycles--g1&trafficSign[]=complementary--bike-route--g1&trafficSign[]=regulatory--pedestrians-only--g1)  \n(Das ist die neueste Aufnahme, auf der das Zeichen erkannt wurde: **15.03.2026**.)\n\n- 🗺️ [**In radinfra.de bzw. TILDA ansehen**](https://tilda-geo.de/regionen/radinfra?map=17.4/49.127136/8.587988&config=pdqyyt.7h3d.16g9vk&v=2&data=mapillary-cycleway-traffic-signs)  \n(Hinweis: Ist hilfreich um den aktuellen Stand der Radinfrastruktur vor Ort zu prüfen.)\n\n---\n\n### 📚 Nützliche Links\n\n- 🛑 [**Traffic Sign Tool** – DE:240](https://trafficsigns.osm-verkehrswende.org/DE?signs=DE:240)\n- 🚴 [**OSM-Wiki: Radverkehrsanlagen kartieren**](https://wiki.openstreetmap.org/wiki/DE:Bicycle/Radverkehrsanlagen_kartieren)\n- 📷 [**Chrome Browser plugin: Mapillary Traffic Sign & Image ID Copier**](https://chromewebstore.google.com/detail/mapillary-traffic-sign-im/eagencdgcmgechomeedlbkhfcihdjhdg)\n\n---\n\nViel Erfolg beim Prüfen und Mappen! 🗺️\n",
        "priority": 0,
        "name": "🟩 Task mit hoher Wahrscheinlichkeit valide"
      }
    },
    {
      "type": "Feature",
      "id": "1534615340539052",
      "geometry": {
        "type": "Point",
        "coordinates": [
          8.582940101623535,
          48.85291264706265
        ]
      },
      "properties": {
        "image_id": "1769943530477041",
        "Verkehrzeichen": "237",
        "instruction": "\n### 🚧 Aufgabe: Verkehrszeichen **DE:237** überprüfen und Radinfra hinzufügen\n\nBitte schaue dir den Bereich rund um dieses erkannte Verkehrszeichen an. Vermutlich fehlt hier eine Radinfrastruktur, die du hinzufügen kannst. Die nächste OSM-Radinfra ist **mehr als 30 m** entfernt.\n\n---\n\n### 🖼️ Bild & Karte\n\n- 📷 [**Mapillary-Bild anzeigen**](https://www.mapillary.com/app/?pKey=1769943530477041&focus=photo&trafficSign[]=regulatory--bicycles-only--g1&trafficSign[]=regulatory--shared-path-pedestrians-and-bicycles--g1&trafficSign[]=regulatory--dual-path-bicycles-and-pedestrians--g1&trafficSign[]=regulatory--dual-path-pedestrians-and-bicycles--g1&trafficSign[]=complementary--except-bicycles--g1&trafficSign[]=complementary--bike-route--g1&trafficSign[]=regulatory--pedestrians-only--g1)  \n(Das ist die neueste Aufnahme, auf der das Zeichen erkannt wurde: **11.05.2026**.)\n\n- 🗺️ [**In radinfra.de bzw. TILDA ansehen**](https://tilda-geo.de/regionen/radinfra?map=17.4/48.852913/8.58294&config=pdqyyt.7h3d.16g9vk&v=2&data=mapillary-cycleway-traffic-signs)  \n(Hinweis: Ist hilfreich um den aktuellen Stand der Radinfrastruktur vor Ort zu prüfen.)\n\n---\n\n### 📚 Nützliche Links\n\n- 🛑 [**Traffic Sign Tool** – DE:237](https://trafficsigns.osm-verkehrswende.org/DE?signs=DE:237)\n- 🚴 [**OSM-Wiki: Radverkehrsanlagen kartieren**](https://wiki.openstreetmap.org/wiki/DE:Bicycle/Radverkehrsanlagen_kartieren)\n- 📷 [**Chrome Browser plugin: Mapillary Traffic Sign & Image ID Copier**](https://chromewebstore.google.com/detail/mapillary-traffic-sign-im/eagencdgcmgechomeedlbkhfcihdjhdg)\n\n---\n\nViel Erfolg beim Prüfen und Mappen! 🗺️\n",
        "priority": 0,
        "name": "🟩 Task mit hoher Wahrscheinlichkeit valide"
      }
    },
    {
      "type": "Feature",
      "id": "1683341215504286",
      "geometry": {
        "type": "Point",
        "coordinates": [
          8.600819706916809,
          49.12295542038851
        ]
      },
      "properties": {
        "image_id": "945933651260756",
        "Verkehrzeichen": "240",
        "instruction": "\n### 🚧 Aufgabe: Verkehrszeichen **DE:240** überprüfen und Radinfra hinzufügen\n\nBitte schaue dir den Bereich rund um dieses erkannte Verkehrszeichen an. Vermutlich fehlt hier eine Radinfrastruktur, die du hinzufügen kannst. Die nächste OSM-Radinfra ist **mehr als 30 m** entfernt.\n\n---\n\n### 🖼️ Bild & Karte\n\n- 📷 [**Mapillary-Bild anzeigen**](https://www.mapillary.com/app/?pKey=945933651260756&focus=photo&trafficSign[]=regulatory--bicycles-only--g1&trafficSign[]=regulatory--shared-path-pedestrians-and-bicycles--g1&trafficSign[]=regulatory--dual-path-bicycles-and-pedestrians--g1&trafficSign[]=regulatory--dual-path-pedestrians-and-bicycles--g1&trafficSign[]=complementary--except-bicycles--g1&trafficSign[]=complementary--bike-route--g1&trafficSign[]=regulatory--pedestrians-only--g1)  \n(Das ist die neueste Aufnahme, auf der das Zeichen erkannt wurde: **15.03.2026**.)\n\n- 🗺️ [**In radinfra.de bzw. TILDA ansehen**](https://tilda-geo.de/regionen/radinfra?map=17.4/49.122955/8.60082&config=pdqyyt.7h3d.16g9vk&v=2&data=mapillary-cycleway-traffic-signs)  \n(Hinweis: Ist hilfreich um den aktuellen Stand der Radinfrastruktur vor Ort zu prüfen.)\n\n---\n\n### 📚 Nützliche Links\n\n- 🛑 [**Traffic Sign Tool** – DE:240](https://trafficsigns.osm-verkehrswende.org/DE?signs=DE:240)\n- 🚴 [**OSM-Wiki: Radverkehrsanlagen kartieren**](https://wiki.openstreetmap.org/wiki/DE:Bicycle/Radverkehrsanlagen_kartieren)\n- 📷 [**Chrome Browser plugin: Mapillary Traffic Sign & Image ID Copier**](https://chromewebstore.google.com/detail/mapillary-traffic-sign-im/eagencdgcmgechomeedlbkhfcihdjhdg)\n\n---\n\nViel Erfolg beim Prüfen und Mappen! 🗺️\n",
        "priority": 0,
        "name": "🟩 Task mit hoher Wahrscheinlichkeit valide"
      }
    },
    {
      "type": "Feature",
      "id": "8376193222488401",
      "geometry": {
        "type": "Point",
        "coordinates": [
          8.636460900306702,
          49.54031490791954
        ]
      },
      "properties": {
        "image_id": "970451615623494",
        "Verkehrzeichen": "240",
        "instruction": "\n### 🚧 Aufgabe: Verkehrszeichen **DE:240** überprüfen und Radinfra hinzufügen\n\nBitte schaue dir den Bereich rund um dieses erkannte Verkehrszeichen an. Vermutlich fehlt hier eine Radinfrastruktur, die du hinzufügen kannst. Die nächste OSM-Radinfra ist **mehr als 30 m** entfernt.\n\n---\n\n### 🖼️ Bild & Karte\n\n- 📷 [**Mapillary-Bild anzeigen**](https://www.mapillary.com/app/?pKey=970451615623494&focus=photo&trafficSign[]=regulatory--bicycles-only--g1&trafficSign[]=regulatory--shared-path-pedestrians-and-bicycles--g1&trafficSign[]=regulatory--dual-path-bicycles-and-pedestrians--g1&trafficSign[]=regulatory--dual-path-pedestrians-and-bicycles--g1&trafficSign[]=complementary--except-bicycles--g1&trafficSign[]=complementary--bike-route--g1&trafficSign[]=regulatory--pedestrians-only--g1)  \n(Das ist die neueste Aufnahme, auf der das Zeichen erkannt wurde: **04.05.2026**.)\n\n- 🗺️ [**In radinfra.de bzw. TILDA ansehen**](https://tilda-geo.de/regionen/radinfra?map=17.4/49.540315/8.636461&config=pdqyyt.7h3d.16g9vk&v=2&data=mapillary-cycleway-traffic-signs)  \n(Hinweis: Ist hilfreich um den aktuellen Stand der Radinfrastruktur vor Ort zu prüfen.)\n\n---\n\n### 📚 Nützliche Links\n\n- 🛑 [**Traffic Sign Tool** – DE:240](https://trafficsigns.osm-verkehrswende.org/DE?signs=DE:240)\n- 🚴 [**OSM-Wiki: Radverkehrsanlagen kartieren**](https://wiki.openstreetmap.org/wiki/DE:Bicycle/Radverkehrsanlagen_kartieren)\n- 📷 [**Chrome Browser plugin: Mapillary Traffic Sign & Image ID Copier**](https://chromewebstore.google.com/detail/mapillary-traffic-sign-im/eagencdgcmgechomeedlbkhfcihdjhdg)\n\n---\n\nViel Erfolg beim Prüfen und Mappen! 🗺️\n",
        "priority": 0,
        "name": "🟩 Task mit hoher Wahrscheinlichkeit valide"
      }
    },
    {
      "type": "Feature",
      "id": "577887076523578",
      "geometry": {
        "type": "Point",
        "coordinates": [
          8.668379187583923,
          49.44900910260361
        ]
      },
      "properties": {
        "image_id": "1016490334047445",
        "Verkehrzeichen": "240",
        "instruction": "\n### 🚧 Aufgabe: Verkehrszeichen **DE:240** überprüfen und Radinfra hinzufügen\n\nBitte schaue dir den Bereich rund um dieses erkannte Verkehrszeichen an. Vermutlich fehlt hier eine Radinfrastruktur, die du hinzufügen kannst. Die nächste OSM-Radinfra ist **mehr als 30 m** entfernt.\n\n---\n\n### 🖼️ Bild & Karte\n\n- 📷 [**Mapillary-Bild anzeigen**](https://www.mapillary.com/app/?pKey=1016490334047445&focus=photo&trafficSign[]=regulatory--bicycles-only--g1&trafficSign[]=regulatory--shared-path-pedestrians-and-bicycles--g1&trafficSign[]=regulatory--dual-path-bicycles-and-pedestrians--g1&trafficSign[]=regulatory--dual-path-pedestrians-and-bicycles--g1&trafficSign[]=complementary--except-bicycles--g1&trafficSign[]=complementary--bike-route--g1&trafficSign[]=regulatory--pedestrians-only--g1)  \n(Das ist die neueste Aufnahme, auf der das Zeichen erkannt wurde: **26.05.2026**.)\n\n- 🗺️ [**In radinfra.de bzw. TILDA ansehen**](https://tilda-geo.de/regionen/radinfra?map=17.4/49.449009/8.668379&config=pdqyyt.7h3d.16g9vk&v=2&data=mapillary-cycleway-traffic-signs)  \n(Hinweis: Ist hilfreich um den aktuellen Stand der Radinfrastruktur vor Ort zu prüfen.)\n\n---\n\n### 📚 Nützliche Links\n\n- 🛑 [**Traffic Sign Tool** – DE:240](https://trafficsigns.osm-verkehrswende.org/DE?signs=DE:240)\n- 🚴 [**OSM-Wiki: Radverkehrsanlagen kartieren**](https://wiki.openstreetmap.org/wiki/DE:Bicycle/Radverkehrsanlagen_kartieren)\n- 📷 [**Chrome Browser plugin: Mapillary Traffic Sign & Image ID Copier**](https://chromewebstore.google.com/detail/mapillary-traffic-sign-im/eagencdgcmgechomeedlbkhfcihdjhdg)\n\n---\n\nViel Erfolg beim Prüfen und Mappen! 🗺️\n",
        "priority": 0,
        "name": "🟩 Task mit hoher Wahrscheinlichkeit valide"
      }
    },
    {
      "type": "Feature",
      "id": "593946157131168",
      "geometry": {
        "type": "Point",
        "coordinates": [
          8.715698719024658,
          49.03418934285614
        ]
      },
      "properties": {
        "image_id": "600135492827081",
        "Verkehrzeichen": "240",
        "instruction": "\n### 🚧 Aufgabe: Verkehrszeichen **DE:240** überprüfen und Radinfra hinzufügen\n\nBitte schaue dir den Bereich rund um dieses erkannte Verkehrszeichen an. Vermutlich fehlt hier eine Radinfrastruktur, die du hinzufügen kannst. Die nächste OSM-Radinfra ist **mehr als 30 m** entfernt.\n\n---\n\n### 🖼️ Bild & Karte\n\n- 📷 [**Mapillary-Bild anzeigen**](https://www.mapillary.com/app/?pKey=600135492827081&focus=photo&trafficSign[]=regulatory--bicycles-only--g1&trafficSign[]=regulatory--shared-path-pedestrians-and-bicycles--g1&trafficSign[]=regulatory--dual-path-bicycles-and-pedestrians--g1&trafficSign[]=regulatory--dual-path-pedestrians-and-bicycles--g1&trafficSign[]=complementary--except-bicycles--g1&trafficSign[]=complementary--bike-route--g1&trafficSign[]=regulatory--pedestrians-only--g1)  \n(Das ist die neueste Aufnahme, auf der das Zeichen erkannt wurde: **17.09.2024**.)\n\n- 🗺️ [**In radinfra.de bzw. TILDA ansehen**](https://tilda-geo.de/regionen/radinfra?map=17.4/49.034189/8.715699&config=pdqyyt.7h3d.16g9vk&v=2&data=mapillary-cycleway-traffic-signs)  \n(Hinweis: Ist hilfreich um den aktuellen Stand der Radinfrastruktur vor Ort zu prüfen.)\n\n---\n\n### 📚 Nützliche Links\n\n- 🛑 [**Traffic Sign Tool** – DE:240](https://trafficsigns.osm-verkehrswende.org/DE?signs=DE:240)\n- 🚴 [**OSM-Wiki: Radverkehrsanlagen kartieren**](https://wiki.openstreetmap.org/wiki/DE:Bicycle/Radverkehrsanlagen_kartieren)\n- 📷 [**Chrome Browser plugin: Mapillary Traffic Sign & Image ID Copier**](https://chromewebstore.google.com/detail/mapillary-traffic-sign-im/eagencdgcmgechomeedlbkhfcihdjhdg)\n\n---\n\nViel Erfolg beim Prüfen und Mappen! 🗺️\n",
        "priority": 0,
        "name": "🟩 Task mit hoher Wahrscheinlichkeit valide"
      }
    },
    {
      "type": "Feature",
      "id": "3033009140298501",
      "geometry": {
        "type": "Point",
        "coordinates": [
          8.727757930755615,
          47.93692470830234
        ]
      },
      "properties": {
        "image_id": "1005413009033890",
        "Verkehrzeichen": "237",
        "instruction": "\n### 🚧 Aufgabe: Verkehrszeichen **DE:237** überprüfen und Radinfra hinzufügen\n\nBitte schaue dir den Bereich rund um dieses erkannte Verkehrszeichen an. Vermutlich fehlt hier eine Radinfrastruktur, die du hinzufügen kannst. Die nächste OSM-Radinfra ist **mehr als 30 m** entfernt.\n\n---\n\n### 🖼️ Bild & Karte\n\n- 📷 [**Mapillary-Bild anzeigen**](https://www.mapillary.com/app/?pKey=1005413009033890&focus=photo&trafficSign[]=regulatory--bicycles-only--g1&trafficSign[]=regulatory--shared-path-pedestrians-and-bicycles--g1&trafficSign[]=regulatory--dual-path-bicycles-and-pedestrians--g1&trafficSign[]=regulatory--dual-path-pedestrians-and-bicycles--g1&trafficSign[]=complementary--except-bicycles--g1&trafficSign[]=complementary--bike-route--g1&trafficSign[]=regulatory--pedestrians-only--g1)  \n(Das ist die neueste Aufnahme, auf der das Zeichen erkannt wurde: **16.07.2026**.)\n\n- 🗺️ [**In radinfra.de bzw. TILDA ansehen**](https://tilda-geo.de/regionen/radinfra?map=17.4/47.936925/8.727758&config=pdqyyt.7h3d.16g9vk&v=2&data=mapillary-cycleway-traffic-signs)  \n(Hinweis: Ist hilfreich um den aktuellen Stand der Radinfrastruktur vor Ort zu prüfen.)\n\n---\n\n### 📚 Nützliche Links\n\n- 🛑 [**Traffic Sign Tool** – DE:237](https://trafficsigns.osm-verkehrswende.org/DE?signs=DE:237)\n- 🚴 [**OSM-Wiki: Radverkehrsanlagen kartieren**](https://wiki.openstreetmap.org/wiki/DE:Bicycle/Radverkehrsanlagen_kartieren)\n- 📷 [**Chrome Browser plugin: Mapillary Traffic Sign & Image ID Copier**](https://chromewebstore.google.com/detail/mapillary-traffic-sign-im/eagencdgcmgechomeedlbkhfcihdjhdg)\n\n---\n\nViel Erfolg beim Prüfen und Mappen! 🗺️\n",
        "priority": 0,
        "name": "🟩 Task mit hoher Wahrscheinlichkeit valide"
      }
    },
    {
      "type": "Feature",
      "id": "518455932619020",
      "geometry": {
        "type": "Point",
        "coordinates": [
          8.747960329055786,
          48.62206252653584
        ]
      },
      "properties": {
        "image_id": "4468679246712314",
        "Verkehrzeichen": "240",
        "instruction": "\n### 🚧 Aufgabe: Verkehrszeichen **DE:240** überprüfen und Radinfra hinzufügen\n\nBitte schaue dir den Bereich rund um dieses erkannte Verkehrszeichen an. Vermutlich fehlt hier eine Radinfrastruktur, die du hinzufügen kannst. Die nächste OSM-Radinfra ist **mehr als 30 m** entfernt.\n\n---\n\n### 🖼️ Bild & Karte\n\n- 📷 [**Mapillary-Bild anzeigen**](https://www.mapillary.com/app/?pKey=4468679246712314&focus=photo&trafficSign[]=regulatory--bicycles-only--g1&trafficSign[]=regulatory--shared-path-pedestrians-and-bicycles--g1&trafficSign[]=regulatory--dual-path-bicycles-and-pedestrians--g1&trafficSign[]=regulatory--dual-path-pedestrians-and-bicycles--g1&trafficSign[]=complementary--except-bicycles--g1&trafficSign[]=complementary--bike-route--g1&trafficSign[]=regulatory--pedestrians-only--g1)  \n(Das ist die neueste Aufnahme, auf der das Zeichen erkannt wurde: **23.05.2026**.)\n\n- 🗺️ [**In radinfra.de bzw. TILDA ansehen**](https://tilda-geo.de/regionen/radinfra?map=17.4/48.622063/8.74796&config=pdqyyt.7h3d.16g9vk&v=2&data=mapillary-cycleway-traffic-signs)  \n(Hinweis: Ist hilfreich um den aktuellen Stand der Radinfrastruktur vor Ort zu prüfen.)\n\n---\n\n### 📚 Nützliche Links\n\n- 🛑 [**Traffic Sign Tool** – DE:240](https://trafficsigns.osm-verkehrswende.org/DE?signs=DE:240)\n- 🚴 [**OSM-Wiki: Radverkehrsanlagen kartieren**](https://wiki.openstreetmap.org/wiki/DE:Bicycle/Radverkehrsanlagen_kartieren)\n- 📷 [**Chrome Browser plugin: Mapillary Traffic Sign & Image ID Copier**](https://chromewebstore.google.com/detail/mapillary-traffic-sign-im/eagencdgcmgechomeedlbkhfcihdjhdg)\n\n---\n\nViel Erfolg beim Prüfen und Mappen! 🗺️\n",
        "priority": 0,
        "name": "🟩 Task mit hoher Wahrscheinlichkeit valide"
      }
    },
    {
      "type": "Feature",
      "id": "809096319994524",
      "geometry": {
        "type": "Point",
        "coordinates": [
          8.987926840782166,
          49.46435884861131
        ]
      },
      "properties": {
        "image_id": "1006129515540358",
        "Verkehrzeichen": "241",
        "instruction": "\n### 🚧 Aufgabe: Verkehrszeichen **DE:241** überprüfen und Radinfra hinzufügen\n\nBitte schaue dir den Bereich rund um dieses erkannte Verkehrszeichen an. Vermutlich fehlt hier eine Radinfrastruktur, die du hinzufügen kannst. Die nächste OSM-Radinfra ist **mehr als 30 m** entfernt.\n\n---\n\n### 🖼️ Bild & Karte\n\n- 📷 [**Mapillary-Bild anzeigen**](https://www.mapillary.com/app/?pKey=1006129515540358&focus=photo&trafficSign[]=regulatory--bicycles-only--g1&trafficSign[]=regulatory--shared-path-pedestrians-and-bicycles--g1&trafficSign[]=regulatory--dual-path-bicycles-and-pedestrians--g1&trafficSign[]=regulatory--dual-path-pedestrians-and-bicycles--g1&trafficSign[]=complementary--except-bicycles--g1&trafficSign[]=complementary--bike-route--g1&trafficSign[]=regulatory--pedestrians-only--g1)  \n(Das ist die neueste Aufnahme, auf der das Zeichen erkannt wurde: **11.07.2026**.)\n\n- 🗺️ [**In radinfra.de bzw. TILDA ansehen**](https://tilda-geo.de/regionen/radinfra?map=17.4/49.464359/8.987927&config=pdqyyt.7h3d.16g9vk&v=2&data=mapillary-cycleway-traffic-signs)  \n(Hinweis: Ist hilfreich um den aktuellen Stand der Radinfrastruktur vor Ort zu prüfen.)\n\n---\n\n### 📚 Nützliche Links\n\n- 🛑 [**Traffic Sign Tool** – DE:241](https://trafficsigns.osm-verkehrswende.org/DE?signs=DE:241)\n- 🚴 [**OSM-Wiki: Radverkehrsanlagen kartieren**](https://wiki.openstreetmap.org/wiki/DE:Bicycle/Radverkehrsanlagen_kartieren)\n- 📷 [**Chrome Browser plugin: Mapillary Traffic Sign & Image ID Copier**](https://chromewebstore.google.com/detail/mapillary-traffic-sign-im/eagencdgcmgechomeedlbkhfcihdjhdg)\n\n---\n\nViel Erfolg beim Prüfen und Mappen! 🗺️\n",
        "priority": 0,
        "name": "🟩 Task mit hoher Wahrscheinlichkeit valide"
      }
    },
    {
      "type": "Feature",
      "id": "525246296882105",
      "geometry": {
        "type": "Point",
        "coordinates": [
          8.988602757453918,
          49.11294897692548
        ]
      },
      "properties": {
        "image_id": "1562963914845910",
        "Verkehrzeichen": "240",
        "instruction": "\n### 🚧 Aufgabe: Verkehrszeichen **DE:240** überprüfen und Radinfra hinzufügen\n\nBitte schaue dir den Bereich rund um dieses erkannte Verkehrszeichen an. Vermutlich fehlt hier eine Radinfrastruktur, die du hinzufügen kannst. Die nächste OSM-Radinfra ist **mehr als 30 m** entfernt.\n\n---\n\n### 🖼️ Bild & Karte\n\n- 📷 [**Mapillary-Bild anzeigen**](https://www.mapillary.com/app/?pKey=1562963914845910&focus=photo&trafficSign[]=regulatory--bicycles-only--g1&trafficSign[]=regulatory--shared-path-pedestrians-and-bicycles--g1&trafficSign[]=regulatory--dual-path-bicycles-and-pedestrians--g1&trafficSign[]=regulatory--dual-path-pedestrians-and-bicycles--g1&trafficSign[]=complementary--except-bicycles--g1&trafficSign[]=complementary--bike-route--g1&trafficSign[]=regulatory--pedestrians-only--g1)  \n(Das ist die neueste Aufnahme, auf der das Zeichen erkannt wurde: **08.07.2026**.)\n\n- 🗺️ [**In radinfra.de bzw. TILDA ansehen**](https://tilda-geo.de/regionen/radinfra?map=17.4/49.112949/8.988603&config=pdqyyt.7h3d.16g9vk&v=2&data=mapillary-cycleway-traffic-signs)  \n(Hinweis: Ist hilfreich um den aktuellen Stand der Radinfrastruktur vor Ort zu prüfen.)\n\n---\n\n### 📚 Nützliche Links\n\n- 🛑 [**Traffic Sign Tool** – DE:240](https://trafficsigns.osm-verkehrswende.org/DE?signs=DE:240)\n- 🚴 [**OSM-Wiki: Radverkehrsanlagen kartieren**](https://wiki.openstreetmap.org/wiki/DE:Bicycle/Radverkehrsanlagen_kartieren)\n- 📷 [**Chrome Browser plugin: Mapillary Traffic Sign & Image ID Copier**](https://chromewebstore.google.com/detail/mapillary-traffic-sign-im/eagencdgcmgechomeedlbkhfcihdjhdg)\n\n---\n\nViel Erfolg beim Prüfen und Mappen! 🗺️\n",
        "priority": 0,
        "name": "🟩 Task mit hoher Wahrscheinlichkeit valide"
      }
    },
    {
      "type": "Feature",
      "id": "207163601215493",
      "geometry": {
        "type": "Point",
        "coordinates": [
          9.084362983703613,
          49.041560341510944
        ]
      },
      "properties": {
        "image_id": "1154315883538792",
        "Verkehrzeichen": "240",
        "instruction": "\n### 🚧 Aufgabe: Verkehrszeichen **DE:240** überprüfen und Radinfra hinzufügen\n\nBitte schaue dir den Bereich rund um dieses erkannte Verkehrszeichen an. Vermutlich fehlt hier eine Radinfrastruktur, die du hinzufügen kannst. Die nächste OSM-Radinfra ist **mehr als 30 m** entfernt.\n\n---\n\n### 🖼️ Bild & Karte\n\n- 📷 [**Mapillary-Bild anzeigen**](https://www.mapillary.com/app/?pKey=1154315883538792&focus=photo&trafficSign[]=regulatory--bicycles-only--g1&trafficSign[]=regulatory--shared-path-pedestrians-and-bicycles--g1&trafficSign[]=regulatory--dual-path-bicycles-and-pedestrians--g1&trafficSign[]=regulatory--dual-path-pedestrians-and-bicycles--g1&trafficSign[]=complementary--except-bicycles--g1&trafficSign[]=complementary--bike-route--g1&trafficSign[]=regulatory--pedestrians-only--g1)  \n(Das ist die neueste Aufnahme, auf der das Zeichen erkannt wurde: **23.11.2025**.)\n\n- 🗺️ [**In radinfra.de bzw. TILDA ansehen**](https://tilda-geo.de/regionen/radinfra?map=17.4/49.04156/9.084363&config=pdqyyt.7h3d.16g9vk&v=2&data=mapillary-cycleway-traffic-signs)  \n(Hinweis: Ist hilfreich um den aktuellen Stand der Radinfrastruktur vor Ort zu prüfen.)\n\n---\n\n### 📚 Nützliche Links\n\n- 🛑 [**Traffic Sign Tool** – DE:240](https://trafficsigns.osm-verkehrswende.org/DE?signs=DE:240)\n- 🚴 [**OSM-Wiki: Radverkehrsanlagen kartieren**](https://wiki.openstreetmap.org/wiki/DE:Bicycle/Radverkehrsanlagen_kartieren)\n- 📷 [**Chrome Browser plugin: Mapillary Traffic Sign & Image ID Copier**](https://chromewebstore.google.com/detail/mapillary-traffic-sign-im/eagencdgcmgechomeedlbkhfcihdjhdg)\n\n---\n\nViel Erfolg beim Prüfen und Mappen! 🗺️\n",
        "priority": 0,
        "name": "🟩 Task mit hoher Wahrscheinlichkeit valide"
      }
    },
    {
      "type": "Feature",
      "id": "1381657736261169",
      "geometry": {
        "type": "Point",
        "coordinates": [
          9.1059011220932,
          49.353587991085135
        ]
      },
      "properties": {
        "image_id": "2392660374477200",
        "Verkehrzeichen": "240",
        "instruction": "\n### 🚧 Aufgabe: Verkehrszeichen **DE:240** überprüfen und Radinfra hinzufügen\n\nBitte schaue dir den Bereich rund um dieses erkannte Verkehrszeichen an. Vermutlich fehlt hier eine Radinfrastruktur, die du hinzufügen kannst. Die nächste OSM-Radinfra ist **mehr als 30 m** entfernt.\n\n---\n\n### 🖼️ Bild & Karte\n\n- 📷 [**Mapillary-Bild anzeigen**](https://www.mapillary.com/app/?pKey=2392660374477200&focus=photo&trafficSign[]=regulatory--bicycles-only--g1&trafficSign[]=regulatory--shared-path-pedestrians-and-bicycles--g1&trafficSign[]=regulatory--dual-path-bicycles-and-pedestrians--g1&trafficSign[]=regulatory--dual-path-pedestrians-and-bicycles--g1&trafficSign[]=complementary--except-bicycles--g1&trafficSign[]=complementary--bike-route--g1&trafficSign[]=regulatory--pedestrians-only--g1)  \n(Das ist die neueste Aufnahme, auf der das Zeichen erkannt wurde: **13.09.2026**.)\n\n- 🗺️ [**In radinfra.de bzw. TILDA ansehen**](https://tilda-geo.de/regionen/radinfra?map=17.4/49.353588/9.105901&config=pdqyyt.7h3d.16g9vk&v=2&data=mapillary-cycleway-traffic-signs)  \n(Hinweis: Ist hilfreich um den aktuellen Stand der Radinfrastruktur vor Ort zu prüfen.)\n\n---\n\n### 📚 Nützliche Links\n\n- 🛑 [**Traffic Sign Tool** – DE:240](https://trafficsigns.osm-verkehrswende.org/DE?signs=DE:240)\n- 🚴 [**OSM-Wiki: Radverkehrsanlagen kartieren**](https://wiki.openstreetmap.org/wiki/DE:Bicycle/Radverkehrsanlagen_kartieren)\n- 📷 [**Chrome Browser plugin: Mapillary Traffic Sign & Image ID Copier**](https://chromewebstore.google.com/detail/mapillary-traffic-sign-im/eagencdgcmgechomeedlbkhfcihdjhdg)\n\n---\n\nViel Erfolg beim Prüfen und Mappen! 🗺️\n",
        "priority": 0,
        "name": "🟩 Task mit hoher Wahrscheinlichkeit valide"
      }
    },
    {
      "type": "Feature",
      "id": "832006047400121",
      "geometry": {
        "type": "Point",
        "coordinates": [
          9.162785410881042,
          49.25090866458811
        ]
      },
      "properties": {
        "image_id": "2034591310474203",
        "Verkehrzeichen": "240",
        "instruction": "\n### 🚧 Aufgabe: Verkehrszeichen **DE:240** überprüfen und Radinfra hinzufügen\n\nBitte schaue dir den Bereich rund um dieses erkannte Verkehrszeichen an. Vermutlich fehlt hier eine Radinfrastruktur, die du hinzufügen kannst. Die nächste OSM-Radinfra ist **mehr als 30 m** entfernt.\n\n---\n\n### 🖼️ Bild & Karte\n\n- 📷 [**Mapillary-Bild anzeigen**](https://www.mapillary.com/app/?pKey=2034591310474203&focus=photo&trafficSign[]=regulatory--bicycles-only--g1&trafficSign[]=regulatory--shared-path-pedestrians-and-bicycles--g1&trafficSign[]=regulatory--dual-path-bicycles-and-pedestrians--g1&trafficSign[]=regulatory--dual-path-pedestrians-and-bicycles--g1&trafficSign[]=complementary--except-bicycles--g1&trafficSign[]=complementary--bike-route--g1&trafficSign[]=regulatory--pedestrians-only--g1)  \n(Das ist die neueste Aufnahme, auf der das Zeichen erkannt wurde: **03.07.2026**.)\n\n- 🗺️ [**In radinfra.de bzw. TILDA ansehen**](https://tilda-geo.de/regionen/radinfra?map=17.4/49.250909/9.162785&config=pdqyyt.7h3d.16g9vk&v=2&data=mapillary-cycleway-traffic-signs)  \n(Hinweis: Ist hilfreich um den aktuellen Stand der Radinfrastruktur vor Ort zu prüfen.)\n\n---\n\n### 📚 Nützliche Links\n\n- 🛑 [**Traffic Sign Tool** – DE:240](https://trafficsigns.osm-verkehrswende.org/DE?signs=DE:240)\n- 🚴 [**OSM-Wiki: Radverkehrsanlagen kartieren**](https://wiki.openstreetmap.org/wiki/DE:Bicycle/Radverkehrsanlagen_kartieren)\n- 📷 [**Chrome Browser plugin: Mapillary Traffic Sign & Image ID Copier**](https://chromewebstore.google.com/detail/mapillary-traffic-sign-im/eagencdgcmgechomeedlbkhfcihdjhdg)\n\n---\n\nViel Erfolg beim Prüfen und Mappen! 🗺️\n",
        "priority": 0,
        "name": "🟩 Task mit hoher Wahrscheinlichkeit valide"
      }
    },
    {
      "type": "Feature",
      "id": "237443095107418",
      "geometry": {
        "type": "Point",
        "coordinates": [
          9.196109175682068,
          49.18463825612778
        ]
      },
      "properties": {
        "image_id": "1022947916851669",
        "Verkehrzeichen": "240",
        "instruction": "\n### 🚧 Aufgabe: Verkehrszeichen **DE:240** überprüfen und Radinfra hinzufügen\n\nBitte schaue dir den Bereich rund um dieses erkannte Verkehrszeichen an. Vermutlich fehlt hier eine Radinfrastruktur, die du hinzufügen kannst. Die nächste OSM-Radinfra ist **mehr als 30 m** entfernt.\n\n---\n\n### 🖼️ Bild & Karte\n\n- 📷 [**Mapillary-Bild anzeigen**](https://www.mapillary.com/app/?pKey=1022947916851669&focus=photo&trafficSign[]=regulatory--bicycles-only--g1&trafficSign[]=regulatory--shared-path-pedestrians-and-bicycles--g1&trafficSign[]=regulatory--dual-path-bicycles-and-pedestrians--g1&trafficSign[]=regulatory--dual-path-pedestrians-and-bicycles--g1&trafficSign[]=complementary--except-bicycles--g1&trafficSign[]=complementary--bike-route--g1&trafficSign[]=regulatory--pedestrians-only--g1)  \n(Das ist die neueste Aufnahme, auf der das Zeichen erkannt wurde: **20.06.2026**.)\n\n- 🗺️ [**In radinfra.de bzw. TILDA ansehen**](https://tilda-geo.de/regionen/radinfra?map=17.4/49.184638/9.196109&config=pdqyyt.7h3d.16g9vk&v=2&data=mapillary-cycleway-traffic-signs)  \n(Hinweis: Ist hilfreich um den aktuellen Stand der Radinfrastruktur vor Ort zu prüfen.)\n\n---\n\n### 📚 Nützliche Links\n\n- 🛑 [**Traffic Sign Tool** – DE:240](https://trafficsigns.osm-verkehrswende.org/DE?signs=DE:240)\n- 🚴 [**OSM-Wiki: Radverkehrsanlagen kartieren**](https://wiki.openstreetmap.org/wiki/DE:Bicycle/Radverkehrsanlagen_kartieren)\n- 📷 [**Chrome Browser plugin: Mapillary Traffic Sign & Image ID Copier**](https://chromewebstore.google.com/detail/mapillary-traffic-sign-im/eagencdgcmgechomeedlbkhfcihdjhdg)\n\n---\n\nViel Erfolg beim Prüfen und Mappen! 🗺️\n",
        "priority": 0,
        "name": "🟩 Task mit hoher Wahrscheinlichkeit valide"
      }
    },
    {
      "type": "Feature",
      "id": "638324401923450",
      "geometry": {
        "type": "Point",
        "coordinates": [
          9.22303855419159,
          49.19037775255089
        ]
      },
      "properties": {
        "image_id": "1404064344947531",
        "Verkehrzeichen": "240",
        "instruction": "\n### 🚧 Aufgabe: Verkehrszeichen **DE:240** überprüfen und Radinfra hinzufügen\n\nBitte schaue dir den Bereich rund um dieses erkannte Verkehrszeichen an. Vermutlich fehlt hier eine Radinfrastruktur, die du hinzufügen kannst. Die nächste OSM-Radinfra ist **mehr als 30 m** entfernt.\n\n---\n\n### 🖼️ Bild & Karte\n\n- 📷 [**Mapillary-Bild anzeigen**](https://www.mapillary.com/app/?pKey=1404064344947531&focus=photo&trafficSign[]=regulatory--bicycles-only--g1&trafficSign[]=regulatory--shared-path-pedestrians-and-bicycles--g1&trafficSign[]=regulatory--dual-path-bicycles-and-pedestrians--g1&trafficSign[]=regulatory--dual-path-pedestrians-and-bicycles--g1&trafficSign[]=complementary--except-bicycles--g1&trafficSign[]=complementary--bike-route--g1&trafficSign[]=regulatory--pedestrians-only--g1)  \n(Das ist die neueste Aufnahme, auf der das Zeichen erkannt wurde: **08.08.2026**.)\n\n- 🗺️ [**In radinfra.de bzw. TILDA ansehen**](https://tilda-geo.de/regionen/radinfra?map=17.4/49.190378/9.223039&config=pdqyyt.7h3d.16g9vk&v=2&data=mapillary-cycleway-traffic-signs)  \n(Hinweis: Ist hilfreich um den aktuellen Stand der Radinfrastruktur vor Ort zu prüfen.)\n\n---\n\n### 📚 Nützliche Links\n\n- 🛑 [**Traffic Sign Tool** – DE:240](https://trafficsigns.osm-verkehrswende.org/DE?signs=DE:240)\n- 🚴 [**OSM-Wiki: Radverkehrsanlagen kartieren**](https://wiki.openstreetmap.org/wiki/DE:Bicycle/Radverkehrsanlagen_kartieren)\n- 📷 [**Chrome Browser plugin: Mapillary Traffic Sign & Image ID Copier**](https://chromewebstore.google.com/detail/mapillary-traffic-sign-im/eagencdgcmgechomeedlbkhfcihdjhdg)\n\n---\n\nViel Erfolg beim Prüfen und Mappen! 🗺️\n",
        "priority": 0,
        "name": "🟩 Task mit hoher Wahrscheinlichkeit valide"
      }
    },
    {
      "type": "Feature",
      "id": "1245369607198556",
      "geometry": {
        "type": "Point",
        "coordinates": [
          9.216746091842651,
          49.189616965707756
        ]
      },
      "properties": {
        "image_id": "1527513595498055",
        "Verkehrzeichen": "240",
        "instruction": "\n### 🚧 Aufgabe: Verkehrszeichen **DE:240** überprüfen und Radinfra hinzufügen\n\nBitte schaue dir den Bereich rund um dieses erkannte Verkehrszeichen an. Vermutlich fehlt hier eine Radinfrastruktur, die du hinzufügen kannst. Die nächste OSM-Radinfra ist **ca. 27 m** entfernt.\n\n---\n\n### 🖼️ Bild & Karte\n\n- 📷 [**Mapillary-Bild anzeigen**](https://www.mapillary.com/app/?pKey=1527513595498055&focus=photo&trafficSign[]=regulatory--bicycles-only--g1&trafficSign[]=regulatory--shared-path-pedestrians-and-bicycles--g1&trafficSign[]=regulatory--dual-path-bicycles-and-pedestrians--g1&trafficSign[]=regulatory--dual-path-pedestrians-and-bicycles--g1&trafficSign[]=complementary--except-bicycles--g1&trafficSign[]=complementary--bike-route--g1&trafficSign[]=regulatory--pedestrians-only--g1)  \n(Das ist die neueste Aufnahme, auf der das Zeichen erkannt wurde: **21.05.2026**.)\n\n- 🗺️ [**In radinfra.de bzw. TILDA ansehen**](https://tilda-geo.de/regionen/radinfra?map=17.4/49.189617/9.216746&config=pdqyyt.7h3d.16g9vk&v=2&data=mapillary-cycleway-traffic-signs)  \n(Hinweis: Ist hilfreich um den aktuellen Stand der Radinfrastruktur vor Ort zu prüfen.)\n\n---\n\n### 📚 Nützliche Links\n\n- 🛑 [**Traffic Sign Tool** – DE:240](https://trafficsigns.osm-verkehrswende.org/DE?signs=DE:240)\n- 🚴 [**OSM-Wiki: Radverkehrsanlagen kartieren**](https://wiki.openstreetmap.org/wiki/DE:Bicycle/Radverkehrsanlagen_kartieren)\n- 📷 [**Chrome Browser plugin: Mapillary Traffic Sign & Image ID Copier**](https://chromewebstore.google.com/detail/mapillary-traffic-sign-im/eagencdgcmgechomeedlbkhfcihdjhdg)\n\n---\n\nViel Erfolg beim Prüfen und Mappen! 🗺️\n",
        "priority": 1,
        "name": "🟨 Task mit mittlerer Wahrscheinlichkeit valide"
      }
    },
    {
      "type": "Feature",
      "id": "834452831193687",
      "geometry": {
        "type": "Point",
        "coordinates": [
          9.217057228088379,
          48.69558493432626
        ]
      },
      "properties": {
        "image_id": "1703422784183507",
        "Verkehrzeichen": "237",
        "instruction": "\n### 🚧 Aufgabe: Verkehrszeichen **DE:237** überprüfen und Radinfra hinzufügen\n\nBitte schaue dir den Bereich rund um dieses erkannte Verkehrszeichen an. Vermutlich fehlt hier eine Radinfrastruktur, die du hinzufügen kannst. Die nächste OSM-Radinfra ist **mehr als 30 m** entfernt.\n\n---\n\n### 🖼️ Bild & Karte\n\n- 📷 [**Mapillary-Bild anzeigen**](https://www.mapillary.com/app/?pKey=1703422784183507&focus=photo&trafficSign[]=regulatory--bicycles-only--g1&trafficSign[]=regulatory--shared-path-pedestrians-and-bicycles--g1&trafficSign[]=regulatory--dual-path-bicycles-and-pedestrians--g1&trafficSign[]=regulatory--dual-path-pedestrians-and-bicycles--g1&trafficSign[]=complementary--except-bicycles--g1&trafficSign[]=complementary--bike-route--g1&trafficSign[]=regulatory--pedestrians-only--g1)  \n(Das ist die neueste Aufnahme, auf der das Zeichen erkannt wurde: **03.06.2026**.)\n\n- 🗺️ [**In radinfra.de bzw. TILDA ansehen**](https://tilda-geo.de/regionen/radinfra?map=17.4/48.695585/9.217057&config=pdqyyt.7h3d.16g9vk&v=2&data=mapillary-cycleway-traffic-signs)  \n(Hinweis: Ist hilfreich um den aktuellen Stand der Radinfrastruktur vor Ort zu prüfen.)\n\n---\n\n### 📚 Nützliche Links\n\n- 🛑 [**Traffic Sign Tool** – DE:237](https://trafficsigns.osm-verkehrswende.org/DE?signs=DE:237)\n- 🚴 [**OSM-Wiki: Radverkehrsanlagen kartieren**](https://wiki.openstreetmap.org/wiki/DE:Bicycle/Radverkehrsanlagen_kartieren)\n- 📷 [**Chrome Browser plugin: Mapillary Traffic Sign & Image ID Copier**](https://chromewebstore.google.com/detail/mapillary-traffic-sign-im/eagencdgcmgechomeedlbkhfcihdjhdg)\n\n---\n\nViel Erfolg beim Prüfen und Mappen! 🗺️\n",
        "priority": 0,
        "name": "🟩 Task mit hoher Wahrscheinlichkeit valide"
      }
    },
    {
      "type": "Feature",
      "id": "484457289441718",
      "geometry": {
        "type": "Point",
        "coordinates": [
          9.210861325263977,
          48.08912024844781
        ]
      },
      "properties": {
        "image_id": "1577357420767887",
        "Verkehrzeichen": "240",
        "instruction": "\n### 🚧 Aufgabe: Verkehrszeichen **DE:240** überprüfen und Radinfra hinzufügen\n\nBitte schaue dir den Bereich rund um dieses erkannte Verkehrszeichen an. Vermutlich fehlt hier eine Radinfrastruktur, die du hinzufügen kannst. Die nächste OSM-Radinfra ist **mehr als 30 m** entfernt.\n\n---\n\n### 🖼️ Bild & Karte\n\n- 📷 [**Mapillary-Bild anzeigen**](https://www.mapillary.com/app/?pKey=1577357420767887&focus=photo&trafficSign[]=regulatory--bicycles-only--g1&trafficSign[]=regulatory--shared-path-pedestrians-and-bicycles--g1&trafficSign[]=regulatory--dual-path-bicycles-and-pedestrians--g1&trafficSign[]=regulatory--dual-path-pedestrians-and-bicycles--g1&trafficSign[]=complementary--except-bicycles--g1&trafficSign[]=complementary--bike-route--g1&trafficSign[]=regulatory--pedestrians-only--g1)  \n(Das ist die neueste Aufnahme, auf der das Zeichen erkannt wurde: **11.07.2026**.)\n\n- 🗺️ [**In radinfra.de bzw. TILDA ansehen**](https://tilda-geo.de/regionen/radinfra?map=17.4/48.08912/9.210861&config=pdqyyt.7h3d.16g9vk&v=2&data=mapillary-cycleway-traffic-signs)  \n(Hinweis: Ist hilfreich um den aktuellen Stand der Radinfrastruktur vor Ort zu prüfen.)\n\n---\n\n### 📚 Nützliche Links\n\n- 🛑 [**Traffic Sign Tool** – DE:240](https://trafficsigns.osm-verkehrswende.org/DE?signs=DE:240)\n- 🚴 [**OSM-Wiki: Radverkehrsanlagen kartieren**](https://wiki.openstreetmap.org/wiki/DE:Bicycle/Radverkehrsanlagen_kartieren)\n- 📷 [**Chrome Browser plugin: Mapillary Traffic Sign & Image ID Copier**](https://chromewebstore.google.com/detail/mapillary-traffic-sign-im/eagencdgcmgechomeedlbkhfcihdjhdg)\n\n---\n\nViel Erfolg beim Prüfen und Mappen! 🗺️\n",
        "priority": 0,
        "name": "🟩 Task mit hoher Wahrscheinlichkeit valide"
      }
    },
    {
      "type": "Feature",
      "id": "1512618302876557",
      "geometry": {
        "type": "Point",
        "coordinates": [
          9.23002302646637,
          49.193624112393564
        ]
      },
      "properties": {
        "image_id": "1810656606587415",
        "Verkehrzeichen": "240",
        "instruction": "\n### 🚧 Aufgabe: Verkehrszeichen **DE:240** überprüfen und Radinfra hinzufügen\n\nBitte schaue dir den Bereich rund um dieses erkannte Verkehrszeichen an. Vermutlich fehlt hier eine Radinfrastruktur, die du hinzufügen kannst. Die nächste OSM-Radinfra ist **mehr als 30 m** entfernt.\n\n---\n\n### 🖼️ Bild & Karte\n\n- 📷 [**Mapillary-Bild anzeigen**](https://www.mapillary.com/app/?pKey=1810656606587415&focus=photo&trafficSign[]=regulatory--bicycles-only--g1&trafficSign[]=regulatory--shared-path-pedestrians-and-bicycles--g1&trafficSign[]=regulatory--dual-path-bicycles-and-pedestrians--g1&trafficSign[]=regulatory--dual-path-pedestrians-and-bicycles--g1&trafficSign[]=complementary--except-bicycles--g1&trafficSign[]=complementary--bike-route--g1&trafficSign[]=regulatory--pedestrians-only--g1)  \n(Das ist die neueste Aufnahme, auf der das Zeichen erkannt wurde: **01.09.2026**.)\n\n- 🗺️ [**In radinfra.de bzw. TILDA ansehen**](https://tilda-geo.de/regionen/radinfra?map=17.4/49.193624/9.230023&config=pdqyyt.7h3d.16g9vk&v=2&data=mapillary-cycleway-traffic-signs)  \n(Hinweis: Ist hilfreich um den aktuellen Stand der Radinfrastruktur vor Ort zu prüfen.)\n\n---\n\n### 📚 Nützliche Links\n\n- 🛑 [**Traffic Sign Tool** – DE:240](https://trafficsigns.osm-verkehrswende.org/DE?signs=DE:240)\n- 🚴 [**OSM-Wiki: Radverkehrsanlagen kartieren**](https://wiki.openstreetmap.org/wiki/DE:Bicycle/Radverkehrsanlagen_kartieren)\n- 📷 [**Chrome Browser plugin: Mapillary Traffic Sign & Image ID Copier**](https://chromewebstore.google.com/detail/mapillary-traffic-sign-im/eagencdgcmgechomeedlbkhfcihdjhdg)\n\n---\n\nViel Erfolg beim Prüfen und Mappen! 🗺️\n",
        "priority": 0,
        "name": "🟩 Task mit hoher Wahrscheinlichkeit valide"
      }
    },
    {
      "type": "Feature",
      "id": "471752898405583",
      "geometry": {
        "type": "Point",
        "coordinates": [
          9.235612750053406,
          48.800323447807415
        ]
      },
      "properties": {
        "image_id": "1919561658727034",
        "Verkehrzeichen": "240",
        "instruction": "\n### 🚧 Aufgabe: Verkehrszeichen **DE:240** überprüfen und Radinfra hinzufügen\n\nBitte schaue dir den Bereich rund um dieses erkannte Verkehrszeichen an. Vermutlich fehlt hier eine Radinfrastruktur, die du hinzufügen kannst. Die nächste OSM-Radinfra ist **mehr als 30 m** entfernt.\n\n---\n\n### 🖼️ Bild & Karte\n\n- 📷 [**Mapillary-Bild anzeigen**](https://www.mapillary.com/app/?pKey=1919561658727034&focus=photo&trafficSign[]=regulatory--bicycles-only--g1&trafficSign[]=regulatory--shared-path-pedestrians-and-bicycles--g1&trafficSign[]=regulatory--dual-path-bicycles-and-pedestrians--g1&trafficSign[]=regulatory--dual-path-pedestrians-and-bicycles--g1&trafficSign[]=complementary--except-bicycles--g1&trafficSign[]=complementary--bike-route--g1&trafficSign[]=regulatory--pedestrians-only--g1)  \n(Das ist die neueste Aufnahme, auf der das Zeichen erkannt wurde: **01.07.2026**.)\n\n- 🗺️ [**In radinfra.de bzw. TILDA ansehen**](https://tilda-geo.de/regionen/radinfra?map=17.4/48.800323/9.235613&config=pdqyyt.7h3d.16g9vk&v=2&data=mapillary-cycleway-traffic-signs)  \n(Hinweis: Ist hilfreich um den aktuellen Stand der Radinfrastruktur vor Ort zu prüfen.)\n\n---\n\n### 📚 Nützliche Links\n\n- 🛑 [**Traffic Sign Tool** – DE:240](https://trafficsigns.osm-verkehrswende.org/DE?signs=DE:240)\n- 🚴 [**OSM-Wiki: Radverkehrsanlagen kartieren**](https://wiki.openstreetmap.org/wiki/DE:Bicycle/Radverkehrsanlagen_kartieren)\n- 📷 [**Chrome Browser plugin: Mapillary Traffic Sign & Image ID Copier**](https://chromewebstore.google.com/detail/mapillary-traffic-sign-im/eagencdgcmgechomeedlbkhfcihdjhdg)\n\n---\n\nViel Erfolg beim Prüfen und Mappen! 🗺️\n",
        "priority": 0,
        "name": "🟩 Task mit hoher Wahrscheinlichkeit valide"
      }
    },
    {
      "type": "Feature",
      "id": "2011036876378132",
      "geometry": {
        "type": "Point",
        "coordinates": [
          9.478653073310852,
          48.709300261868464
        ]
      },
      "properties": {
        "image_id": "1498889281672727",
        "Verkehrzeichen": "240",
        "instruction": "\n### 🚧 Aufgabe: Verkehrszeichen **DE:240** überprüfen und Radinfra hinzufügen\n\nBitte schaue dir den Bereich rund um dieses erkannte Verkehrszeichen an. Vermutlich fehlt hier eine Radinfrastruktur, die du hinzufügen kannst. Die nächste OSM-Radinfra ist **ca. 29 m** entfernt.\n\n---\n\n### 🖼️ Bild & Karte\n\n- 📷 [**Mapillary-Bild anzeigen**](https://www.mapillary.com/app/?pKey=1498889281672727&focus=photo&trafficSign[]=regulatory--bicycles-only--g1&trafficSign[]=regulatory--shared-path-pedestrians-and-bicycles--g1&trafficSign[]=regulatory--dual-path-bicycles-and-pedestrians--g1&trafficSign[]=regulatory--dual-path-pedestrians-and-bicycles--g1&trafficSign[]=complementary--except-bicycles--g1&trafficSign[]=complementary--bike-route--g1&trafficSign[]=regulatory--pedestrians-only--g1)  \n(Das ist die neueste Aufnahme, auf der das Zeichen erkannt wurde: **08.03.2026**.)\n\n- 🗺️ [**In radinfra.de bzw. TILDA ansehen**](https://tilda-geo.de/regionen/radinfra?map=17.4/48.7093/9.478653&config=pdqyyt.7h3d.16g9vk&v=2&data=mapillary-cycleway-traffic-signs)  \n(Hinweis: Ist hilfreich um den aktuellen Stand der Radinfrastruktur vor Ort zu prüfen.)\n\n---\n\n### 📚 Nützliche Links\n\n- 🛑 [**Traffic Sign Tool** – DE:240](https://trafficsigns.osm-verkehrswende.org/DE?signs=DE:240)\n- 🚴 [**OSM-Wiki: Radverkehrsanlagen kartieren**](https://wiki.openstreetmap.org/wiki/DE:Bicycle/Radverkehrsanlagen_kartieren)\n- 📷 [**Chrome Browser plugin: Mapillary Traffic Sign & Image ID Copier**](https://chromewebstore.google.com/detail/mapillary-traffic-sign-im/eagencdgcmgechomeedlbkhfcihdjhdg)\n\n---\n\nViel Erfolg beim Prüfen und Mappen! 🗺️\n",
        "priority": 1,
        "name": "🟨 Task mit mittlerer Wahrscheinlichkeit valide"
      }
    },
    {
      "type": "Feature",
      "id": "258194872724408",
      "geometry": {
        "type": "Point",
        "coordinates": [
          9.471813440322876,
          48.70880821744453
        ]
      },
      "properties": {
        "image_id": "1647592593091867",
        "Verkehrzeichen": "240",
        "instruction": "\n### 🚧 Aufgabe: Verkehrszeichen **DE:240** überprüfen und Radinfra hinzufügen\n\nBitte schaue dir den Bereich rund um dieses erkannte Verkehrszeichen an. Vermutlich fehlt hier eine Radinfrastruktur, die du hinzufügen kannst. Die nächste OSM-Radinfra ist **mehr als 30 m** entfernt.\n\n---\n\n### 🖼️ Bild & Karte\n\n- 📷 [**Mapillary-Bild anzeigen**](https://www.mapillary.com/app/?pKey=1647592593091867&focus=photo&trafficSign[]=regulatory--bicycles-only--g1&trafficSign[]=regulatory--shared-path-pedestrians-and-bicycles--g1&trafficSign[]=regulatory--dual-path-bicycles-and-pedestrians--g1&trafficSign[]=regulatory--dual-path-pedestrians-and-bicycles--g1&trafficSign[]=complementary--except-bicycles--g1&trafficSign[]=complementary--bike-route--g1&trafficSign[]=regulatory--pedestrians-only--g1)  \n(Das ist die neueste Aufnahme, auf der das Zeichen erkannt wurde: **08.03.2026**.)\n\n- 🗺️ [**In radinfra.de bzw. TILDA ansehen**](https://tilda-geo.de/regionen/radinfra?map=17.4/48.708808/9.471813&config=pdqyyt.7h3d.16g9vk&v=2&data=mapillary-cycleway-traffic-signs)  \n(Hinweis: Ist hilfreich um den aktuellen Stand der Radinfrastruktur vor Ort zu prüfen.)\n\n---\n\n### 📚 Nützliche Links\n\n- 🛑 [**Traffic Sign Tool** – DE:240](https://trafficsigns.osm-verkehrswende.org/DE?signs=DE:240)\n- 🚴 [**OSM-Wiki: Radverkehrsanlagen kartieren**](https://wiki.openstreetmap.org/wiki/DE:Bicycle/Radverkehrsanlagen_kartieren)\n- 📷 [**Chrome Browser plugin: Mapillary Traffic Sign & Image ID Copier**](https://chromewebstore.google.com/detail/mapillary-traffic-sign-im/eagencdgcmgechomeedlbkhfcihdjhdg)\n\n---\n\nViel Erfolg beim Prüfen und Mappen! 🗺️\n",
        "priority": 0,
        "name": "🟩 Task mit hoher Wahrscheinlichkeit valide"
      }
    },
    {
      "type": "Feature",
      "id": "5249346975167764",
      "geometry": {
        "type": "Point",
        "coordinates": [
          9.63526725769043,
          48.732106018032056
        ]
      },
      "properties": {
        "image_id": "1509657987173570",
        "Verkehrzeichen": "240",
        "instruction": "\n### 🚧 Aufgabe: Verkehrszeichen **DE:240** überprüfen und Radinfra hinzufügen\n\nBitte schaue dir den Bereich rund um dieses erkannte Verkehrszeichen an. Vermutlich fehlt hier eine Radinfrastruktur, die du hinzufügen kannst. Die nächste OSM-Radinfra ist **mehr als 30 m** entfernt.\n\n---\n\n### 🖼️ Bild & Karte\n\n- 📷 [**Mapillary-Bild anzeigen**](https://www.mapillary.com/app/?pKey=1509657987173570&focus=photo&trafficSign[]=regulatory--bicycles-only--g1&trafficSign[]=regulatory--shared-path-pedestrians-and-bicycles--g1&trafficSign[]=regulatory--dual-path-bicycles-and-pedestrians--g1&trafficSign[]=regulatory--dual-path-pedestrians-and-bicycles--g1&trafficSign[]=complementary--except-bicycles--g1&trafficSign[]=complementary--bike-route--g1&trafficSign[]=regulatory--pedestrians-only--g1)  \n(Das ist die neueste Aufnahme, auf der das Zeichen erkannt wurde: **03.05.2026**.)\n\n- 🗺️ [**In radinfra.de bzw. TILDA ansehen**](https://tilda-geo.de/regionen/radinfra?map=17.4/48.732106/9.635267&config=pdqyyt.7h3d.16g9vk&v=2&data=mapillary-cycleway-traffic-signs)  \n(Hinweis: Ist hilfreich um den aktuellen Stand der Radinfrastruktur vor Ort zu prüfen.)\n\n---\n\n### 📚 Nützliche Links\n\n- 🛑 [**Traffic Sign Tool** – DE:240](https://trafficsigns.osm-verkehrswende.org/DE?signs=DE:240)\n- 🚴 [**OSM-Wiki: Radverkehrsanlagen kartieren**](https://wiki.openstreetmap.org/wiki/DE:Bicycle/Radverkehrsanlagen_kartieren)\n- 📷 [**Chrome Browser plugin: Mapillary Traffic Sign & Image ID Copier**](https://chromewebstore.google.com/detail/mapillary-traffic-sign-im/eagencdgcmgechomeedlbkhfcihdjhdg)\n\n---\n\nViel Erfolg beim Prüfen und Mappen! 🗺️\n",
        "priority": 0,
        "name": "🟩 Task mit hoher Wahrscheinlichkeit valide"
      }
    },
    {
      "type": "Feature",
      "id": "129362749169371",
      "geometry": {
        "type": "Point",
        "coordinates": [
          9.696346521377563,
          48.69799618547651
        ]
      },
      "properties": {
        "image_id": "1926603857981248",
        "Verkehrzeichen": "240",
        "instruction": "\n### 🚧 Aufgabe: Verkehrszeichen **DE:240** überprüfen und Radinfra hinzufügen\n\nBitte schaue dir den Bereich rund um dieses erkannte Verkehrszeichen an. Vermutlich fehlt hier eine Radinfrastruktur, die du hinzufügen kannst. Die nächste OSM-Radinfra ist **mehr als 30 m** entfernt.\n\n---\n\n### 🖼️ Bild & Karte\n\n- 📷 [**Mapillary-Bild anzeigen**](https://www.mapillary.com/app/?pKey=1926603857981248&focus=photo&trafficSign[]=regulatory--bicycles-only--g1&trafficSign[]=regulatory--shared-path-pedestrians-and-bicycles--g1&trafficSign[]=regulatory--dual-path-bicycles-and-pedestrians--g1&trafficSign[]=regulatory--dual-path-pedestrians-and-bicycles--g1&trafficSign[]=complementary--except-bicycles--g1&trafficSign[]=complementary--bike-route--g1&trafficSign[]=regulatory--pedestrians-only--g1)  \n(Das ist die neueste Aufnahme, auf der das Zeichen erkannt wurde: **13.04.2026**.)\n\n- 🗺️ [**In radinfra.de bzw. TILDA ansehen**](https://tilda-geo.de/regionen/radinfra?map=17.4/48.697996/9.696347&config=pdqyyt.7h3d.16g9vk&v=2&data=mapillary-cycleway-traffic-signs)  \n(Hinweis: Ist hilfreich um den aktuellen Stand der Radinfrastruktur vor Ort zu prüfen.)\n\n---\n\n### 📚 Nützliche Links\n\n- 🛑 [**Traffic Sign Tool** – DE:240](https://trafficsigns.osm-verkehrswende.org/DE?signs=DE:240)\n- 🚴 [**OSM-Wiki: Radverkehrsanlagen kartieren**](https://wiki.openstreetmap.org/wiki/DE:Bicycle/Radverkehrsanlagen_kartieren)\n- 📷 [**Chrome Browser plugin: Mapillary Traffic Sign & Image ID Copier**](https://chromewebstore.google.com/detail/mapillary-traffic-sign-im/eagencdgcmgechomeedlbkhfcihdjhdg)\n\n---\n\nViel Erfolg beim Prüfen und Mappen! 🗺️\n",
        "priority": 0,
        "name": "🟩 Task mit hoher Wahrscheinlichkeit valide"
      }
    },
    {
      "type": "Feature",
      "id": "302865191328462",
      "geometry": {
        "type": "Point",
        "coordinates": [
          9.840053915977478,
          48.210993750258524
        ]
      },
      "properties": {
        "image_id": "1352571592397227",
        "Verkehrzeichen": "240",
        "instruction": "\n### 🚧 Aufgabe: Verkehrszeichen **DE:240** überprüfen und Radinfra hinzufügen\n\nBitte schaue dir den Bereich rund um dieses erkannte Verkehrszeichen an. Vermutlich fehlt hier eine Radinfrastruktur, die du hinzufügen kannst. Die nächste OSM-Radinfra ist **mehr als 30 m** entfernt.\n\n---\n\n### 🖼️ Bild & Karte\n\n- 📷 [**Mapillary-Bild anzeigen**](https://www.mapillary.com/app/?pKey=1352571592397227&focus=photo&trafficSign[]=regulatory--bicycles-only--g1&trafficSign[]=regulatory--shared-path-pedestrians-and-bicycles--g1&trafficSign[]=regulatory--dual-path-bicycles-and-pedestrians--g1&trafficSign[]=regulatory--dual-path-pedestrians-and-bicycles--g1&trafficSign[]=complementary--except-bicycles--g1&trafficSign[]=complementary--bike-route--g1&trafficSign[]=regulatory--pedestrians-only--g1)  \n(Das ist die neueste Aufnahme, auf der das Zeichen erkannt wurde: **05.08.2025**.)\n\n- 🗺️ [**In radinfra.de bzw. TILDA ansehen**](https://tilda-geo.de/regionen/radinfra?map=17.4/48.210994/9.840054&config=pdqyyt.7h3d.16g9vk&v=2&data=mapillary-cycleway-traffic-signs)  \n(Hinweis: Ist hilfreich um den aktuellen Stand der Radinfrastruktur vor Ort zu prüfen.)\n\n---\n\n### 📚 Nützliche Links\n\n- 🛑 [**Traffic Sign Tool** – DE:240](https://trafficsigns.osm-verkehrswende.org/DE?signs=DE:240)\n- 🚴 [**OSM-Wiki: Radverkehrsanlagen kartieren**](https://wiki.openstreetmap.org/wiki/DE:Bicycle/Radverkehrsanlagen_kartieren)\n- 📷 [**Chrome Browser plugin: Mapillary Traffic Sign & Image ID Copier**](https://chromewebstore.google.com/detail/mapillary-traffic-sign-im/eagencdgcmgechomeedlbkhfcihdjhdg)\n\n---\n\nViel Erfolg beim Prüfen und Mappen! 🗺️\n",
        "priority": 0,
        "name": "🟩 Task mit hoher Wahrscheinlichkeit valide"
      }
    },
    {
      "type": "Feature",
      "id": "1043811657474361",
      "geometry": {
        "type": "Point",
        "coordinates": [
          9.84725296497345,
          48.21190888868213
        ]
      },
      "properties": {
        "image_id": "1909600309767842",
        "Verkehrzeichen": "240",
        "instruction": "\n### 🚧 Aufgabe: Verkehrszeichen **DE:240** überprüfen und Radinfra hinzufügen\n\nBitte schaue dir den Bereich rund um dieses erkannte Verkehrszeichen an. Vermutlich fehlt hier eine Radinfrastruktur, die du hinzufügen kannst. Die nächste OSM-Radinfra ist **mehr als 30 m** entfernt.\n\n---\n\n### 🖼️ Bild & Karte\n\n- 📷 [**Mapillary-Bild anzeigen**](https://www.mapillary.com/app/?pKey=1909600309767842&focus=photo&trafficSign[]=regulatory--bicycles-only--g1&trafficSign[]=regulatory--shared-path-pedestrians-and-bicycles--g1&trafficSign[]=regulatory--dual-path-bicycles-and-pedestrians--g1&trafficSign[]=regulatory--dual-path-pedestrians-and-bicycles--g1&trafficSign[]=complementary--except-bicycles--g1&trafficSign[]=complementary--bike-route--g1&trafficSign[]=regulatory--pedestrians-only--g1)  \n(Das ist die neueste Aufnahme, auf der das Zeichen erkannt wurde: **05.08.2025**.)\n\n- 🗺️ [**In radinfra.de bzw. TILDA ansehen**](https://tilda-geo.de/regionen/radinfra?map=17.4/48.211909/9.847253&config=pdqyyt.7h3d.16g9vk&v=2&data=mapillary-cycleway-traffic-signs)  \n(Hinweis: Ist hilfreich um den aktuellen Stand der Radinfrastruktur vor Ort zu prüfen.)\n\n---\n\n### 📚 Nützliche Links\n\n- 🛑 [**Traffic Sign Tool** – DE:240](https://trafficsigns.osm-verkehrswende.org/DE?signs=DE:240)\n- 🚴 [**OSM-Wiki: Radverkehrsanlagen kartieren**](https://wiki.openstreetmap.org/wiki/DE:Bicycle/Radverkehrsanlagen_kartieren)\n- 📷 [**Chrome Browser plugin: Mapillary Traffic Sign & Image ID Copier**](https://chromewebstore.google.com/detail/mapillary-traffic-sign-im/eagencdgcmgechomeedlbkhfcihdjhdg)\n\n---\n\nViel Erfolg beim Prüfen und Mappen! 🗺️\n",
        "priority": 0,
        "name": "🟩 Task mit hoher Wahrscheinlichkeit valide"
      }
    },
    {
      "type": "Feature",
      "id": "1263908554965563",
      "geometry": {
        "type": "Point",
        "coordinates": [
          9.91988718509674,
          48.24807235309274
        ]
      },
      "properties": {
        "image_id": "925584373538261",
        "Verkehrzeichen": "240",
        "instruction": "\n### 🚧 Aufgabe: Verkehrszeichen **DE:240** überprüfen und Radinfra hinzufügen\n\nBitte schaue dir den Bereich rund um dieses erkannte Verkehrszeichen an. Vermutlich fehlt hier eine Radinfrastruktur, die du hinzufügen kannst. Die nächste OSM-Radinfra ist **ca. 29 m** entfernt.\n\n---\n\n### 🖼️ Bild & Karte\n\n- 📷 [**Mapillary-Bild anzeigen**](https://www.mapillary.com/app/?pKey=925584373538261&focus=photo&trafficSign[]=regulatory--bicycles-only--g1&trafficSign[]=regulatory--shared-path-pedestrians-and-bicycles--g1&trafficSign[]=regulatory--dual-path-bicycles-and-pedestrians--g1&trafficSign[]=regulatory--dual-path-pedestrians-and-bicycles--g1&trafficSign[]=complementary--except-bicycles--g1&trafficSign[]=complementary--bike-route--g1&trafficSign[]=regulatory--pedestrians-only--g1)  \n(Das ist die neueste Aufnahme, auf der das Zeichen erkannt wurde: **05.04.2026**.)\n\n- 🗺️ [**In radinfra.de bzw. TILDA ansehen**](https://tilda-geo.de/regionen/radinfra?map=17.4/48.248072/9.919887&config=pdqyyt.7h3d.16g9vk&v=2&data=mapillary-cycleway-traffic-signs)  \n(Hinweis: Ist hilfreich um den aktuellen Stand der Radinfrastruktur vor Ort zu prüfen.)\n\n---\n\n### 📚 Nützliche Links\n\n- 🛑 [**Traffic Sign Tool** – DE:240](https://trafficsigns.osm-verkehrswende.org/DE?signs=DE:240)\n- 🚴 [**OSM-Wiki: Radverkehrsanlagen kartieren**](https://wiki.openstreetmap.org/wiki/DE:Bicycle/Radverkehrsanlagen_kartieren)\n- 📷 [**Chrome Browser plugin: Mapillary Traffic Sign & Image ID Copier**](https://chromewebstore.google.com/detail/mapillary-traffic-sign-im/eagencdgcmgechomeedlbkhfcihdjhdg)\n\n---\n\nViel Erfolg beim Prüfen und Mappen! 🗺️\n",
        "priority": 1,
        "name": "🟨 Task mit mittlerer Wahrscheinlichkeit valide"
      }
    },
    {
      "type": "Feature",
      "id": "2388303564840982",
      "geometry": {
        "type": "Point",
        "coordinates": [
          10.345714688301086,
          48.86211740600376
        ]
      },
      "properties": {
        "image_id": "1242992477680389",
        "Verkehrzeichen": "240",
        "instruction": "\n### 🚧 Aufgabe: Verkehrszeichen **DE:240** überprüfen und Radinfra hinzufügen\n\nBitte schaue dir den Bereich rund um dieses erkannte Verkehrszeichen an. Vermutlich fehlt hier eine Radinfrastruktur, die du hinzufügen kannst. Die nächste OSM-Radinfra ist **mehr als 30 m** entfernt.\n\n---\n\n### 🖼️ Bild & Karte\n\n- 📷 [**Mapillary-Bild anzeigen**](https://www.mapillary.com/app/?pKey=1242992477680389&focus=photo&trafficSign[]=regulatory--bicycles-only--g1&trafficSign[]=regulatory--shared-path-pedestrians-and-bicycles--g1&trafficSign[]=regulatory--dual-path-bicycles-and-pedestrians--g1&trafficSign[]=regulatory--dual-path-pedestrians-and-bicycles--g1&trafficSign[]=complementary--except-bicycles--g1&trafficSign[]=complementary--bike-route--g1&trafficSign[]=regulatory--pedestrians-only--g1)  \n(Das ist die neueste Aufnahme, auf der das Zeichen erkannt wurde: **31.01.2026**.)\n\n- 🗺️ [**In radinfra.de bzw. TILDA ansehen**](https://tilda-geo.de/regionen/radinfra?map=17.4/48.862117/10.345715&config=pdqyyt.7h3d.16g9vk&v=2&data=mapillary-cycleway-traffic-signs)  \n(Hinweis: Ist hilfreich um den aktuellen Stand der Radinfrastruktur vor Ort zu prüfen.)\n\n---\n\n### 📚 Nützliche Links\n\n- 🛑 [**Traffic Sign Tool** – DE:240](https://trafficsigns.osm-verkehrswende.org/DE?signs=DE:240)\n- 🚴 [**OSM-Wiki: Radverkehrsanlagen kartieren**](https://wiki.openstreetmap.org/wiki/DE:Bicycle/Radverkehrsanlagen_kartieren)\n- 📷 [**Chrome Browser plugin: Mapillary Traffic Sign & Image ID Copier**](https://chromewebstore.google.com/detail/mapillary-traffic-sign-im/eagencdgcmgechomeedlbkhfcihdjhdg)\n\n---\n\nViel Erfolg beim Prüfen und Mappen! 🗺️\n",
        "priority": 0,
        "name": "🟩 Task mit hoher Wahrscheinlichkeit valide"
      }
    },
    {
      "type": "Feature",
      "id": "797691361774291",
      "geometry": {
        "type": "Point",
        "coordinates": [
          9.414440989494324,
          49.78580148200626
        ]
      },
      "properties": {
        "image_id": "1524647822651886",
        "Verkehrzeichen": "240",
        "instruction": "\n### 🚧 Aufgabe: Verkehrszeichen **DE:240** überprüfen und Radinfra hinzufügen\n\nBitte schaue dir den Bereich rund um dieses erkannte Verkehrszeichen an. Vermutlich fehlt hier eine Radinfrastruktur, die du hinzufügen kannst. Die nächste OSM-Radinfra ist **mehr als 30 m** entfernt.\n\n---\n\n### 🖼️ Bild & Karte\n\n- 📷 [**Mapillary-Bild anzeigen**](https://www.mapillary.com/app/?pKey=1524647822651886&focus=photo&trafficSign[]=regulatory--bicycles-only--g1&trafficSign[]=regulatory--shared-path-pedestrians-and-bicycles--g1&trafficSign[]=regulatory--dual-path-bicycles-and-pedestrians--g1&trafficSign[]=regulatory--dual-path-pedestrians-and-bicycles--g1&trafficSign[]=complementary--except-bicycles--g1&trafficSign[]=complementary--bike-route--g1&trafficSign[]=regulatory--pedestrians-only--g1)  \n(Das ist die neueste Aufnahme, auf der das Zeichen erkannt wurde: **26.05.2026**.)\n\n- 🗺️ [**In radinfra.de bzw. TILDA ansehen**](https://tilda-geo.de/regionen/radinfra?map=17.4/49.785801/9.414441&config=pdqyyt.7h3d.16g9vk&v=2&data=mapillary-cycleway-traffic-signs)  \n(Hinweis: Ist hilfreich um den aktuellen Stand der Radinfrastruktur vor Ort zu prüfen.)\n\n---\n\n### 📚 Nützliche Links\n\n- 🛑 [**Traffic Sign Tool** – DE:240](https://trafficsigns.osm-verkehrswende.org/DE?signs=DE:240)\n- 🚴 [**OSM-Wiki: Radverkehrsanlagen kartieren**](https://wiki.openstreetmap.org/wiki/DE:Bicycle/Radverkehrsanlagen_kartieren)\n- 📷 [**Chrome Browser plugin: Mapillary Traffic Sign & Image ID Copier**](https://chromewebstore.google.com/detail/mapillary-traffic-sign-im/eagencdgcmgechomeedlbkhfcihdjhdg)\n\n---\n\nViel Erfolg beim Prüfen und Mappen! 🗺️\n",
        "priority": 0,
        "name": "🟩 Task mit hoher Wahrscheinlichkeit valide"
      }
    },
    {
      "type": "Feature",
      "id": "823299548655539",
      "geometry": {
        "type": "Point",
        "coordinates": [
          9.995267987251282,
          49.7242815178696
        ]
      },
      "properties": {
        "image_id": "1338359574292718",
        "Verkehrzeichen": "240",
        "instruction": "\n### 🚧 Aufgabe: Verkehrszeichen **DE:240** überprüfen und Radinfra hinzufügen\n\nBitte schaue dir den Bereich rund um dieses erkannte Verkehrszeichen an. Vermutlich fehlt hier eine Radinfrastruktur, die du hinzufügen kannst. Die nächste OSM-Radinfra ist **mehr als 30 m** entfernt.\n\n---\n\n### 🖼️ Bild & Karte\n\n- 📷 [**Mapillary-Bild anzeigen**](https://www.mapillary.com/app/?pKey=1338359574292718&focus=photo&trafficSign[]=regulatory--bicycles-only--g1&trafficSign[]=regulatory--shared-path-pedestrians-and-bicycles--g1&trafficSign[]=regulatory--dual-path-bicycles-and-pedestrians--g1&trafficSign[]=regulatory--dual-path-pedestrians-and-bicycles--g1&trafficSign[]=complementary--except-bicycles--g1&trafficSign[]=complementary--bike-route--g1&trafficSign[]=regulatory--pedestrians-only--g1)  \n(Das ist die neueste Aufnahme, auf der das Zeichen erkannt wurde: **04.06.2026**.)\n\n- 🗺️ [**In radinfra.de bzw. TILDA ansehen**](https://tilda-geo.de/regionen/radinfra?map=17.4/49.724282/9.995268&config=pdqyyt.7h3d.16g9vk&v=2&data=mapillary-cycleway-traffic-signs)  \n(Hinweis: Ist hilfreich um den aktuellen Stand der Radinfrastruktur vor Ort zu prüfen.)\n\n---\n\n### 📚 Nützliche Links\n\n- 🛑 [**Traffic Sign Tool** – DE:240](https://trafficsigns.osm-verkehrswende.org/DE?signs=DE:240)\n- 🚴 [**OSM-Wiki: Radverkehrsanlagen kartieren**](https://wiki.openstreetmap.org/wiki/DE:Bicycle/Radverkehrsanlagen_kartieren)\n- 📷 [**Chrome Browser plugin: Mapillary Traffic Sign & Image ID Copier**](https://chromewebstore.google.com/detail/mapillary-traffic-sign-im/eagencdgcmgechomeedlbkhfcihdjhdg)\n\n---\n\nViel Erfolg beim Prüfen und Mappen! 🗺️\n",
        "priority": 0,
        "name": "🟩 Task mit hoher Wahrscheinlichkeit valide"
      }
    },
    {
      "type": "Feature",
      "id": "149463820476937",
      "geometry": {
        "type": "Point",
        "coordinates": [
          9.99557912349701,
          49.723848026360145
        ]
      },
      "properties": {
        "image_id": "895887239477920",
        "Verkehrzeichen": "240",
        "instruction": "\n### 🚧 Aufgabe: Verkehrszeichen **DE:240** überprüfen und Radinfra hinzufügen\n\nBitte schaue dir den Bereich rund um dieses erkannte Verkehrszeichen an. Vermutlich fehlt hier eine Radinfrastruktur, die du hinzufügen kannst. Die nächste OSM-Radinfra ist **mehr als 30 m** entfernt.\n\n---\n\n### 🖼️ Bild & Karte\n\n- 📷 [**Mapillary-Bild anzeigen**](https://www.mapillary.com/app/?pKey=895887239477920&focus=photo&trafficSign[]=regulatory--bicycles-only--g1&trafficSign[]=regulatory--shared-path-pedestrians-and-bicycles--g1&trafficSign[]=regulatory--dual-path-bicycles-and-pedestrians--g1&trafficSign[]=regulatory--dual-path-pedestrians-and-bicycles--g1&trafficSign[]=complementary--except-bicycles--g1&trafficSign[]=complementary--bike-route--g1&trafficSign[]=regulatory--pedestrians-only--g1)  \n(Das ist die neueste Aufnahme, auf der das Zeichen erkannt wurde: **04.06.2026**.)\n\n- 🗺️ [**In radinfra.de bzw. TILDA ansehen**](https://tilda-geo.de/regionen/radinfra?map=17.4/49.723848/9.995579&config=pdqyyt.7h3d.16g9vk&v=2&data=mapillary-cycleway-traffic-signs)  \n(Hinweis: Ist hilfreich um den aktuellen Stand der Radinfrastruktur vor Ort zu prüfen.)\n\n---\n\n### 📚 Nützliche Links\n\n- 🛑 [**Traffic Sign Tool** – DE:240](https://trafficsigns.osm-verkehrswende.org/DE?signs=DE:240)\n- 🚴 [**OSM-Wiki: Radverkehrsanlagen kartieren**](https://wiki.openstreetmap.org/wiki/DE:Bicycle/Radverkehrsanlagen_kartieren)\n- 📷 [**Chrome Browser plugin: Mapillary Traffic Sign & Image ID Copier**](https://chromewebstore.google.com/detail/mapillary-traffic-sign-im/eagencdgcmgechomeedlbkhfcihdjhdg)\n\n---\n\nViel Erfolg beim Prüfen und Mappen! 🗺️\n",
        "priority": 0,
        "name": "🟩 Task mit hoher Wahrscheinlichkeit valide"
      }
    },
    {
      "type": "Feature",
      "id": "1685919909305609",
      "geometry": {
        "type": "Point",
        "coordinates": [
          10.09818971157074,
          50.07235575884377
        ]
      },
      "properties": {
        "image_id": "1095670709556912",
        "Verkehrzeichen": "240",
        "instruction": "\n### 🚧 Aufgabe: Verkehrszeichen **DE:240** überprüfen und Radinfra hinzufügen\n\nBitte schaue dir den Bereich rund um dieses erkannte Verkehrszeichen an. Vermutlich fehlt hier eine Radinfrastruktur, die du hinzufügen kannst. Die nächste OSM-Radinfra ist **mehr als 30 m** entfernt.\n\n---\n\n### 🖼️ Bild & Karte\n\n- 📷 [**Mapillary-Bild anzeigen**](https://www.mapillary.com/app/?pKey=1095670709556912&focus=photo&trafficSign[]=regulatory--bicycles-only--g1&trafficSign[]=regulatory--shared-path-pedestrians-and-bicycles--g1&trafficSign[]=regulatory--dual-path-bicycles-and-pedestrians--g1&trafficSign[]=regulatory--dual-path-pedestrians-and-bicycles--g1&trafficSign[]=complementary--except-bicycles--g1&trafficSign[]=complementary--bike-route--g1&trafficSign[]=regulatory--pedestrians-only--g1)  \n(Das ist die neueste Aufnahme, auf der das Zeichen erkannt wurde: **26.07.2026**.)\n\n- 🗺️ [**In radinfra.de bzw. TILDA ansehen**](https://tilda-geo.de/regionen/radinfra?map=17.4/50.072356/10.09819&config=pdqyyt.7h3d.16g9vk&v=2&data=mapillary-cycleway-traffic-signs)  \n(Hinweis: Ist hilfreich um den aktuellen Stand der Radinfrastruktur vor Ort zu prüfen.)\n\n---\n\n### 📚 Nützliche Links\n\n- 🛑 [**Traffic Sign Tool** – DE:240](https://trafficsigns.osm-verkehrswende.org/DE?signs=DE:240)\n- 🚴 [**OSM-Wiki: Radverkehrsanlagen kartieren**](https://wiki.openstreetmap.org/wiki/DE:Bicycle/Radverkehrsanlagen_kartieren)\n- 📷 [**Chrome Browser plugin: Mapillary Traffic Sign & Image ID Copier**](https://chromewebstore.google.com/detail/mapillary-traffic-sign-im/eagencdgcmgechomeedlbkhfcihdjhdg)\n\n---\n\nViel Erfolg beim Prüfen und Mappen! 🗺️\n",
        "priority": 0,
        "name": "🟩 Task mit hoher Wahrscheinlichkeit valide"
      }
    },
    {
      "type": "Feature",
      "id": "271279375461343",
      "geometry": {
        "type": "Point",
        "coordinates": [
          10.153534412384033,
          49.73842855580648
        ]
      },
      "properties": {
        "image_id": "1374983361217315",
        "Verkehrzeichen": "240",
        "instruction": "\n### 🚧 Aufgabe: Verkehrszeichen **DE:240** überprüfen und Radinfra hinzufügen\n\nBitte schaue dir den Bereich rund um dieses erkannte Verkehrszeichen an. Vermutlich fehlt hier eine Radinfrastruktur, die du hinzufügen kannst. Die nächste OSM-Radinfra ist **mehr als 30 m** entfernt.\n\n---\n\n### 🖼️ Bild & Karte\n\n- 📷 [**Mapillary-Bild anzeigen**](https://www.mapillary.com/app/?pKey=1374983361217315&focus=photo&trafficSign[]=regulatory--bicycles-only--g1&trafficSign[]=regulatory--shared-path-pedestrians-and-bicycles--g1&trafficSign[]=regulatory--dual-path-bicycles-and-pedestrians--g1&trafficSign[]=regulatory--dual-path-pedestrians-and-bicycles--g1&trafficSign[]=complementary--except-bicycles--g1&trafficSign[]=complementary--bike-route--g1&trafficSign[]=regulatory--pedestrians-only--g1)  \n(Das ist die neueste Aufnahme, auf der das Zeichen erkannt wurde: **02.07.2026**.)\n\n- 🗺️ [**In radinfra.de bzw. TILDA ansehen**](https://tilda-geo.de/regionen/radinfra?map=17.4/49.738429/10.153534&config=pdqyyt.7h3d.16g9vk&v=2&data=mapillary-cycleway-traffic-signs)  \n(Hinweis: Ist hilfreich um den aktuellen Stand der Radinfrastruktur vor Ort zu prüfen.)\n\n---\n\n### 📚 Nützliche Links\n\n- 🛑 [**Traffic Sign Tool** – DE:240](https://trafficsigns.osm-verkehrswende.org/DE?signs=DE:240)\n- 🚴 [**OSM-Wiki: Radverkehrsanlagen kartieren**](https://wiki.openstreetmap.org/wiki/DE:Bicycle/Radverkehrsanlagen_kartieren)\n- 📷 [**Chrome Browser plugin: Mapillary Traffic Sign & Image ID Copier**](https://chromewebstore.google.com/detail/mapillary-traffic-sign-im/eagencdgcmgechomeedlbkhfcihdjhdg)\n\n---\n\nViel Erfolg beim Prüfen und Mappen! 🗺️\n",
        "priority": 0,
        "name": "🟩 Task mit hoher Wahrscheinlichkeit valide"
      }
    },
    {
      "type": "Feature",
      "id": "1335886700720192",
      "geometry": {
        "type": "Point",
        "coordinates": [
          10.252416729927063,
          48.2694118078208
        ]
      },
      "properties": {
        "image_id": "739890408373839",
        "Verkehrzeichen": "240",
        "instruction": "\n### 🚧 Aufgabe: Verkehrszeichen **DE:240** überprüfen und Radinfra hinzufügen\n\nBitte schaue dir den Bereich rund um dieses erkannte Verkehrszeichen an. Vermutlich fehlt hier eine Radinfrastruktur, die du hinzufügen kannst. Die nächste OSM-Radinfra ist **mehr als 30 m** entfernt.\n\n---\n\n### 🖼️ Bild & Karte\n\n- 📷 [**Mapillary-Bild anzeigen**](https://www.mapillary.com/app/?pKey=739890408373839&focus=photo&trafficSign[]=regulatory--bicycles-only--g1&trafficSign[]=regulatory--shared-path-pedestrians-and-bicycles--g1&trafficSign[]=regulatory--dual-path-bicycles-and-pedestrians--g1&trafficSign[]=regulatory--dual-path-pedestrians-and-bicycles--g1&trafficSign[]=complementary--except-bicycles--g1&trafficSign[]=complementary--bike-route--g1&trafficSign[]=regulatory--pedestrians-only--g1)  \n(Das ist die neueste Aufnahme, auf der das Zeichen erkannt wurde: **13.11.2025**.)\n\n- 🗺️ [**In radinfra.de bzw. TILDA ansehen**](https://tilda-geo.de/regionen/radinfra?map=17.4/48.269412/10.252417&config=pdqyyt.7h3d.16g9vk&v=2&data=mapillary-cycleway-traffic-signs)  \n(Hinweis: Ist hilfreich um den aktuellen Stand der Radinfrastruktur vor Ort zu prüfen.)\n\n---\n\n### 📚 Nützliche Links\n\n- 🛑 [**Traffic Sign Tool** – DE:240](https://trafficsigns.osm-verkehrswende.org/DE?signs=DE:240)\n- 🚴 [**OSM-Wiki: Radverkehrsanlagen kartieren**](https://wiki.openstreetmap.org/wiki/DE:Bicycle/Radverkehrsanlagen_kartieren)\n- 📷 [**Chrome Browser plugin: Mapillary Traffic Sign & Image ID Copier**](https://chromewebstore.google.com/detail/mapillary-traffic-sign-im/eagencdgcmgechomeedlbkhfcihdjhdg)\n\n---\n\nViel Erfolg beim Prüfen und Mappen! 🗺️\n",
        "priority": 0,
        "name": "🟩 Task mit hoher Wahrscheinlichkeit valide"
      }
    },
    {
      "type": "Feature",
      "id": "2244467652587957",
      "geometry": {
        "type": "Point",
        "coordinates": [
          10.598931312561035,
          48.805694023759145
        ]
      },
      "properties": {
        "image_id": "1610873213309595",
        "Verkehrzeichen": "240",
        "instruction": "\n### 🚧 Aufgabe: Verkehrszeichen **DE:240** überprüfen und Radinfra hinzufügen\n\nBitte schaue dir den Bereich rund um dieses erkannte Verkehrszeichen an. Vermutlich fehlt hier eine Radinfrastruktur, die du hinzufügen kannst. Die nächste OSM-Radinfra ist **mehr als 30 m** entfernt.\n\n---\n\n### 🖼️ Bild & Karte\n\n- 📷 [**Mapillary-Bild anzeigen**](https://www.mapillary.com/app/?pKey=1610873213309595&focus=photo&trafficSign[]=regulatory--bicycles-only--g1&trafficSign[]=regulatory--shared-path-pedestrians-and-bicycles--g1&trafficSign[]=regulatory--dual-path-bicycles-and-pedestrians--g1&trafficSign[]=regulatory--dual-path-pedestrians-and-bicycles--g1&trafficSign[]=complementary--except-bicycles--g1&trafficSign[]=complementary--bike-route--g1&trafficSign[]=regulatory--pedestrians-only--g1)  \n(Das ist die neueste Aufnahme, auf der das Zeichen erkannt wurde: **19.04.2026**.)\n\n- 🗺️ [**In radinfra.de bzw. TILDA ansehen**](https://tilda-geo.de/regionen/radinfra?map=17.4/48.805694/10.598931&config=pdqyyt.7h3d.16g9vk&v=2&data=mapillary-cycleway-traffic-signs)  \n(Hinweis: Ist hilfreich um den aktuellen Stand der Radinfrastruktur vor Ort zu prüfen.)\n\n---\n\n### 📚 Nützliche Links\n\n- 🛑 [**Traffic Sign Tool** – DE:240](https://trafficsigns.osm-verkehrswende.org/DE?signs=DE:240)\n- 🚴 [**OSM-Wiki: Radverkehrsanlagen kartieren**](https://wiki.openstreetmap.org/wiki/DE:Bicycle/Radverkehrsanlagen_kartieren)\n- 📷 [**Chrome Browser plugin: Mapillary Traffic Sign & Image ID Copier**](https://chromewebstore.google.com/detail/mapillary-traffic-sign-im/eagencdgcmgechomeedlbkhfcihdjhdg)\n\n---\n\nViel Erfolg beim Prüfen und Mappen! 🗺️\n",
        "priority": 0,
        "name": "🟩 Task mit hoher Wahrscheinlichkeit valide"
      }
    },
    {
      "type": "Feature",
      "id": "142360808416036",
      "geometry": {
        "type": "Point",
        "coordinates": [
          10.739790201187134,
          47.55679919816794
        ]
      },
      "properties": {
        "image_id": "1608448434138459",
        "Verkehrzeichen": "240",
        "instruction": "\n### 🚧 Aufgabe: Verkehrszeichen **DE:240** überprüfen und Radinfra hinzufügen\n\nBitte schaue dir den Bereich rund um dieses erkannte Verkehrszeichen an. Vermutlich fehlt hier eine Radinfrastruktur, die du hinzufügen kannst. Die nächste OSM-Radinfra ist **mehr als 30 m** entfernt.\n\n---\n\n### 🖼️ Bild & Karte\n\n- 📷 [**Mapillary-Bild anzeigen**](https://www.mapillary.com/app/?pKey=1608448434138459&focus=photo&trafficSign[]=regulatory--bicycles-only--g1&trafficSign[]=regulatory--shared-path-pedestrians-and-bicycles--g1&trafficSign[]=regulatory--dual-path-bicycles-and-pedestrians--g1&trafficSign[]=regulatory--dual-path-pedestrians-and-bicycles--g1&trafficSign[]=complementary--except-bicycles--g1&trafficSign[]=complementary--bike-route--g1&trafficSign[]=regulatory--pedestrians-only--g1)  \n(Das ist die neueste Aufnahme, auf der das Zeichen erkannt wurde: **05.08.2026**.)\n\n- 🗺️ [**In radinfra.de bzw. TILDA ansehen**](https://tilda-geo.de/regionen/radinfra?map=17.4/47.556799/10.73979&config=pdqyyt.7h3d.16g9vk&v=2&data=mapillary-cycleway-traffic-signs)  \n(Hinweis: Ist hilfreich um den aktuellen Stand der Radinfrastruktur vor Ort zu prüfen.)\n\n---\n\n### 📚 Nützliche Links\n\n- 🛑 [**Traffic Sign Tool** – DE:240](https://trafficsigns.osm-verkehrswende.org/DE?signs=DE:240)\n- 🚴 [**OSM-Wiki: Radverkehrsanlagen kartieren**](https://wiki.openstreetmap.org/wiki/DE:Bicycle/Radverkehrsanlagen_kartieren)\n- 📷 [**Chrome Browser plugin: Mapillary Traffic Sign & Image ID Copier**](https://chromewebstore.google.com/detail/mapillary-traffic-sign-im/eagencdgcmgechomeedlbkhfcihdjhdg)\n\n---\n\nViel Erfolg beim Prüfen und Mappen! 🗺️\n",
        "priority": 0,
        "name": "🟩 Task mit hoher Wahrscheinlichkeit valide"
      }
    },
    {
      "type": "Feature",
      "id": "524967485340451",
      "geometry": {
        "type": "Point",
        "coordinates": [
          10.802189111709595,
          49.81897756439787
        ]
      },
      "properties": {
        "image_id": "814649174631878",
        "Verkehrzeichen": "240",
        "instruction": "\n### 🚧 Aufgabe: Verkehrszeichen **DE:240** überprüfen und Radinfra hinzufügen\n\nBitte schaue dir den Bereich rund um dieses erkannte Verkehrszeichen an. Vermutlich fehlt hier eine Radinfrastruktur, die du hinzufügen kannst. Die nächste OSM-Radinfra ist **mehr als 30 m** entfernt.\n\n---\n\n### 🖼️ Bild & Karte\n\n- 📷 [**Mapillary-Bild anzeigen**](https://www.mapillary.com/app/?pKey=814649174631878&focus=photo&trafficSign[]=regulatory--bicycles-only--g1&trafficSign[]=regulatory--shared-path-pedestrians-and-bicycles--g1&trafficSign[]=regulatory--dual-path-bicycles-and-pedestrians--g1&trafficSign[]=regulatory--dual-path-pedestrians-and-bicycles--g1&trafficSign[]=complementary--except-bicycles--g1&trafficSign[]=complementary--bike-route--g1&trafficSign[]=regulatory--pedestrians-only--g1)  \n(Das ist die neueste Aufnahme, auf der das Zeichen erkannt wurde: **22.04.2026**.)\n\n- 🗺️ [**In radinfra.de bzw. TILDA ansehen**](https://tilda-geo.de/regionen/radinfra?map=17.4/49.818978/10.802189&config=pdqyyt.7h3d.16g9vk&v=2&data=mapillary-cycleway-traffic-signs)  \n(Hinweis: Ist hilfreich um den aktuellen Stand der Radinfrastruktur vor Ort zu prüfen.)\n\n---\n\n### 📚 Nützliche Links\n\n- 🛑 [**Traffic Sign Tool** – DE:240](https://trafficsigns.osm-verkehrswende.org/DE?signs=DE:240)\n- 🚴 [**OSM-Wiki: Radverkehrsanlagen kartieren**](https://wiki.openstreetmap.org/wiki/DE:Bicycle/Radverkehrsanlagen_kartieren)\n- 📷 [**Chrome Browser plugin: Mapillary Traffic Sign & Image ID Copier**](https://chromewebstore.google.com/detail/mapillary-traffic-sign-im/eagencdgcmgechomeedlbkhfcihdjhdg)\n\n---\n\nViel Erfolg beim Prüfen und Mappen! 🗺️\n",
        "priority": 0,
        "name": "🟩 Task mit hoher Wahrscheinlichkeit valide"
      }
    },
    {
      "type": "Feature",
      "id": "775896286671589",
      "geometry": {
        "type": "Point",
        "coordinates": [
          10.984675884246826,
          48.26374477452194
        ]
      },
      "properties": {
        "image_id": "3010377642493434",
        "Verkehrzeichen": "240",
        "instruction": "\n### 🚧 Aufgabe: Verkehrszeichen **DE:240** überprüfen und Radinfra hinzufügen\n\nBitte schaue dir den Bereich rund um dieses erkannte Verkehrszeichen an. Vermutlich fehlt hier eine Radinfrastruktur, die du hinzufügen kannst. Die nächste OSM-Radinfra ist **mehr als 30 m** entfernt.\n\n---\n\n### 🖼️ Bild & Karte\n\n- 📷 [**Mapillary-Bild anzeigen**](https://www.mapillary.com/app/?pKey=3010377642493434&focus=photo&trafficSign[]=regulatory--bicycles-only--g1&trafficSign[]=regulatory--shared-path-pedestrians-and-bicycles--g1&trafficSign[]=regulatory--dual-path-bicycles-and-pedestrians--g1&trafficSign[]=regulatory--dual-path-pedestrians-and-bicycles--g1&trafficSign[]=complementary--except-bicycles--g1&trafficSign[]=complementary--bike-route--g1&trafficSign[]=regulatory--pedestrians-only--g1)  \n(Das ist die neueste Aufnahme, auf der das Zeichen erkannt wurde: **18.03.2026**.)\n\n- 🗺️ [**In radinfra.de bzw. TILDA ansehen**](https://tilda-geo.de/regionen/radinfra?map=17.4/48.263745/10.984676&config=pdqyyt.7h3d.16g9vk&v=2&data=mapillary-cycleway-traffic-signs)  \n(Hinweis: Ist hilfreich um den aktuellen Stand der Radinfrastruktur vor Ort zu prüfen.)\n\n---\n\n### 📚 Nützliche Links\n\n- 🛑 [**Traffic Sign Tool** – DE:240](https://trafficsigns.osm-verkehrswende.org/DE?signs=DE:240)\n- 🚴 [**OSM-Wiki: Radverkehrsanlagen kartieren**](https://wiki.openstreetmap.org/wiki/DE:Bicycle/Radverkehrsanlagen_kartieren)\n- 📷 [**Chrome Browser plugin: Mapillary Traffic Sign & Image ID Copier**](https://chromewebstore.google.com/detail/mapillary-traffic-sign-im/eagencdgcmgechomeedlbkhfcihdjhdg)\n\n---\n\nViel Erfolg beim Prüfen und Mappen! 🗺️\n",
        "priority": 0,
        "name": "🟩 Task mit hoher Wahrscheinlichkeit valide"
      }
    },
    {
      "type": "Feature",
      "id": "668526347956227",
      "geometry": {
        "type": "Point",
        "coordinates": [
          11.003907322883606,
          49.4505819577775
        ]
      },
      "properties": {
        "image_id": "983119507450902",
        "Verkehrzeichen": "237",
        "instruction": "\n### 🚧 Aufgabe: Verkehrszeichen **DE:237** überprüfen und Radinfra hinzufügen\n\nBitte schaue dir den Bereich rund um dieses erkannte Verkehrszeichen an. Vermutlich fehlt hier eine Radinfrastruktur, die du hinzufügen kannst. Die nächste OSM-Radinfra ist **ca. 27 m** entfernt.\n\n---\n\n### 🖼️ Bild & Karte\n\n- 📷 [**Mapillary-Bild anzeigen**](https://www.mapillary.com/app/?pKey=983119507450902&focus=photo&trafficSign[]=regulatory--bicycles-only--g1&trafficSign[]=regulatory--shared-path-pedestrians-and-bicycles--g1&trafficSign[]=regulatory--dual-path-bicycles-and-pedestrians--g1&trafficSign[]=regulatory--dual-path-pedestrians-and-bicycles--g1&trafficSign[]=complementary--except-bicycles--g1&trafficSign[]=complementary--bike-route--g1&trafficSign[]=regulatory--pedestrians-only--g1)  \n(Das ist die neueste Aufnahme, auf der das Zeichen erkannt wurde: **21.05.2026**.)\n\n- 🗺️ [**In radinfra.de bzw. TILDA ansehen**](https://tilda-geo.de/regionen/radinfra?map=17.4/49.450582/11.003907&config=pdqyyt.7h3d.16g9vk&v=2&data=mapillary-cycleway-traffic-signs)  \n(Hinweis: Ist hilfreich um den aktuellen Stand der Radinfrastruktur vor Ort zu prüfen.)\n\n---\n\n### 📚 Nützliche Links\n\n- 🛑 [**Traffic Sign Tool** – DE:237](https://trafficsigns.osm-verkehrswende.org/DE?signs=DE:237)\n- 🚴 [**OSM-Wiki: Radverkehrsanlagen kartieren**](https://wiki.openstreetmap.org/wiki/DE:Bicycle/Radverkehrsanlagen_kartieren)\n- 📷 [**Chrome Browser plugin: Mapillary Traffic Sign & Image ID Copier**](https://chromewebstore.google.com/detail/mapillary-traffic-sign-im/eagencdgcmgechomeedlbkhfcihdjhdg)\n\n---\n\nViel Erfolg beim Prüfen und Mappen! 🗺️\n",
        "priority": 1,
        "name": "🟨 Task mit mittlerer Wahrscheinlichkeit valide"
      }
    },
    {
      "type": "Feature",
      "id": "465892951358697",
      "geometry": {
        "type": "Point",
        "coordinates": [
          11.015006303787231,
          49.414058479152686
        ]
      },
      "properties": {
        "image_id": "1810279333474009",
        "Verkehrzeichen": "241",
        "instruction": "\n### 🚧 Aufgabe: Verkehrszeichen **DE:241** überprüfen und Radinfra hinzufügen\n\nBitte schaue dir den Bereich rund um dieses erkannte Verkehrszeichen an. Vermutlich fehlt hier eine Radinfrastruktur, die du hinzufügen kannst. Die nächste OSM-Radinfra ist **mehr als 30 m** entfernt.\n\n---\n\n### 🖼️ Bild & Karte\n\n- 📷 [**Mapillary-Bild anzeigen**](https://www.mapillary.com/app/?pKey=1810279333474009&focus=photo&trafficSign[]=regulatory--bicycles-only--g1&trafficSign[]=regulatory--shared-path-pedestrians-and-bicycles--g1&trafficSign[]=regulatory--dual-path-bicycles-and-pedestrians--g1&trafficSign[]=regulatory--dual-path-pedestrians-and-bicycles--g1&trafficSign[]=complementary--except-bicycles--g1&trafficSign[]=complementary--bike-route--g1&trafficSign[]=regulatory--pedestrians-only--g1)  \n(Das ist die neueste Aufnahme, auf der das Zeichen erkannt wurde: **28.07.2026**.)\n\n- 🗺️ [**In radinfra.de bzw. TILDA ansehen**](https://tilda-geo.de/regionen/radinfra?map=17.4/49.414058/11.015006&config=pdqyyt.7h3d.16g9vk&v=2&data=mapillary-cycleway-traffic-signs)  \n(Hinweis: Ist hilfreich um den aktuellen Stand der Radinfrastruktur vor Ort zu prüfen.)\n\n---\n\n### 📚 Nützliche Links\n\n- 🛑 [**Traffic Sign Tool** – DE:241](https://trafficsigns.osm-verkehrswende.org/DE?signs=DE:241)\n- 🚴 [**OSM-Wiki: Radverkehrsanlagen kartieren**](https://wiki.openstreetmap.org/wiki/DE:Bicycle/Radverkehrsanlagen_kartieren)\n- 📷 [**Chrome Browser plugin: Mapillary Traffic Sign & Image ID Copier**](https://chromewebstore.google.com/detail/mapillary-traffic-sign-im/eagencdgcmgechomeedlbkhfcihdjhdg)\n\n---\n\nViel Erfolg beim Prüfen und Mappen! 🗺️\n",
        "priority": 0,
        "name": "🟩 Task mit hoher Wahrscheinlichkeit valide"
      }
    },
    {
      "type": "Feature",
      "id": "1007496133964611",
      "geometry": {
        "type": "Point",
        "coordinates": [
          11.212084293365479,
          50.18967295447169
        ]
      },
      "properties": {
        "image_id": "1502296048095777",
        "Verkehrzeichen": "240",
        "instruction": "\n### 🚧 Aufgabe: Verkehrszeichen **DE:240** überprüfen und Radinfra hinzufügen\n\nBitte schaue dir den Bereich rund um dieses erkannte Verkehrszeichen an. Vermutlich fehlt hier eine Radinfrastruktur, die du hinzufügen kannst. Die nächste OSM-Radinfra ist **mehr als 30 m** entfernt.\n\n---\n\n### 🖼️ Bild & Karte\n\n- 📷 [**Mapillary-Bild anzeigen**](https://www.mapillary.com/app/?pKey=1502296048095777&focus=photo&trafficSign[]=regulatory--bicycles-only--g1&trafficSign[]=regulatory--shared-path-pedestrians-and-bicycles--g1&trafficSign[]=regulatory--dual-path-bicycles-and-pedestrians--g1&trafficSign[]=regulatory--dual-path-pedestrians-and-bicycles--g1&trafficSign[]=complementary--except-bicycles--g1&trafficSign[]=complementary--bike-route--g1&trafficSign[]=regulatory--pedestrians-only--g1)  \n(Das ist die neueste Aufnahme, auf der das Zeichen erkannt wurde: **01.05.2026**.)\n\n- 🗺️ [**In radinfra.de bzw. TILDA ansehen**](https://tilda-geo.de/regionen/radinfra?map=17.4/50.189673/11.212084&config=pdqyyt.7h3d.16g9vk&v=2&data=mapillary-cycleway-traffic-signs)  \n(Hinweis: Ist hilfreich um den aktuellen Stand der Radinfrastruktur vor Ort zu prüfen.)\n\n---\n\n### 📚 Nützliche Links\n\n- 🛑 [**Traffic Sign Tool** – DE:240](https://trafficsigns.osm-verkehrswende.org/DE?signs=DE:240)\n- 🚴 [**OSM-Wiki: Radverkehrsanlagen kartieren**](https://wiki.openstreetmap.org/wiki/DE:Bicycle/Radverkehrsanlagen_kartieren)\n- 📷 [**Chrome Browser plugin: Mapillary Traffic Sign & Image ID Copier**](https://chromewebstore.google.com/detail/mapillary-traffic-sign-im/eagencdgcmgechomeedlbkhfcihdjhdg)\n\n---\n\nViel Erfolg beim Prüfen und Mappen! 🗺️\n",
        "priority": 0,
        "name": "🟩 Task mit hoher Wahrscheinlichkeit valide"
      }
    },
    {
      "type": "Feature",
      "id": "1295609672074297",
      "geometry": {
        "type": "Point",
        "coordinates": [
          11.42228901386261,
          47.91295873979894
        ]
      },
      "properties": {
        "image_id": "1635872971023780",
        "Verkehrzeichen": "240",
        "instruction": "\n### 🚧 Aufgabe: Verkehrszeichen **DE:240** überprüfen und Radinfra hinzufügen\n\nBitte schaue dir den Bereich rund um dieses erkannte Verkehrszeichen an. Vermutlich fehlt hier eine Radinfrastruktur, die du hinzufügen kannst. Die nächste OSM-Radinfra ist **mehr als 30 m** entfernt.\n\n---\n\n### 🖼️ Bild & Karte\n\n- 📷 [**Mapillary-Bild anzeigen**](https://www.mapillary.com/app/?pKey=1635872971023780&focus=photo&trafficSign[]=regulatory--bicycles-only--g1&trafficSign[]=regulatory--shared-path-pedestrians-and-bicycles--g1&trafficSign[]=regulatory--dual-path-bicycles-and-pedestrians--g1&trafficSign[]=regulatory--dual-path-pedestrians-and-bicycles--g1&trafficSign[]=complementary--except-bicycles--g1&trafficSign[]=complementary--bike-route--g1&trafficSign[]=regulatory--pedestrians-only--g1)  \n(Das ist die neueste Aufnahme, auf der das Zeichen erkannt wurde: **10.05.2026**.)\n\n- 🗺️ [**In radinfra.de bzw. TILDA ansehen**](https://tilda-geo.de/regionen/radinfra?map=17.4/47.912959/11.422289&config=pdqyyt.7h3d.16g9vk&v=2&data=mapillary-cycleway-traffic-signs)  \n(Hinweis: Ist hilfreich um den aktuellen Stand der Radinfrastruktur vor Ort zu prüfen.)\n\n---\n\n### 📚 Nützliche Links\n\n- 🛑 [**Traffic Sign Tool** – DE:240](https://trafficsigns.osm-verkehrswende.org/DE?signs=DE:240)\n- 🚴 [**OSM-Wiki: Radverkehrsanlagen kartieren**](https://wiki.openstreetmap.org/wiki/DE:Bicycle/Radverkehrsanlagen_kartieren)\n- 📷 [**Chrome Browser plugin: Mapillary Traffic Sign & Image ID Copier**](https://chromewebstore.google.com/detail/mapillary-traffic-sign-im/eagencdgcmgechomeedlbkhfcihdjhdg)\n\n---\n\nViel Erfolg beim Prüfen und Mappen! 🗺️\n",
        "priority": 0,
        "name": "🟩 Task mit hoher Wahrscheinlichkeit valide"
      }
    },
    {
      "type": "Feature",
      "id": "1777780476122562",
      "geometry": {
        "type": "Point",
        "coordinates": [
          11.541314721107483,
          48.1858639530258
        ]
      },
      "properties": {
        "image_id": "2753958741646867",
        "Verkehrzeichen": "237",
        "instruction": "\n### 🚧 Aufgabe: Verkehrszeichen **DE:237** überprüfen und Radinfra hinzufügen\n\nBitte schaue dir den Bereich rund um dieses erkannte Verkehrszeichen an. Vermutlich fehlt hier eine Radinfrastruktur, die du hinzufügen kannst. Die nächste OSM-Radinfra ist **mehr als 30 m** entfernt.\n\n---\n\n### 🖼️ Bild & Karte\n\n- 📷 [**Mapillary-Bild anzeigen**](https://www.mapillary.com/app/?pKey=2753958741646867&focus=photo&trafficSign[]=regulatory--bicycles-only--g1&trafficSign[]=regulatory--shared-path-pedestrians-and-bicycles--g1&trafficSign[]=regulatory--dual-path-bicycles-and-pedestrians--g1&trafficSign[]=regulatory--dual-path-pedestrians-and-bicycles--g1&trafficSign[]=complementary--except-bicycles--g1&trafficSign[]=complementary--bike-route--g1&trafficSign[]=regulatory--pedestrians-only--g1)  \n(Das ist die neueste Aufnahme, auf der das Zeichen erkannt wurde: **19.04.2026**.)\n\n- 🗺️ [**In radinfra.de bzw. TILDA ansehen**](https://tilda-geo.de/regionen/radinfra?map=17.4/48.185864/11.541315&config=pdqyyt.7h3d.16g9vk&v=2&data=mapillary-cycleway-traffic-signs)  \n(Hinweis: Ist hilfreich um den aktuellen Stand der Radinfrastruktur vor Ort zu prüfen.)\n\n---\n\n### 📚 Nützliche Links\n\n- 🛑 [**Traffic Sign Tool** – DE:237](https://trafficsigns.osm-verkehrswende.org/DE?signs=DE:237)\n- 🚴 [**OSM-Wiki: Radverkehrsanlagen kartieren**](https://wiki.openstreetmap.org/wiki/DE:Bicycle/Radverkehrsanlagen_kartieren)\n- 📷 [**Chrome Browser plugin: Mapillary Traffic Sign & Image ID Copier**](https://chromewebstore.google.com/detail/mapillary-traffic-sign-im/eagencdgcmgechomeedlbkhfcihdjhdg)\n\n---\n\nViel Erfolg beim Prüfen und Mappen! 🗺️\n",
        "priority": 0,
        "name": "🟩 Task mit hoher Wahrscheinlichkeit valide"
      }
    },
    {
      "type": "Feature",
      "id": "1518764388839119",
      "geometry": {
        "type": "Point",
        "coordinates": [
          11.620917320251465,
          48.22313945078494
        ]
      },
      "properties": {
        "image_id": "1300873575262168",
        "Verkehrzeichen": "240",
        "instruction": "\n### 🚧 Aufgabe: Verkehrszeichen **DE:240** überprüfen und Radinfra hinzufügen\n\nBitte schaue dir den Bereich rund um dieses erkannte Verkehrszeichen an. Vermutlich fehlt hier eine Radinfrastruktur, die du hinzufügen kannst. Die nächste OSM-Radinfra ist **ca. 29 m** entfernt.\n\n---\n\n### 🖼️ Bild & Karte\n\n- 📷 [**Mapillary-Bild anzeigen**](https://www.mapillary.com/app/?pKey=1300873575262168&focus=photo&trafficSign[]=regulatory--bicycles-only--g1&trafficSign[]=regulatory--shared-path-pedestrians-and-bicycles--g1&trafficSign[]=regulatory--dual-path-bicycles-and-pedestrians--g1&trafficSign[]=regulatory--dual-path-pedestrians-and-bicycles--g1&trafficSign[]=complementary--except-bicycles--g1&trafficSign[]=complementary--bike-route--g1&trafficSign[]=regulatory--pedestrians-only--g1)  \n(Das ist die neueste Aufnahme, auf der das Zeichen erkannt wurde: **30.03.2026**.)\n\n- 🗺️ [**In radinfra.de bzw. TILDA ansehen**](https://tilda-geo.de/regionen/radinfra?map=17.4/48.223139/11.620917&config=pdqyyt.7h3d.16g9vk&v=2&data=mapillary-cycleway-traffic-signs)  \n(Hinweis: Ist hilfreich um den aktuellen Stand der Radinfrastruktur vor Ort zu prüfen.)\n\n---\n\n### 📚 Nützliche Links\n\n- 🛑 [**Traffic Sign Tool** – DE:240](https://trafficsigns.osm-verkehrswende.org/DE?signs=DE:240)\n- 🚴 [**OSM-Wiki: Radverkehrsanlagen kartieren**](https://wiki.openstreetmap.org/wiki/DE:Bicycle/Radverkehrsanlagen_kartieren)\n- 📷 [**Chrome Browser plugin: Mapillary Traffic Sign & Image ID Copier**](https://chromewebstore.google.com/detail/mapillary-traffic-sign-im/eagencdgcmgechomeedlbkhfcihdjhdg)\n\n---\n\nViel Erfolg beim Prüfen und Mappen! 🗺️\n",
        "priority": 1,
        "name": "🟨 Task mit mittlerer Wahrscheinlichkeit valide"
      }
    },
    {
      "type": "Feature",
      "id": "998534798685046",
      "geometry": {
        "type": "Point",
        "coordinates": [
          12.092755436897278,
          49.227169034866876
        ]
      },
      "properties": {
        "image_id": "1229635353555694",
        "Verkehrzeichen": "237",
        "instruction": "\n### 🚧 Aufgabe: Verkehrszeichen **DE:237** überprüfen und Radinfra hinzufügen\n\nBitte schaue dir den Bereich rund um dieses erkannte Verkehrszeichen an. Vermutlich fehlt hier eine Radinfrastruktur, die du hinzufügen kannst. Die nächste OSM-Radinfra ist **mehr als 30 m** entfernt.\n\n---\n\n### 🖼️ Bild & Karte\n\n- 📷 [**Mapillary-Bild anzeigen**](https://www.mapillary.com/app/?pKey=1229635353555694&focus=photo&trafficSign[]=regulatory--bicycles-only--g1&trafficSign[]=regulatory--shared-path-pedestrians-and-bicycles--g1&trafficSign[]=regulatory--dual-path-bicycles-and-pedestrians--g1&trafficSign[]=regulatory--dual-path-pedestrians-and-bicycles--g1&trafficSign[]=complementary--except-bicycles--g1&trafficSign[]=complementary--bike-route--g1&trafficSign[]=regulatory--pedestrians-only--g1)  \n(Das ist die neueste Aufnahme, auf der das Zeichen erkannt wurde: **13.06.2026**.)\n\n- 🗺️ [**In radinfra.de bzw. TILDA ansehen**](https://tilda-geo.de/regionen/radinfra?map=17.4/49.227169/12.092755&config=pdqyyt.7h3d.16g9vk&v=2&data=mapillary-cycleway-traffic-signs)  \n(Hinweis: Ist hilfreich um den aktuellen Stand der Radinfrastruktur vor Ort zu prüfen.)\n\n---\n\n### 📚 Nützliche Links\n\n- 🛑 [**Traffic Sign Tool** – DE:237](https://trafficsigns.osm-verkehrswende.org/DE?signs=DE:237)\n- 🚴 [**OSM-Wiki: Radverkehrsanlagen kartieren**](https://wiki.openstreetmap.org/wiki/DE:Bicycle/Radverkehrsanlagen_kartieren)\n- 📷 [**Chrome Browser plugin: Mapillary Traffic Sign & Image ID Copier**](https://chromewebstore.google.com/detail/mapillary-traffic-sign-im/eagencdgcmgechomeedlbkhfcihdjhdg)\n\n---\n\nViel Erfolg beim Prüfen und Mappen! 🗺️\n",
        "priority": 0,
        "name": "🟩 Task mit hoher Wahrscheinlichkeit valide"
      }
    },
    {
      "type": "Feature",
      "id": "644403998619585",
      "geometry": {
        "type": "Point",
        "coordinates": [
          12.117565870285034,
          49.127062744282995
        ]
      },
      "properties": {
        "image_id": "1569303394646434",
        "Verkehrzeichen": "240",
        "instruction": "\n### 🚧 Aufgabe: Verkehrszeichen **DE:240** überprüfen und Radinfra hinzufügen\n\nBitte schaue dir den Bereich rund um dieses erkannte Verkehrszeichen an. Vermutlich fehlt hier eine Radinfrastruktur, die du hinzufügen kannst. Die nächste OSM-Radinfra ist **mehr als 30 m** entfernt.\n\n---\n\n### 🖼️ Bild & Karte\n\n- 📷 [**Mapillary-Bild anzeigen**](https://www.mapillary.com/app/?pKey=1569303394646434&focus=photo&trafficSign[]=regulatory--bicycles-only--g1&trafficSign[]=regulatory--shared-path-pedestrians-and-bicycles--g1&trafficSign[]=regulatory--dual-path-bicycles-and-pedestrians--g1&trafficSign[]=regulatory--dual-path-pedestrians-and-bicycles--g1&trafficSign[]=complementary--except-bicycles--g1&trafficSign[]=complementary--bike-route--g1&trafficSign[]=regulatory--pedestrians-only--g1)  \n(Das ist die neueste Aufnahme, auf der das Zeichen erkannt wurde: **28.05.2026**.)\n\n- 🗺️ [**In radinfra.de bzw. TILDA ansehen**](https://tilda-geo.de/regionen/radinfra?map=17.4/49.127063/12.117566&config=pdqyyt.7h3d.16g9vk&v=2&data=mapillary-cycleway-traffic-signs)  \n(Hinweis: Ist hilfreich um den aktuellen Stand der Radinfrastruktur vor Ort zu prüfen.)\n\n---\n\n### 📚 Nützliche Links\n\n- 🛑 [**Traffic Sign Tool** – DE:240](https://trafficsigns.osm-verkehrswende.org/DE?signs=DE:240)\n- 🚴 [**OSM-Wiki: Radverkehrsanlagen kartieren**](https://wiki.openstreetmap.org/wiki/DE:Bicycle/Radverkehrsanlagen_kartieren)\n- 📷 [**Chrome Browser plugin: Mapillary Traffic Sign & Image ID Copier**](https://chromewebstore.google.com/detail/mapillary-traffic-sign-im/eagencdgcmgechomeedlbkhfcihdjhdg)\n\n---\n\nViel Erfolg beim Prüfen und Mappen! 🗺️\n",
        "priority": 0,
        "name": "🟩 Task mit hoher Wahrscheinlichkeit valide"
      }
    },
    {
      "type": "Feature",
      "id": "693203287030958",
      "geometry": {
        "type": "Point",
        "coordinates": [
          12.111546993255615,
          49.01085588786998
        ]
      },
      "properties": {
        "image_id": "1523324452473752",
        "Verkehrzeichen": "237",
        "instruction": "\n### 🚧 Aufgabe: Verkehrszeichen **DE:237** überprüfen und Radinfra hinzufügen\n\nBitte schaue dir den Bereich rund um dieses erkannte Verkehrszeichen an. Vermutlich fehlt hier eine Radinfrastruktur, die du hinzufügen kannst. Die nächste OSM-Radinfra ist **mehr als 30 m** entfernt.\n\n---\n\n### 🖼️ Bild & Karte\n\n- 📷 [**Mapillary-Bild anzeigen**](https://www.mapillary.com/app/?pKey=1523324452473752&focus=photo&trafficSign[]=regulatory--bicycles-only--g1&trafficSign[]=regulatory--shared-path-pedestrians-and-bicycles--g1&trafficSign[]=regulatory--dual-path-bicycles-and-pedestrians--g1&trafficSign[]=regulatory--dual-path-pedestrians-and-bicycles--g1&trafficSign[]=complementary--except-bicycles--g1&trafficSign[]=complementary--bike-route--g1&trafficSign[]=regulatory--pedestrians-only--g1)  \n(Das ist die neueste Aufnahme, auf der das Zeichen erkannt wurde: **28.05.2026**.)\n\n- 🗺️ [**In radinfra.de bzw. TILDA ansehen**](https://tilda-geo.de/regionen/radinfra?map=17.4/49.010856/12.111547&config=pdqyyt.7h3d.16g9vk&v=2&data=mapillary-cycleway-traffic-signs)  \n(Hinweis: Ist hilfreich um den aktuellen Stand der Radinfrastruktur vor Ort zu prüfen.)\n\n---\n\n### 📚 Nützliche Links\n\n- 🛑 [**Traffic Sign Tool** – DE:237](https://trafficsigns.osm-verkehrswende.org/DE?signs=DE:237)\n- 🚴 [**OSM-Wiki: Radverkehrsanlagen kartieren**](https://wiki.openstreetmap.org/wiki/DE:Bicycle/Radverkehrsanlagen_kartieren)\n- 📷 [**Chrome Browser plugin: Mapillary Traffic Sign & Image ID Copier**](https://chromewebstore.google.com/detail/mapillary-traffic-sign-im/eagencdgcmgechomeedlbkhfcihdjhdg)\n\n---\n\nViel Erfolg beim Prüfen und Mappen! 🗺️\n",
        "priority": 0,
        "name": "🟩 Task mit hoher Wahrscheinlichkeit valide"
      }
    },
    {
      "type": "Feature",
      "id": "1239188454548766",
      "geometry": {
        "type": "Point",
        "coordinates": [
          12.112051248550415,
          49.010549768056165
        ]
      },
      "properties": {
        "image_id": "1310067080642722",
        "Verkehrzeichen": "237",
        "instruction": "\n### 🚧 Aufgabe: Verkehrszeichen **DE:237** überprüfen und Radinfra hinzufügen\n\nBitte schaue dir den Bereich rund um dieses erkannte Verkehrszeichen an. Vermutlich fehlt hier eine Radinfrastruktur, die du hinzufügen kannst. Die nächste OSM-Radinfra ist **mehr als 30 m** entfernt.\n\n---\n\n### 🖼️ Bild & Karte\n\n- 📷 [**Mapillary-Bild anzeigen**](https://www.mapillary.com/app/?pKey=1310067080642722&focus=photo&trafficSign[]=regulatory--bicycles-only--g1&trafficSign[]=regulatory--shared-path-pedestrians-and-bicycles--g1&trafficSign[]=regulatory--dual-path-bicycles-and-pedestrians--g1&trafficSign[]=regulatory--dual-path-pedestrians-and-bicycles--g1&trafficSign[]=complementary--except-bicycles--g1&trafficSign[]=complementary--bike-route--g1&trafficSign[]=regulatory--pedestrians-only--g1)  \n(Das ist die neueste Aufnahme, auf der das Zeichen erkannt wurde: **28.05.2026**.)\n\n- 🗺️ [**In radinfra.de bzw. TILDA ansehen**](https://tilda-geo.de/regionen/radinfra?map=17.4/49.01055/12.112051&config=pdqyyt.7h3d.16g9vk&v=2&data=mapillary-cycleway-traffic-signs)  \n(Hinweis: Ist hilfreich um den aktuellen Stand der Radinfrastruktur vor Ort zu prüfen.)\n\n---\n\n### 📚 Nützliche Links\n\n- 🛑 [**Traffic Sign Tool** – DE:237](https://trafficsigns.osm-verkehrswende.org/DE?signs=DE:237)\n- 🚴 [**OSM-Wiki: Radverkehrsanlagen kartieren**](https://wiki.openstreetmap.org/wiki/DE:Bicycle/Radverkehrsanlagen_kartieren)\n- 📷 [**Chrome Browser plugin: Mapillary Traffic Sign & Image ID Copier**](https://chromewebstore.google.com/detail/mapillary-traffic-sign-im/eagencdgcmgechomeedlbkhfcihdjhdg)\n\n---\n\nViel Erfolg beim Prüfen und Mappen! 🗺️\n",
        "priority": 0,
        "name": "🟩 Task mit hoher Wahrscheinlichkeit valide"
      }
    },
    {
      "type": "Feature",
      "id": "3533107536790159",
      "geometry": {
        "type": "Point",
        "coordinates": [
          12.120441198348999,
          47.80918803825935
        ]
      },
      "properties": {
        "image_id": "2023187258558836",
        "Verkehrzeichen": "240",
        "instruction": "\n### 🚧 Aufgabe: Verkehrszeichen **DE:240** überprüfen und Radinfra hinzufügen\n\nBitte schaue dir den Bereich rund um dieses erkannte Verkehrszeichen an. Vermutlich fehlt hier eine Radinfrastruktur, die du hinzufügen kannst. Die nächste OSM-Radinfra ist **mehr als 30 m** entfernt.\n\n---\n\n### 🖼️ Bild & Karte\n\n- 📷 [**Mapillary-Bild anzeigen**](https://www.mapillary.com/app/?pKey=2023187258558836&focus=photo&trafficSign[]=regulatory--bicycles-only--g1&trafficSign[]=regulatory--shared-path-pedestrians-and-bicycles--g1&trafficSign[]=regulatory--dual-path-bicycles-and-pedestrians--g1&trafficSign[]=regulatory--dual-path-pedestrians-and-bicycles--g1&trafficSign[]=complementary--except-bicycles--g1&trafficSign[]=complementary--bike-route--g1&trafficSign[]=regulatory--pedestrians-only--g1)  \n(Das ist die neueste Aufnahme, auf der das Zeichen erkannt wurde: **01.06.2026**.)\n\n- 🗺️ [**In radinfra.de bzw. TILDA ansehen**](https://tilda-geo.de/regionen/radinfra?map=17.4/47.809188/12.120441&config=pdqyyt.7h3d.16g9vk&v=2&data=mapillary-cycleway-traffic-signs)  \n(Hinweis: Ist hilfreich um den aktuellen Stand der Radinfrastruktur vor Ort zu prüfen.)\n\n---\n\n### 📚 Nützliche Links\n\n- 🛑 [**Traffic Sign Tool** – DE:240](https://trafficsigns.osm-verkehrswende.org/DE?signs=DE:240)\n- 🚴 [**OSM-Wiki: Radverkehrsanlagen kartieren**](https://wiki.openstreetmap.org/wiki/DE:Bicycle/Radverkehrsanlagen_kartieren)\n- 📷 [**Chrome Browser plugin: Mapillary Traffic Sign & Image ID Copier**](https://chromewebstore.google.com/detail/mapillary-traffic-sign-im/eagencdgcmgechomeedlbkhfcihdjhdg)\n\n---\n\nViel Erfolg beim Prüfen und Mappen! 🗺️\n",
        "priority": 0,
        "name": "🟩 Task mit hoher Wahrscheinlichkeit valide"
      }
    },
    {
      "type": "Feature",
      "id": "295171239710047",
      "geometry": {
        "type": "Point",
        "coordinates": [
          12.162047624588013,
          49.6313739855257
        ]
      },
      "properties": {
        "image_id": "1327301619279248",
        "Verkehrzeichen": "240",
        "instruction": "\n### 🚧 Aufgabe: Verkehrszeichen **DE:240** überprüfen und Radinfra hinzufügen\n\nBitte schaue dir den Bereich rund um dieses erkannte Verkehrszeichen an. Vermutlich fehlt hier eine Radinfrastruktur, die du hinzufügen kannst. Die nächste OSM-Radinfra ist **mehr als 30 m** entfernt.\n\n---\n\n### 🖼️ Bild & Karte\n\n- 📷 [**Mapillary-Bild anzeigen**](https://www.mapillary.com/app/?pKey=1327301619279248&focus=photo&trafficSign[]=regulatory--bicycles-only--g1&trafficSign[]=regulatory--shared-path-pedestrians-and-bicycles--g1&trafficSign[]=regulatory--dual-path-bicycles-and-pedestrians--g1&trafficSign[]=regulatory--dual-path-pedestrians-and-bicycles--g1&trafficSign[]=complementary--except-bicycles--g1&trafficSign[]=complementary--bike-route--g1&trafficSign[]=regulatory--pedestrians-only--g1)  \n(Das ist die neueste Aufnahme, auf der das Zeichen erkannt wurde: **09.08.2026**.)\n\n- 🗺️ [**In radinfra.de bzw. TILDA ansehen**](https://tilda-geo.de/regionen/radinfra?map=17.4/49.631374/12.162048&config=pdqyyt.7h3d.16g9vk&v=2&data=mapillary-cycleway-traffic-signs)  \n(Hinweis: Ist hilfreich um den aktuellen Stand der Radinfrastruktur vor Ort zu prüfen.)\n\n---\n\n### 📚 Nützliche Links\n\n- 🛑 [**Traffic Sign Tool** – DE:240](https://trafficsigns.osm-verkehrswende.org/DE?signs=DE:240)\n- 🚴 [**OSM-Wiki: Radverkehrsanlagen kartieren**](https://wiki.openstreetmap.org/wiki/DE:Bicycle/Radverkehrsanlagen_kartieren)\n- 📷 [**Chrome Browser plugin: Mapillary Traffic Sign & Image ID Copier**](https://chromewebstore.google.com/detail/mapillary-traffic-sign-im/eagencdgcmgechomeedlbkhfcihdjhdg)\n\n---\n\nViel Erfolg beim Prüfen und Mappen! 🗺️\n",
        "priority": 0,
        "name": "🟩 Task mit hoher Wahrscheinlichkeit valide"
      }
    },
    {
      "type": "Feature",
      "id": "25267912049518771",
      "geometry": {
        "type": "Point",
        "coordinates": [
          12.59609341621399,
          47.691323828264785
        ]
      },
      "properties": {
        "image_id": "1389417006352373",
        "Verkehrzeichen": "240",
        "instruction": "\n### 🚧 Aufgabe: Verkehrszeichen **DE:240** überprüfen und Radinfra hinzufügen\n\nBitte schaue dir den Bereich rund um dieses erkannte Verkehrszeichen an. Vermutlich fehlt hier eine Radinfrastruktur, die du hinzufügen kannst. Die nächste OSM-Radinfra ist **mehr als 30 m** entfernt.\n\n---\n\n### 🖼️ Bild & Karte\n\n- 📷 [**Mapillary-Bild anzeigen**](https://www.mapillary.com/app/?pKey=1389417006352373&focus=photo&trafficSign[]=regulatory--bicycles-only--g1&trafficSign[]=regulatory--shared-path-pedestrians-and-bicycles--g1&trafficSign[]=regulatory--dual-path-bicycles-and-pedestrians--g1&trafficSign[]=regulatory--dual-path-pedestrians-and-bicycles--g1&trafficSign[]=complementary--except-bicycles--g1&trafficSign[]=complementary--bike-route--g1&trafficSign[]=regulatory--pedestrians-only--g1)  \n(Das ist die neueste Aufnahme, auf der das Zeichen erkannt wurde: **30.05.2026**.)\n\n- 🗺️ [**In radinfra.de bzw. TILDA ansehen**](https://tilda-geo.de/regionen/radinfra?map=17.4/47.691324/12.596093&config=pdqyyt.7h3d.16g9vk&v=2&data=mapillary-cycleway-traffic-signs)  \n(Hinweis: Ist hilfreich um den aktuellen Stand der Radinfrastruktur vor Ort zu prüfen.)\n\n---\n\n### 📚 Nützliche Links\n\n- 🛑 [**Traffic Sign Tool** – DE:240](https://trafficsigns.osm-verkehrswende.org/DE?signs=DE:240)\n- 🚴 [**OSM-Wiki: Radverkehrsanlagen kartieren**](https://wiki.openstreetmap.org/wiki/DE:Bicycle/Radverkehrsanlagen_kartieren)\n- 📷 [**Chrome Browser plugin: Mapillary Traffic Sign & Image ID Copier**](https://chromewebstore.google.com/detail/mapillary-traffic-sign-im/eagencdgcmgechomeedlbkhfcihdjhdg)\n\n---\n\nViel Erfolg beim Prüfen und Mappen! 🗺️\n",
        "priority": 0,
        "name": "🟩 Task mit hoher Wahrscheinlichkeit valide"
      }
    },
    {
      "type": "Feature",
      "id": "227331598756709",
      "geometry": {
        "type": "Point",
        "coordinates": [
          12.622727751731873,
          47.711064608015164
        ]
      },
      "properties": {
        "image_id": "1306589390993243",
        "Verkehrzeichen": "240",
        "instruction": "\n### 🚧 Aufgabe: Verkehrszeichen **DE:240** überprüfen und Radinfra hinzufügen\n\nBitte schaue dir den Bereich rund um dieses erkannte Verkehrszeichen an. Vermutlich fehlt hier eine Radinfrastruktur, die du hinzufügen kannst. Die nächste OSM-Radinfra ist **mehr als 30 m** entfernt.\n\n---\n\n### 🖼️ Bild & Karte\n\n- 📷 [**Mapillary-Bild anzeigen**](https://www.mapillary.com/app/?pKey=1306589390993243&focus=photo&trafficSign[]=regulatory--bicycles-only--g1&trafficSign[]=regulatory--shared-path-pedestrians-and-bicycles--g1&trafficSign[]=regulatory--dual-path-bicycles-and-pedestrians--g1&trafficSign[]=regulatory--dual-path-pedestrians-and-bicycles--g1&trafficSign[]=complementary--except-bicycles--g1&trafficSign[]=complementary--bike-route--g1&trafficSign[]=regulatory--pedestrians-only--g1)  \n(Das ist die neueste Aufnahme, auf der das Zeichen erkannt wurde: **31.05.2026**.)\n\n- 🗺️ [**In radinfra.de bzw. TILDA ansehen**](https://tilda-geo.de/regionen/radinfra?map=17.4/47.711065/12.622728&config=pdqyyt.7h3d.16g9vk&v=2&data=mapillary-cycleway-traffic-signs)  \n(Hinweis: Ist hilfreich um den aktuellen Stand der Radinfrastruktur vor Ort zu prüfen.)\n\n---\n\n### 📚 Nützliche Links\n\n- 🛑 [**Traffic Sign Tool** – DE:240](https://trafficsigns.osm-verkehrswende.org/DE?signs=DE:240)\n- 🚴 [**OSM-Wiki: Radverkehrsanlagen kartieren**](https://wiki.openstreetmap.org/wiki/DE:Bicycle/Radverkehrsanlagen_kartieren)\n- 📷 [**Chrome Browser plugin: Mapillary Traffic Sign & Image ID Copier**](https://chromewebstore.google.com/detail/mapillary-traffic-sign-im/eagencdgcmgechomeedlbkhfcihdjhdg)\n\n---\n\nViel Erfolg beim Prüfen und Mappen! 🗺️\n",
        "priority": 0,
        "name": "🟩 Task mit hoher Wahrscheinlichkeit valide"
      }
    },
    {
      "type": "Feature",
      "id": "320409353672672",
      "geometry": {
        "type": "Point",
        "coordinates": [
          12.622845768928528,
          47.71129561897058
        ]
      },
      "properties": {
        "image_id": "1034368509153436",
        "Verkehrzeichen": "240",
        "instruction": "\n### 🚧 Aufgabe: Verkehrszeichen **DE:240** überprüfen und Radinfra hinzufügen\n\nBitte schaue dir den Bereich rund um dieses erkannte Verkehrszeichen an. Vermutlich fehlt hier eine Radinfrastruktur, die du hinzufügen kannst. Die nächste OSM-Radinfra ist **mehr als 30 m** entfernt.\n\n---\n\n### 🖼️ Bild & Karte\n\n- 📷 [**Mapillary-Bild anzeigen**](https://www.mapillary.com/app/?pKey=1034368509153436&focus=photo&trafficSign[]=regulatory--bicycles-only--g1&trafficSign[]=regulatory--shared-path-pedestrians-and-bicycles--g1&trafficSign[]=regulatory--dual-path-bicycles-and-pedestrians--g1&trafficSign[]=regulatory--dual-path-pedestrians-and-bicycles--g1&trafficSign[]=complementary--except-bicycles--g1&trafficSign[]=complementary--bike-route--g1&trafficSign[]=regulatory--pedestrians-only--g1)  \n(Das ist die neueste Aufnahme, auf der das Zeichen erkannt wurde: **31.05.2026**.)\n\n- 🗺️ [**In radinfra.de bzw. TILDA ansehen**](https://tilda-geo.de/regionen/radinfra?map=17.4/47.711296/12.622846&config=pdqyyt.7h3d.16g9vk&v=2&data=mapillary-cycleway-traffic-signs)  \n(Hinweis: Ist hilfreich um den aktuellen Stand der Radinfrastruktur vor Ort zu prüfen.)\n\n---\n\n### 📚 Nützliche Links\n\n- 🛑 [**Traffic Sign Tool** – DE:240](https://trafficsigns.osm-verkehrswende.org/DE?signs=DE:240)\n- 🚴 [**OSM-Wiki: Radverkehrsanlagen kartieren**](https://wiki.openstreetmap.org/wiki/DE:Bicycle/Radverkehrsanlagen_kartieren)\n- 📷 [**Chrome Browser plugin: Mapillary Traffic Sign & Image ID Copier**](https://chromewebstore.google.com/detail/mapillary-traffic-sign-im/eagencdgcmgechomeedlbkhfcihdjhdg)\n\n---\n\nViel Erfolg beim Prüfen und Mappen! 🗺️\n",
        "priority": 0,
        "name": "🟩 Task mit hoher Wahrscheinlichkeit valide"
      }
    },
    {
      "type": "Feature",
      "id": "228055715350964",
      "geometry": {
        "type": "Point",
        "coordinates": [
          12.621638774871826,
          47.7102055270401
        ]
      },
      "properties": {
        "image_id": "2203823643773327",
        "Verkehrzeichen": "240",
        "instruction": "\n### 🚧 Aufgabe: Verkehrszeichen **DE:240** überprüfen und Radinfra hinzufügen\n\nBitte schaue dir den Bereich rund um dieses erkannte Verkehrszeichen an. Vermutlich fehlt hier eine Radinfrastruktur, die du hinzufügen kannst. Die nächste OSM-Radinfra ist **mehr als 30 m** entfernt.\n\n---\n\n### 🖼️ Bild & Karte\n\n- 📷 [**Mapillary-Bild anzeigen**](https://www.mapillary.com/app/?pKey=2203823643773327&focus=photo&trafficSign[]=regulatory--bicycles-only--g1&trafficSign[]=regulatory--shared-path-pedestrians-and-bicycles--g1&trafficSign[]=regulatory--dual-path-bicycles-and-pedestrians--g1&trafficSign[]=regulatory--dual-path-pedestrians-and-bicycles--g1&trafficSign[]=complementary--except-bicycles--g1&trafficSign[]=complementary--bike-route--g1&trafficSign[]=regulatory--pedestrians-only--g1)  \n(Das ist die neueste Aufnahme, auf der das Zeichen erkannt wurde: **30.05.2026**.)\n\n- 🗺️ [**In radinfra.de bzw. TILDA ansehen**](https://tilda-geo.de/regionen/radinfra?map=17.4/47.710206/12.621639&config=pdqyyt.7h3d.16g9vk&v=2&data=mapillary-cycleway-traffic-signs)  \n(Hinweis: Ist hilfreich um den aktuellen Stand der Radinfrastruktur vor Ort zu prüfen.)\n\n---\n\n### 📚 Nützliche Links\n\n- 🛑 [**Traffic Sign Tool** – DE:240](https://trafficsigns.osm-verkehrswende.org/DE?signs=DE:240)\n- 🚴 [**OSM-Wiki: Radverkehrsanlagen kartieren**](https://wiki.openstreetmap.org/wiki/DE:Bicycle/Radverkehrsanlagen_kartieren)\n- 📷 [**Chrome Browser plugin: Mapillary Traffic Sign & Image ID Copier**](https://chromewebstore.google.com/detail/mapillary-traffic-sign-im/eagencdgcmgechomeedlbkhfcihdjhdg)\n\n---\n\nViel Erfolg beim Prüfen und Mappen! 🗺️\n",
        "priority": 0,
        "name": "🟩 Task mit hoher Wahrscheinlichkeit valide"
      }
    },
    {
      "type": "Feature",
      "id": "316202320096697",
      "geometry": {
        "type": "Point",
        "coordinates": [
          12.616000771522522,
          47.70085578907762
        ]
      },
      "properties": {
        "image_id": "1018323203884337",
        "Verkehrzeichen": "240",
        "instruction": "\n### 🚧 Aufgabe: Verkehrszeichen **DE:240** überprüfen und Radinfra hinzufügen\n\nBitte schaue dir den Bereich rund um dieses erkannte Verkehrszeichen an. Vermutlich fehlt hier eine Radinfrastruktur, die du hinzufügen kannst. Die nächste OSM-Radinfra ist **mehr als 30 m** entfernt.\n\n---\n\n### 🖼️ Bild & Karte\n\n- 📷 [**Mapillary-Bild anzeigen**](https://www.mapillary.com/app/?pKey=1018323203884337&focus=photo&trafficSign[]=regulatory--bicycles-only--g1&trafficSign[]=regulatory--shared-path-pedestrians-and-bicycles--g1&trafficSign[]=regulatory--dual-path-bicycles-and-pedestrians--g1&trafficSign[]=regulatory--dual-path-pedestrians-and-bicycles--g1&trafficSign[]=complementary--except-bicycles--g1&trafficSign[]=complementary--bike-route--g1&trafficSign[]=regulatory--pedestrians-only--g1)  \n(Das ist die neueste Aufnahme, auf der das Zeichen erkannt wurde: **30.05.2026**.)\n\n- 🗺️ [**In radinfra.de bzw. TILDA ansehen**](https://tilda-geo.de/regionen/radinfra?map=17.4/47.700856/12.616001&config=pdqyyt.7h3d.16g9vk&v=2&data=mapillary-cycleway-traffic-signs)  \n(Hinweis: Ist hilfreich um den aktuellen Stand der Radinfrastruktur vor Ort zu prüfen.)\n\n---\n\n### 📚 Nützliche Links\n\n- 🛑 [**Traffic Sign Tool** – DE:240](https://trafficsigns.osm-verkehrswende.org/DE?signs=DE:240)\n- 🚴 [**OSM-Wiki: Radverkehrsanlagen kartieren**](https://wiki.openstreetmap.org/wiki/DE:Bicycle/Radverkehrsanlagen_kartieren)\n- 📷 [**Chrome Browser plugin: Mapillary Traffic Sign & Image ID Copier**](https://chromewebstore.google.com/detail/mapillary-traffic-sign-im/eagencdgcmgechomeedlbkhfcihdjhdg)\n\n---\n\nViel Erfolg beim Prüfen und Mappen! 🗺️\n",
        "priority": 0,
        "name": "🟩 Task mit hoher Wahrscheinlichkeit valide"
      }
    },
    {
      "type": "Feature",
      "id": "439611987589795",
      "geometry": {
        "type": "Point",
        "coordinates": [
          12.615963220596313,
          47.700761922201934
        ]
      },
      "properties": {
        "image_id": "1186671810209432",
        "Verkehrzeichen": "240",
        "instruction": "\n### 🚧 Aufgabe: Verkehrszeichen **DE:240** überprüfen und Radinfra hinzufügen\n\nBitte schaue dir den Bereich rund um dieses erkannte Verkehrszeichen an. Vermutlich fehlt hier eine Radinfrastruktur, die du hinzufügen kannst. Die nächste OSM-Radinfra ist **mehr als 30 m** entfernt.\n\n---\n\n### 🖼️ Bild & Karte\n\n- 📷 [**Mapillary-Bild anzeigen**](https://www.mapillary.com/app/?pKey=1186671810209432&focus=photo&trafficSign[]=regulatory--bicycles-only--g1&trafficSign[]=regulatory--shared-path-pedestrians-and-bicycles--g1&trafficSign[]=regulatory--dual-path-bicycles-and-pedestrians--g1&trafficSign[]=regulatory--dual-path-pedestrians-and-bicycles--g1&trafficSign[]=complementary--except-bicycles--g1&trafficSign[]=complementary--bike-route--g1&trafficSign[]=regulatory--pedestrians-only--g1)  \n(Das ist die neueste Aufnahme, auf der das Zeichen erkannt wurde: **30.05.2026**.)\n\n- 🗺️ [**In radinfra.de bzw. TILDA ansehen**](https://tilda-geo.de/regionen/radinfra?map=17.4/47.700762/12.615963&config=pdqyyt.7h3d.16g9vk&v=2&data=mapillary-cycleway-traffic-signs)  \n(Hinweis: Ist hilfreich um den aktuellen Stand der Radinfrastruktur vor Ort zu prüfen.)\n\n---\n\n### 📚 Nützliche Links\n\n- 🛑 [**Traffic Sign Tool** – DE:240](https://trafficsigns.osm-verkehrswende.org/DE?signs=DE:240)\n- 🚴 [**OSM-Wiki: Radverkehrsanlagen kartieren**](https://wiki.openstreetmap.org/wiki/DE:Bicycle/Radverkehrsanlagen_kartieren)\n- 📷 [**Chrome Browser plugin: Mapillary Traffic Sign & Image ID Copier**](https://chromewebstore.google.com/detail/mapillary-traffic-sign-im/eagencdgcmgechomeedlbkhfcihdjhdg)\n\n---\n\nViel Erfolg beim Prüfen und Mappen! 🗺️\n",
        "priority": 0,
        "name": "🟩 Task mit hoher Wahrscheinlichkeit valide"
      }
    },
    {
      "type": "Feature",
      "id": "1208200560524584",
      "geometry": {
        "type": "Point",
        "coordinates": [
          12.655960321426392,
          47.81849311482341
        ]
      },
      "properties": {
        "image_id": "801233278562828",
        "Verkehrzeichen": "240",
        "instruction": "\n### 🚧 Aufgabe: Verkehrszeichen **DE:240** überprüfen und Radinfra hinzufügen\n\nBitte schaue dir den Bereich rund um dieses erkannte Verkehrszeichen an. Vermutlich fehlt hier eine Radinfrastruktur, die du hinzufügen kannst. Die nächste OSM-Radinfra ist **ca. 27 m** entfernt.\n\n---\n\n### 🖼️ Bild & Karte\n\n- 📷 [**Mapillary-Bild anzeigen**](https://www.mapillary.com/app/?pKey=801233278562828&focus=photo&trafficSign[]=regulatory--bicycles-only--g1&trafficSign[]=regulatory--shared-path-pedestrians-and-bicycles--g1&trafficSign[]=regulatory--dual-path-bicycles-and-pedestrians--g1&trafficSign[]=regulatory--dual-path-pedestrians-and-bicycles--g1&trafficSign[]=complementary--except-bicycles--g1&trafficSign[]=complementary--bike-route--g1&trafficSign[]=regulatory--pedestrians-only--g1)  \n(Das ist die neueste Aufnahme, auf der das Zeichen erkannt wurde: **03.08.2024**.)\n\n- 🗺️ [**In radinfra.de bzw. TILDA ansehen**](https://tilda-geo.de/regionen/radinfra?map=17.4/47.818493/12.65596&config=pdqyyt.7h3d.16g9vk&v=2&data=mapillary-cycleway-traffic-signs)  \n(Hinweis: Ist hilfreich um den aktuellen Stand der Radinfrastruktur vor Ort zu prüfen.)\n\n---\n\n### 📚 Nützliche Links\n\n- 🛑 [**Traffic Sign Tool** – DE:240](https://trafficsigns.osm-verkehrswende.org/DE?signs=DE:240)\n- 🚴 [**OSM-Wiki: Radverkehrsanlagen kartieren**](https://wiki.openstreetmap.org/wiki/DE:Bicycle/Radverkehrsanlagen_kartieren)\n- 📷 [**Chrome Browser plugin: Mapillary Traffic Sign & Image ID Copier**](https://chromewebstore.google.com/detail/mapillary-traffic-sign-im/eagencdgcmgechomeedlbkhfcihdjhdg)\n\n---\n\nViel Erfolg beim Prüfen und Mappen! 🗺️\n",
        "priority": 1,
        "name": "🟨 Task mit mittlerer Wahrscheinlichkeit valide"
      }
    },
    {
      "type": "Feature",
      "id": "1539128086664164",
      "geometry": {
        "type": "Point",
        "coordinates": [
          12.642989158630371,
          47.71555830921298
        ]
      },
      "properties": {
        "image_id": "2154422798740723",
        "Verkehrzeichen": "240",
        "instruction": "\n### 🚧 Aufgabe: Verkehrszeichen **DE:240** überprüfen und Radinfra hinzufügen\n\nBitte schaue dir den Bereich rund um dieses erkannte Verkehrszeichen an. Vermutlich fehlt hier eine Radinfrastruktur, die du hinzufügen kannst. Die nächste OSM-Radinfra ist **mehr als 30 m** entfernt.\n\n---\n\n### 🖼️ Bild & Karte\n\n- 📷 [**Mapillary-Bild anzeigen**](https://www.mapillary.com/app/?pKey=2154422798740723&focus=photo&trafficSign[]=regulatory--bicycles-only--g1&trafficSign[]=regulatory--shared-path-pedestrians-and-bicycles--g1&trafficSign[]=regulatory--dual-path-bicycles-and-pedestrians--g1&trafficSign[]=regulatory--dual-path-pedestrians-and-bicycles--g1&trafficSign[]=complementary--except-bicycles--g1&trafficSign[]=complementary--bike-route--g1&trafficSign[]=regulatory--pedestrians-only--g1)  \n(Das ist die neueste Aufnahme, auf der das Zeichen erkannt wurde: **31.05.2026**.)\n\n- 🗺️ [**In radinfra.de bzw. TILDA ansehen**](https://tilda-geo.de/regionen/radinfra?map=17.4/47.715558/12.642989&config=pdqyyt.7h3d.16g9vk&v=2&data=mapillary-cycleway-traffic-signs)  \n(Hinweis: Ist hilfreich um den aktuellen Stand der Radinfrastruktur vor Ort zu prüfen.)\n\n---\n\n### 📚 Nützliche Links\n\n- 🛑 [**Traffic Sign Tool** – DE:240](https://trafficsigns.osm-verkehrswende.org/DE?signs=DE:240)\n- 🚴 [**OSM-Wiki: Radverkehrsanlagen kartieren**](https://wiki.openstreetmap.org/wiki/DE:Bicycle/Radverkehrsanlagen_kartieren)\n- 📷 [**Chrome Browser plugin: Mapillary Traffic Sign & Image ID Copier**](https://chromewebstore.google.com/detail/mapillary-traffic-sign-im/eagencdgcmgechomeedlbkhfcihdjhdg)\n\n---\n\nViel Erfolg beim Prüfen und Mappen! 🗺️\n",
        "priority": 0,
        "name": "🟩 Task mit hoher Wahrscheinlichkeit valide"
      }
    },
    {
      "type": "Feature",
      "id": "1539128089997497",
      "geometry": {
        "type": "Point",
        "coordinates": [
          12.643080353736877,
          47.715691851030186
        ]
      },
      "properties": {
        "image_id": "1535315411557051",
        "Verkehrzeichen": "240",
        "instruction": "\n### 🚧 Aufgabe: Verkehrszeichen **DE:240** überprüfen und Radinfra hinzufügen\n\nBitte schaue dir den Bereich rund um dieses erkannte Verkehrszeichen an. Vermutlich fehlt hier eine Radinfrastruktur, die du hinzufügen kannst. Die nächste OSM-Radinfra ist **mehr als 30 m** entfernt.\n\n---\n\n### 🖼️ Bild & Karte\n\n- 📷 [**Mapillary-Bild anzeigen**](https://www.mapillary.com/app/?pKey=1535315411557051&focus=photo&trafficSign[]=regulatory--bicycles-only--g1&trafficSign[]=regulatory--shared-path-pedestrians-and-bicycles--g1&trafficSign[]=regulatory--dual-path-bicycles-and-pedestrians--g1&trafficSign[]=regulatory--dual-path-pedestrians-and-bicycles--g1&trafficSign[]=complementary--except-bicycles--g1&trafficSign[]=complementary--bike-route--g1&trafficSign[]=regulatory--pedestrians-only--g1)  \n(Das ist die neueste Aufnahme, auf der das Zeichen erkannt wurde: **31.05.2026**.)\n\n- 🗺️ [**In radinfra.de bzw. TILDA ansehen**](https://tilda-geo.de/regionen/radinfra?map=17.4/47.715692/12.64308&config=pdqyyt.7h3d.16g9vk&v=2&data=mapillary-cycleway-traffic-signs)  \n(Hinweis: Ist hilfreich um den aktuellen Stand der Radinfrastruktur vor Ort zu prüfen.)\n\n---\n\n### 📚 Nützliche Links\n\n- 🛑 [**Traffic Sign Tool** – DE:240](https://trafficsigns.osm-verkehrswende.org/DE?signs=DE:240)\n- 🚴 [**OSM-Wiki: Radverkehrsanlagen kartieren**](https://wiki.openstreetmap.org/wiki/DE:Bicycle/Radverkehrsanlagen_kartieren)\n- 📷 [**Chrome Browser plugin: Mapillary Traffic Sign & Image ID Copier**](https://chromewebstore.google.com/detail/mapillary-traffic-sign-im/eagencdgcmgechomeedlbkhfcihdjhdg)\n\n---\n\nViel Erfolg beim Prüfen und Mappen! 🗺️\n",
        "priority": 0,
        "name": "🟩 Task mit hoher Wahrscheinlichkeit valide"
      }
    },
    {
      "type": "Feature",
      "id": "157411800719027",
      "geometry": {
        "type": "Point",
        "coordinates": [
          12.643096446990967,
          47.71548612430445
        ]
      },
      "properties": {
        "image_id": "1299533315621802",
        "Verkehrzeichen": "240",
        "instruction": "\n### 🚧 Aufgabe: Verkehrszeichen **DE:240** überprüfen und Radinfra hinzufügen\n\nBitte schaue dir den Bereich rund um dieses erkannte Verkehrszeichen an. Vermutlich fehlt hier eine Radinfrastruktur, die du hinzufügen kannst. Die nächste OSM-Radinfra ist **mehr als 30 m** entfernt.\n\n---\n\n### 🖼️ Bild & Karte\n\n- 📷 [**Mapillary-Bild anzeigen**](https://www.mapillary.com/app/?pKey=1299533315621802&focus=photo&trafficSign[]=regulatory--bicycles-only--g1&trafficSign[]=regulatory--shared-path-pedestrians-and-bicycles--g1&trafficSign[]=regulatory--dual-path-bicycles-and-pedestrians--g1&trafficSign[]=regulatory--dual-path-pedestrians-and-bicycles--g1&trafficSign[]=complementary--except-bicycles--g1&trafficSign[]=complementary--bike-route--g1&trafficSign[]=regulatory--pedestrians-only--g1)  \n(Das ist die neueste Aufnahme, auf der das Zeichen erkannt wurde: **31.05.2026**.)\n\n- 🗺️ [**In radinfra.de bzw. TILDA ansehen**](https://tilda-geo.de/regionen/radinfra?map=17.4/47.715486/12.643096&config=pdqyyt.7h3d.16g9vk&v=2&data=mapillary-cycleway-traffic-signs)  \n(Hinweis: Ist hilfreich um den aktuellen Stand der Radinfrastruktur vor Ort zu prüfen.)\n\n---\n\n### 📚 Nützliche Links\n\n- 🛑 [**Traffic Sign Tool** – DE:240](https://trafficsigns.osm-verkehrswende.org/DE?signs=DE:240)\n- 🚴 [**OSM-Wiki: Radverkehrsanlagen kartieren**](https://wiki.openstreetmap.org/wiki/DE:Bicycle/Radverkehrsanlagen_kartieren)\n- 📷 [**Chrome Browser plugin: Mapillary Traffic Sign & Image ID Copier**](https://chromewebstore.google.com/detail/mapillary-traffic-sign-im/eagencdgcmgechomeedlbkhfcihdjhdg)\n\n---\n\nViel Erfolg beim Prüfen und Mappen! 🗺️\n",
        "priority": 0,
        "name": "🟩 Task mit hoher Wahrscheinlichkeit valide"
      }
    },
    {
      "type": "Feature",
      "id": "1291887034790901",
      "geometry": {
        "type": "Point",
        "coordinates": [
          12.64326810836792,
          47.71550417054098
        ]
      },
      "properties": {
        "image_id": "1798845347756589",
        "Verkehrzeichen": "240",
        "instruction": "\n### 🚧 Aufgabe: Verkehrszeichen **DE:240** überprüfen und Radinfra hinzufügen\n\nBitte schaue dir den Bereich rund um dieses erkannte Verkehrszeichen an. Vermutlich fehlt hier eine Radinfrastruktur, die du hinzufügen kannst. Die nächste OSM-Radinfra ist **mehr als 30 m** entfernt.\n\n---\n\n### 🖼️ Bild & Karte\n\n- 📷 [**Mapillary-Bild anzeigen**](https://www.mapillary.com/app/?pKey=1798845347756589&focus=photo&trafficSign[]=regulatory--bicycles-only--g1&trafficSign[]=regulatory--shared-path-pedestrians-and-bicycles--g1&trafficSign[]=regulatory--dual-path-bicycles-and-pedestrians--g1&trafficSign[]=regulatory--dual-path-pedestrians-and-bicycles--g1&trafficSign[]=complementary--except-bicycles--g1&trafficSign[]=complementary--bike-route--g1&trafficSign[]=regulatory--pedestrians-only--g1)  \n(Das ist die neueste Aufnahme, auf der das Zeichen erkannt wurde: **30.05.2026**.)\n\n- 🗺️ [**In radinfra.de bzw. TILDA ansehen**](https://tilda-geo.de/regionen/radinfra?map=17.4/47.715504/12.643268&config=pdqyyt.7h3d.16g9vk&v=2&data=mapillary-cycleway-traffic-signs)  \n(Hinweis: Ist hilfreich um den aktuellen Stand der Radinfrastruktur vor Ort zu prüfen.)\n\n---\n\n### 📚 Nützliche Links\n\n- 🛑 [**Traffic Sign Tool** – DE:240](https://trafficsigns.osm-verkehrswende.org/DE?signs=DE:240)\n- 🚴 [**OSM-Wiki: Radverkehrsanlagen kartieren**](https://wiki.openstreetmap.org/wiki/DE:Bicycle/Radverkehrsanlagen_kartieren)\n- 📷 [**Chrome Browser plugin: Mapillary Traffic Sign & Image ID Copier**](https://chromewebstore.google.com/detail/mapillary-traffic-sign-im/eagencdgcmgechomeedlbkhfcihdjhdg)\n\n---\n\nViel Erfolg beim Prüfen und Mappen! 🗺️\n",
        "priority": 0,
        "name": "🟩 Task mit hoher Wahrscheinlichkeit valide"
      }
    },
    {
      "type": "Feature",
      "id": "913156627282817",
      "geometry": {
        "type": "Point",
        "coordinates": [
          12.658883929252625,
          48.14970306145338
        ]
      },
      "properties": {
        "image_id": "810626918787725",
        "Verkehrzeichen": "240",
        "instruction": "\n### 🚧 Aufgabe: Verkehrszeichen **DE:240** überprüfen und Radinfra hinzufügen\n\nBitte schaue dir den Bereich rund um dieses erkannte Verkehrszeichen an. Vermutlich fehlt hier eine Radinfrastruktur, die du hinzufügen kannst. Die nächste OSM-Radinfra ist **mehr als 30 m** entfernt.\n\n---\n\n### 🖼️ Bild & Karte\n\n- 📷 [**Mapillary-Bild anzeigen**](https://www.mapillary.com/app/?pKey=810626918787725&focus=photo&trafficSign[]=regulatory--bicycles-only--g1&trafficSign[]=regulatory--shared-path-pedestrians-and-bicycles--g1&trafficSign[]=regulatory--dual-path-bicycles-and-pedestrians--g1&trafficSign[]=regulatory--dual-path-pedestrians-and-bicycles--g1&trafficSign[]=complementary--except-bicycles--g1&trafficSign[]=complementary--bike-route--g1&trafficSign[]=regulatory--pedestrians-only--g1)  \n(Das ist die neueste Aufnahme, auf der das Zeichen erkannt wurde: **23.04.2026**.)\n\n- 🗺️ [**In radinfra.de bzw. TILDA ansehen**](https://tilda-geo.de/regionen/radinfra?map=17.4/48.149703/12.658884&config=pdqyyt.7h3d.16g9vk&v=2&data=mapillary-cycleway-traffic-signs)  \n(Hinweis: Ist hilfreich um den aktuellen Stand der Radinfrastruktur vor Ort zu prüfen.)\n\n---\n\n### 📚 Nützliche Links\n\n- 🛑 [**Traffic Sign Tool** – DE:240](https://trafficsigns.osm-verkehrswende.org/DE?signs=DE:240)\n- 🚴 [**OSM-Wiki: Radverkehrsanlagen kartieren**](https://wiki.openstreetmap.org/wiki/DE:Bicycle/Radverkehrsanlagen_kartieren)\n- 📷 [**Chrome Browser plugin: Mapillary Traffic Sign & Image ID Copier**](https://chromewebstore.google.com/detail/mapillary-traffic-sign-im/eagencdgcmgechomeedlbkhfcihdjhdg)\n\n---\n\nViel Erfolg beim Prüfen und Mappen! 🗺️\n",
        "priority": 0,
        "name": "🟩 Task mit hoher Wahrscheinlichkeit valide"
      }
    },
    {
      "type": "Feature",
      "id": "643303145462806",
      "geometry": {
        "type": "Point",
        "coordinates": [
          12.703054547309875,
          47.80483573062338
        ]
      },
      "properties": {
        "image_id": "1126411066714664",
        "Verkehrzeichen": "240",
        "instruction": "\n### 🚧 Aufgabe: Verkehrszeichen **DE:240** überprüfen und Radinfra hinzufügen\n\nBitte schaue dir den Bereich rund um dieses erkannte Verkehrszeichen an. Vermutlich fehlt hier eine Radinfrastruktur, die du hinzufügen kannst. Die nächste OSM-Radinfra ist **mehr als 30 m** entfernt.\n\n---\n\n### 🖼️ Bild & Karte\n\n- 📷 [**Mapillary-Bild anzeigen**](https://www.mapillary.com/app/?pKey=1126411066714664&focus=photo&trafficSign[]=regulatory--bicycles-only--g1&trafficSign[]=regulatory--shared-path-pedestrians-and-bicycles--g1&trafficSign[]=regulatory--dual-path-bicycles-and-pedestrians--g1&trafficSign[]=regulatory--dual-path-pedestrians-and-bicycles--g1&trafficSign[]=complementary--except-bicycles--g1&trafficSign[]=complementary--bike-route--g1&trafficSign[]=regulatory--pedestrians-only--g1)  \n(Das ist die neueste Aufnahme, auf der das Zeichen erkannt wurde: **12.09.2026**.)\n\n- 🗺️ [**In radinfra.de bzw. TILDA ansehen**](https://tilda-geo.de/regionen/radinfra?map=17.4/47.804836/12.703055&config=pdqyyt.7h3d.16g9vk&v=2&data=mapillary-cycleway-traffic-signs)  \n(Hinweis: Ist hilfreich um den aktuellen Stand der Radinfrastruktur vor Ort zu prüfen.)\n\n---\n\n### 📚 Nützliche Links\n\n- 🛑 [**Traffic Sign Tool** – DE:240](https://trafficsigns.osm-verkehrswende.org/DE?signs=DE:240)\n- 🚴 [**OSM-Wiki: Radverkehrsanlagen kartieren**](https://wiki.openstreetmap.org/wiki/DE:Bicycle/Radverkehrsanlagen_kartieren)\n- 📷 [**Chrome Browser plugin: Mapillary Traffic Sign & Image ID Copier**](https://chromewebstore.google.com/detail/mapillary-traffic-sign-im/eagencdgcmgechomeedlbkhfcihdjhdg)\n\n---\n\nViel Erfolg beim Prüfen und Mappen! 🗺️\n",
        "priority": 0,
        "name": "🟩 Task mit hoher Wahrscheinlichkeit valide"
      }
    },
    {
      "type": "Feature",
      "id": "1738855183430446",
      "geometry": {
        "type": "Point",
        "coordinates": [
          12.703081369400024,
          47.80487536420915
        ]
      },
      "properties": {
        "image_id": "2051809195533343",
        "Verkehrzeichen": "240",
        "instruction": "\n### 🚧 Aufgabe: Verkehrszeichen **DE:240** überprüfen und Radinfra hinzufügen\n\nBitte schaue dir den Bereich rund um dieses erkannte Verkehrszeichen an. Vermutlich fehlt hier eine Radinfrastruktur, die du hinzufügen kannst. Die nächste OSM-Radinfra ist **ca. 29 m** entfernt.\n\n---\n\n### 🖼️ Bild & Karte\n\n- 📷 [**Mapillary-Bild anzeigen**](https://www.mapillary.com/app/?pKey=2051809195533343&focus=photo&trafficSign[]=regulatory--bicycles-only--g1&trafficSign[]=regulatory--shared-path-pedestrians-and-bicycles--g1&trafficSign[]=regulatory--dual-path-bicycles-and-pedestrians--g1&trafficSign[]=regulatory--dual-path-pedestrians-and-bicycles--g1&trafficSign[]=complementary--except-bicycles--g1&trafficSign[]=complementary--bike-route--g1&trafficSign[]=regulatory--pedestrians-only--g1)  \n(Das ist die neueste Aufnahme, auf der das Zeichen erkannt wurde: **30.08.2026**.)\n\n- 🗺️ [**In radinfra.de bzw. TILDA ansehen**](https://tilda-geo.de/regionen/radinfra?map=17.4/47.804875/12.703081&config=pdqyyt.7h3d.16g9vk&v=2&data=mapillary-cycleway-traffic-signs)  \n(Hinweis: Ist hilfreich um den aktuellen Stand der Radinfrastruktur vor Ort zu prüfen.)\n\n---\n\n### 📚 Nützliche Links\n\n- 🛑 [**Traffic Sign Tool** – DE:240](https://trafficsigns.osm-verkehrswende.org/DE?signs=DE:240)\n- 🚴 [**OSM-Wiki: Radverkehrsanlagen kartieren**](https://wiki.openstreetmap.org/wiki/DE:Bicycle/Radverkehrsanlagen_kartieren)\n- 📷 [**Chrome Browser plugin: Mapillary Traffic Sign & Image ID Copier**](https://chromewebstore.google.com/detail/mapillary-traffic-sign-im/eagencdgcmgechomeedlbkhfcihdjhdg)\n\n---\n\nViel Erfolg beim Prüfen und Mappen! 🗺️\n",
        "priority": 1,
        "name": "🟨 Task mit mittlerer Wahrscheinlichkeit valide"
      }
    },
    {
      "type": "Feature",
      "id": "1457944362071610",
      "geometry": {
        "type": "Point",
        "coordinates": [
          12.703118920326233,
          47.80474565417964
        ]
      },
      "properties": {
        "image_id": "4396548007300484",
        "Verkehrzeichen": "240",
        "instruction": "\n### 🚧 Aufgabe: Verkehrszeichen **DE:240** überprüfen und Radinfra hinzufügen\n\nBitte schaue dir den Bereich rund um dieses erkannte Verkehrszeichen an. Vermutlich fehlt hier eine Radinfrastruktur, die du hinzufügen kannst. Die nächste OSM-Radinfra ist **mehr als 30 m** entfernt.\n\n---\n\n### 🖼️ Bild & Karte\n\n- 📷 [**Mapillary-Bild anzeigen**](https://www.mapillary.com/app/?pKey=4396548007300484&focus=photo&trafficSign[]=regulatory--bicycles-only--g1&trafficSign[]=regulatory--shared-path-pedestrians-and-bicycles--g1&trafficSign[]=regulatory--dual-path-bicycles-and-pedestrians--g1&trafficSign[]=regulatory--dual-path-pedestrians-and-bicycles--g1&trafficSign[]=complementary--except-bicycles--g1&trafficSign[]=complementary--bike-route--g1&trafficSign[]=regulatory--pedestrians-only--g1)  \n(Das ist die neueste Aufnahme, auf der das Zeichen erkannt wurde: **25.05.2026**.)\n\n- 🗺️ [**In radinfra.de bzw. TILDA ansehen**](https://tilda-geo.de/regionen/radinfra?map=17.4/47.804746/12.703119&config=pdqyyt.7h3d.16g9vk&v=2&data=mapillary-cycleway-traffic-signs)  \n(Hinweis: Ist hilfreich um den aktuellen Stand der Radinfrastruktur vor Ort zu prüfen.)\n\n---\n\n### 📚 Nützliche Links\n\n- 🛑 [**Traffic Sign Tool** – DE:240](https://trafficsigns.osm-verkehrswende.org/DE?signs=DE:240)\n- 🚴 [**OSM-Wiki: Radverkehrsanlagen kartieren**](https://wiki.openstreetmap.org/wiki/DE:Bicycle/Radverkehrsanlagen_kartieren)\n- 📷 [**Chrome Browser plugin: Mapillary Traffic Sign & Image ID Copier**](https://chromewebstore.google.com/detail/mapillary-traffic-sign-im/eagencdgcmgechomeedlbkhfcihdjhdg)\n\n---\n\nViel Erfolg beim Prüfen und Mappen! 🗺️\n",
        "priority": 0,
        "name": "🟩 Task mit hoher Wahrscheinlichkeit valide"
      }
    },
    {
      "type": "Feature",
      "id": "1305394693336097",
      "geometry": {
        "type": "Point",
        "coordinates": [
          12.89669394493103,
          47.837724804079755
        ]
      },
      "properties": {
        "image_id": "25868353089509444",
        "Verkehrzeichen": "240",
        "instruction": "\n### 🚧 Aufgabe: Verkehrszeichen **DE:240** überprüfen und Radinfra hinzufügen\n\nBitte schaue dir den Bereich rund um dieses erkannte Verkehrszeichen an. Vermutlich fehlt hier eine Radinfrastruktur, die du hinzufügen kannst. Die nächste OSM-Radinfra ist **mehr als 30 m** entfernt.\n\n---\n\n### 🖼️ Bild & Karte\n\n- 📷 [**Mapillary-Bild anzeigen**](https://www.mapillary.com/app/?pKey=25868353089509444&focus=photo&trafficSign[]=regulatory--bicycles-only--g1&trafficSign[]=regulatory--shared-path-pedestrians-and-bicycles--g1&trafficSign[]=regulatory--dual-path-bicycles-and-pedestrians--g1&trafficSign[]=regulatory--dual-path-pedestrians-and-bicycles--g1&trafficSign[]=complementary--except-bicycles--g1&trafficSign[]=complementary--bike-route--g1&trafficSign[]=regulatory--pedestrians-only--g1)  \n(Das ist die neueste Aufnahme, auf der das Zeichen erkannt wurde: **27.02.2026**.)\n\n- 🗺️ [**In radinfra.de bzw. TILDA ansehen**](https://tilda-geo.de/regionen/radinfra?map=17.4/47.837725/12.896694&config=pdqyyt.7h3d.16g9vk&v=2&data=mapillary-cycleway-traffic-signs)  \n(Hinweis: Ist hilfreich um den aktuellen Stand der Radinfrastruktur vor Ort zu prüfen.)\n\n---\n\n### 📚 Nützliche Links\n\n- 🛑 [**Traffic Sign Tool** – DE:240](https://trafficsigns.osm-verkehrswende.org/DE?signs=DE:240)\n- 🚴 [**OSM-Wiki: Radverkehrsanlagen kartieren**](https://wiki.openstreetmap.org/wiki/DE:Bicycle/Radverkehrsanlagen_kartieren)\n- 📷 [**Chrome Browser plugin: Mapillary Traffic Sign & Image ID Copier**](https://chromewebstore.google.com/detail/mapillary-traffic-sign-im/eagencdgcmgechomeedlbkhfcihdjhdg)\n\n---\n\nViel Erfolg beim Prüfen und Mappen! 🗺️\n",
        "priority": 0,
        "name": "🟩 Task mit hoher Wahrscheinlichkeit valide"
      }
    },
    {
      "type": "Feature",
      "id": "23971518492534493",
      "geometry": {
        "type": "Point",
        "coordinates": [
          12.940108180046082,
          47.919157093840994
        ]
      },
      "properties": {
        "image_id": "2588666638302459",
        "Verkehrzeichen": "240",
        "instruction": "\n### 🚧 Aufgabe: Verkehrszeichen **DE:240** überprüfen und Radinfra hinzufügen\n\nBitte schaue dir den Bereich rund um dieses erkannte Verkehrszeichen an. Vermutlich fehlt hier eine Radinfrastruktur, die du hinzufügen kannst. Die nächste OSM-Radinfra ist **mehr als 30 m** entfernt.\n\n---\n\n### 🖼️ Bild & Karte\n\n- 📷 [**Mapillary-Bild anzeigen**](https://www.mapillary.com/app/?pKey=2588666638302459&focus=photo&trafficSign[]=regulatory--bicycles-only--g1&trafficSign[]=regulatory--shared-path-pedestrians-and-bicycles--g1&trafficSign[]=regulatory--dual-path-bicycles-and-pedestrians--g1&trafficSign[]=regulatory--dual-path-pedestrians-and-bicycles--g1&trafficSign[]=complementary--except-bicycles--g1&trafficSign[]=complementary--bike-route--g1&trafficSign[]=regulatory--pedestrians-only--g1)  \n(Das ist die neueste Aufnahme, auf der das Zeichen erkannt wurde: **08.08.2026**.)\n\n- 🗺️ [**In radinfra.de bzw. TILDA ansehen**](https://tilda-geo.de/regionen/radinfra?map=17.4/47.919157/12.940108&config=pdqyyt.7h3d.16g9vk&v=2&data=mapillary-cycleway-traffic-signs)  \n(Hinweis: Ist hilfreich um den aktuellen Stand der Radinfrastruktur vor Ort zu prüfen.)\n\n---\n\n### 📚 Nützliche Links\n\n- 🛑 [**Traffic Sign Tool** – DE:240](https://trafficsigns.osm-verkehrswende.org/DE?signs=DE:240)\n- 🚴 [**OSM-Wiki: Radverkehrsanlagen kartieren**](https://wiki.openstreetmap.org/wiki/DE:Bicycle/Radverkehrsanlagen_kartieren)\n- 📷 [**Chrome Browser plugin: Mapillary Traffic Sign & Image ID Copier**](https://chromewebstore.google.com/detail/mapillary-traffic-sign-im/eagencdgcmgechomeedlbkhfcihdjhdg)\n\n---\n\nViel Erfolg beim Prüfen und Mappen! 🗺️\n",
        "priority": 0,
        "name": "🟩 Task mit hoher Wahrscheinlichkeit valide"
      }
    },
    {
      "type": "Feature",
      "id": "7911431135610731",
      "geometry": {
        "type": "Point",
        "coordinates": [
          12.95336902141571,
          47.81733322335347
        ]
      },
      "properties": {
        "image_id": "795682973216691",
        "Verkehrzeichen": "240",
        "instruction": "\n### 🚧 Aufgabe: Verkehrszeichen **DE:240** überprüfen und Radinfra hinzufügen\n\nBitte schaue dir den Bereich rund um dieses erkannte Verkehrszeichen an. Vermutlich fehlt hier eine Radinfrastruktur, die du hinzufügen kannst. Die nächste OSM-Radinfra ist **mehr als 30 m** entfernt.\n\n---\n\n### 🖼️ Bild & Karte\n\n- 📷 [**Mapillary-Bild anzeigen**](https://www.mapillary.com/app/?pKey=795682973216691&focus=photo&trafficSign[]=regulatory--bicycles-only--g1&trafficSign[]=regulatory--shared-path-pedestrians-and-bicycles--g1&trafficSign[]=regulatory--dual-path-bicycles-and-pedestrians--g1&trafficSign[]=regulatory--dual-path-pedestrians-and-bicycles--g1&trafficSign[]=complementary--except-bicycles--g1&trafficSign[]=complementary--bike-route--g1&trafficSign[]=regulatory--pedestrians-only--g1)  \n(Das ist die neueste Aufnahme, auf der das Zeichen erkannt wurde: **16.02.2026**.)\n\n- 🗺️ [**In radinfra.de bzw. TILDA ansehen**](https://tilda-geo.de/regionen/radinfra?map=17.4/47.817333/12.953369&config=pdqyyt.7h3d.16g9vk&v=2&data=mapillary-cycleway-traffic-signs)  \n(Hinweis: Ist hilfreich um den aktuellen Stand der Radinfrastruktur vor Ort zu prüfen.)\n\n---\n\n### 📚 Nützliche Links\n\n- 🛑 [**Traffic Sign Tool** – DE:240](https://trafficsigns.osm-verkehrswende.org/DE?signs=DE:240)\n- 🚴 [**OSM-Wiki: Radverkehrsanlagen kartieren**](https://wiki.openstreetmap.org/wiki/DE:Bicycle/Radverkehrsanlagen_kartieren)\n- 📷 [**Chrome Browser plugin: Mapillary Traffic Sign & Image ID Copier**](https://chromewebstore.google.com/detail/mapillary-traffic-sign-im/eagencdgcmgechomeedlbkhfcihdjhdg)\n\n---\n\nViel Erfolg beim Prüfen und Mappen! 🗺️\n",
        "priority": 0,
        "name": "🟩 Task mit hoher Wahrscheinlichkeit valide"
      }
    },
    {
      "type": "Feature",
      "id": "1110870579869920",
      "geometry": {
        "type": "Point",
        "coordinates": [
          12.963593602180481,
          47.82431019201789
        ]
      },
      "properties": {
        "image_id": "935849269436617",
        "Verkehrzeichen": "240",
        "instruction": "\n### 🚧 Aufgabe: Verkehrszeichen **DE:240** überprüfen und Radinfra hinzufügen\n\nBitte schaue dir den Bereich rund um dieses erkannte Verkehrszeichen an. Vermutlich fehlt hier eine Radinfrastruktur, die du hinzufügen kannst. Die nächste OSM-Radinfra ist **mehr als 30 m** entfernt.\n\n---\n\n### 🖼️ Bild & Karte\n\n- 📷 [**Mapillary-Bild anzeigen**](https://www.mapillary.com/app/?pKey=935849269436617&focus=photo&trafficSign[]=regulatory--bicycles-only--g1&trafficSign[]=regulatory--shared-path-pedestrians-and-bicycles--g1&trafficSign[]=regulatory--dual-path-bicycles-and-pedestrians--g1&trafficSign[]=regulatory--dual-path-pedestrians-and-bicycles--g1&trafficSign[]=complementary--except-bicycles--g1&trafficSign[]=complementary--bike-route--g1&trafficSign[]=regulatory--pedestrians-only--g1)  \n(Das ist die neueste Aufnahme, auf der das Zeichen erkannt wurde: **26.12.2025**.)\n\n- 🗺️ [**In radinfra.de bzw. TILDA ansehen**](https://tilda-geo.de/regionen/radinfra?map=17.4/47.82431/12.963594&config=pdqyyt.7h3d.16g9vk&v=2&data=mapillary-cycleway-traffic-signs)  \n(Hinweis: Ist hilfreich um den aktuellen Stand der Radinfrastruktur vor Ort zu prüfen.)\n\n---\n\n### 📚 Nützliche Links\n\n- 🛑 [**Traffic Sign Tool** – DE:240](https://trafficsigns.osm-verkehrswende.org/DE?signs=DE:240)\n- 🚴 [**OSM-Wiki: Radverkehrsanlagen kartieren**](https://wiki.openstreetmap.org/wiki/DE:Bicycle/Radverkehrsanlagen_kartieren)\n- 📷 [**Chrome Browser plugin: Mapillary Traffic Sign & Image ID Copier**](https://chromewebstore.google.com/detail/mapillary-traffic-sign-im/eagencdgcmgechomeedlbkhfcihdjhdg)\n\n---\n\nViel Erfolg beim Prüfen und Mappen! 🗺️\n",
        "priority": 0,
        "name": "🟩 Task mit hoher Wahrscheinlichkeit valide"
      }
    },
    {
      "type": "Feature",
      "id": "1643390686240585",
      "geometry": {
        "type": "Point",
        "coordinates": [
          12.978485226631165,
          47.841987943798415
        ]
      },
      "properties": {
        "image_id": "658346653460851",
        "Verkehrzeichen": "237",
        "instruction": "\n### 🚧 Aufgabe: Verkehrszeichen **DE:237** überprüfen und Radinfra hinzufügen\n\nBitte schaue dir den Bereich rund um dieses erkannte Verkehrszeichen an. Vermutlich fehlt hier eine Radinfrastruktur, die du hinzufügen kannst. Die nächste OSM-Radinfra ist **ca. 27 m** entfernt.\n\n---\n\n### 🖼️ Bild & Karte\n\n- 📷 [**Mapillary-Bild anzeigen**](https://www.mapillary.com/app/?pKey=658346653460851&focus=photo&trafficSign[]=regulatory--bicycles-only--g1&trafficSign[]=regulatory--shared-path-pedestrians-and-bicycles--g1&trafficSign[]=regulatory--dual-path-bicycles-and-pedestrians--g1&trafficSign[]=regulatory--dual-path-pedestrians-and-bicycles--g1&trafficSign[]=complementary--except-bicycles--g1&trafficSign[]=complementary--bike-route--g1&trafficSign[]=regulatory--pedestrians-only--g1)  \n(Das ist die neueste Aufnahme, auf der das Zeichen erkannt wurde: **14.08.2025**.)\n\n- 🗺️ [**In radinfra.de bzw. TILDA ansehen**](https://tilda-geo.de/regionen/radinfra?map=17.4/47.841988/12.978485&config=pdqyyt.7h3d.16g9vk&v=2&data=mapillary-cycleway-traffic-signs)  \n(Hinweis: Ist hilfreich um den aktuellen Stand der Radinfrastruktur vor Ort zu prüfen.)\n\n---\n\n### 📚 Nützliche Links\n\n- 🛑 [**Traffic Sign Tool** – DE:237](https://trafficsigns.osm-verkehrswende.org/DE?signs=DE:237)\n- 🚴 [**OSM-Wiki: Radverkehrsanlagen kartieren**](https://wiki.openstreetmap.org/wiki/DE:Bicycle/Radverkehrsanlagen_kartieren)\n- 📷 [**Chrome Browser plugin: Mapillary Traffic Sign & Image ID Copier**](https://chromewebstore.google.com/detail/mapillary-traffic-sign-im/eagencdgcmgechomeedlbkhfcihdjhdg)\n\n---\n\nViel Erfolg beim Prüfen und Mappen! 🗺️\n",
        "priority": 1,
        "name": "🟨 Task mit mittlerer Wahrscheinlichkeit valide"
      }
    },
    {
      "type": "Feature",
      "id": "1557756898465113",
      "geometry": {
        "type": "Point",
        "coordinates": [
          12.971007227897644,
          47.825945339689355
        ]
      },
      "properties": {
        "image_id": "1889543289101288",
        "Verkehrzeichen": "240",
        "instruction": "\n### 🚧 Aufgabe: Verkehrszeichen **DE:240** überprüfen und Radinfra hinzufügen\n\nBitte schaue dir den Bereich rund um dieses erkannte Verkehrszeichen an. Vermutlich fehlt hier eine Radinfrastruktur, die du hinzufügen kannst. Die nächste OSM-Radinfra ist **mehr als 30 m** entfernt.\n\n---\n\n### 🖼️ Bild & Karte\n\n- 📷 [**Mapillary-Bild anzeigen**](https://www.mapillary.com/app/?pKey=1889543289101288&focus=photo&trafficSign[]=regulatory--bicycles-only--g1&trafficSign[]=regulatory--shared-path-pedestrians-and-bicycles--g1&trafficSign[]=regulatory--dual-path-bicycles-and-pedestrians--g1&trafficSign[]=regulatory--dual-path-pedestrians-and-bicycles--g1&trafficSign[]=complementary--except-bicycles--g1&trafficSign[]=complementary--bike-route--g1&trafficSign[]=regulatory--pedestrians-only--g1)  \n(Das ist die neueste Aufnahme, auf der das Zeichen erkannt wurde: **26.12.2025**.)\n\n- 🗺️ [**In radinfra.de bzw. TILDA ansehen**](https://tilda-geo.de/regionen/radinfra?map=17.4/47.825945/12.971007&config=pdqyyt.7h3d.16g9vk&v=2&data=mapillary-cycleway-traffic-signs)  \n(Hinweis: Ist hilfreich um den aktuellen Stand der Radinfrastruktur vor Ort zu prüfen.)\n\n---\n\n### 📚 Nützliche Links\n\n- 🛑 [**Traffic Sign Tool** – DE:240](https://trafficsigns.osm-verkehrswende.org/DE?signs=DE:240)\n- 🚴 [**OSM-Wiki: Radverkehrsanlagen kartieren**](https://wiki.openstreetmap.org/wiki/DE:Bicycle/Radverkehrsanlagen_kartieren)\n- 📷 [**Chrome Browser plugin: Mapillary Traffic Sign & Image ID Copier**](https://chromewebstore.google.com/detail/mapillary-traffic-sign-im/eagencdgcmgechomeedlbkhfcihdjhdg)\n\n---\n\nViel Erfolg beim Prüfen und Mappen! 🗺️\n",
        "priority": 0,
        "name": "🟩 Task mit hoher Wahrscheinlichkeit valide"
      }
    },
    {
      "type": "Feature",
      "id": "690861811622029",
      "geometry": {
        "type": "Point",
        "coordinates": [
          8.120940327644348,
          50.37337981926788
        ]
      },
      "properties": {
        "image_id": "875148814861223",
        "Verkehrzeichen": "240",
        "instruction": "\n### 🚧 Aufgabe: Verkehrszeichen **DE:240** überprüfen und Radinfra hinzufügen\n\nBitte schaue dir den Bereich rund um dieses erkannte Verkehrszeichen an. Vermutlich fehlt hier eine Radinfrastruktur, die du hinzufügen kannst. Die nächste OSM-Radinfra ist **mehr als 30 m** entfernt.\n\n---\n\n### 🖼️ Bild & Karte\n\n- 📷 [**Mapillary-Bild anzeigen**](https://www.mapillary.com/app/?pKey=875148814861223&focus=photo&trafficSign[]=regulatory--bicycles-only--g1&trafficSign[]=regulatory--shared-path-pedestrians-and-bicycles--g1&trafficSign[]=regulatory--dual-path-bicycles-and-pedestrians--g1&trafficSign[]=regulatory--dual-path-pedestrians-and-bicycles--g1&trafficSign[]=complementary--except-bicycles--g1&trafficSign[]=complementary--bike-route--g1&trafficSign[]=regulatory--pedestrians-only--g1)  \n(Das ist die neueste Aufnahme, auf der das Zeichen erkannt wurde: **22.05.2026**.)\n\n- 🗺️ [**In radinfra.de bzw. TILDA ansehen**](https://tilda-geo.de/regionen/radinfra?map=17.4/50.37338/8.12094&config=pdqyyt.7h3d.16g9vk&v=2&data=mapillary-cycleway-traffic-signs)  \n(Hinweis: Ist hilfreich um den aktuellen Stand der Radinfrastruktur vor Ort zu prüfen.)\n\n---\n\n### 📚 Nützliche Links\n\n- 🛑 [**Traffic Sign Tool** – DE:240](https://trafficsigns.osm-verkehrswende.org/DE?signs=DE:240)\n- 🚴 [**OSM-Wiki: Radverkehrsanlagen kartieren**](https://wiki.openstreetmap.org/wiki/DE:Bicycle/Radverkehrsanlagen_kartieren)\n- 📷 [**Chrome Browser plugin: Mapillary Traffic Sign & Image ID Copier**](https://chromewebstore.google.com/detail/mapillary-traffic-sign-im/eagencdgcmgechomeedlbkhfcihdjhdg)\n\n---\n\nViel Erfolg beim Prüfen und Mappen! 🗺️\n",
        "priority": 0,
        "name": "🟩 Task mit hoher Wahrscheinlichkeit valide"
      }
    },
    {
      "type": "Feature",
      "id": "1264644788322305",
      "geometry": {
        "type": "Point",
        "coordinates": [
          8.518282771110535,
          50.039074612642565
        ]
      },
      "properties": {
        "image_id": "1750040139200713",
        "Verkehrzeichen": "240",
        "instruction": "\n### 🚧 Aufgabe: Verkehrszeichen **DE:240** überprüfen und Radinfra hinzufügen\n\nBitte schaue dir den Bereich rund um dieses erkannte Verkehrszeichen an. Vermutlich fehlt hier eine Radinfrastruktur, die du hinzufügen kannst. Die nächste OSM-Radinfra ist **mehr als 30 m** entfernt.\n\n---\n\n### 🖼️ Bild & Karte\n\n- 📷 [**Mapillary-Bild anzeigen**](https://www.mapillary.com/app/?pKey=1750040139200713&focus=photo&trafficSign[]=regulatory--bicycles-only--g1&trafficSign[]=regulatory--shared-path-pedestrians-and-bicycles--g1&trafficSign[]=regulatory--dual-path-bicycles-and-pedestrians--g1&trafficSign[]=regulatory--dual-path-pedestrians-and-bicycles--g1&trafficSign[]=complementary--except-bicycles--g1&trafficSign[]=complementary--bike-route--g1&trafficSign[]=regulatory--pedestrians-only--g1)  \n(Das ist die neueste Aufnahme, auf der das Zeichen erkannt wurde: **24.05.2026**.)\n\n- 🗺️ [**In radinfra.de bzw. TILDA ansehen**](https://tilda-geo.de/regionen/radinfra?map=17.4/50.039075/8.518283&config=pdqyyt.7h3d.16g9vk&v=2&data=mapillary-cycleway-traffic-signs)  \n(Hinweis: Ist hilfreich um den aktuellen Stand der Radinfrastruktur vor Ort zu prüfen.)\n\n---\n\n### 📚 Nützliche Links\n\n- 🛑 [**Traffic Sign Tool** – DE:240](https://trafficsigns.osm-verkehrswende.org/DE?signs=DE:240)\n- 🚴 [**OSM-Wiki: Radverkehrsanlagen kartieren**](https://wiki.openstreetmap.org/wiki/DE:Bicycle/Radverkehrsanlagen_kartieren)\n- 📷 [**Chrome Browser plugin: Mapillary Traffic Sign & Image ID Copier**](https://chromewebstore.google.com/detail/mapillary-traffic-sign-im/eagencdgcmgechomeedlbkhfcihdjhdg)\n\n---\n\nViel Erfolg beim Prüfen und Mappen! 🗺️\n",
        "priority": 0,
        "name": "🟩 Task mit hoher Wahrscheinlichkeit valide"
      }
    },
    {
      "type": "Feature",
      "id": "513788706906121",
      "geometry": {
        "type": "Point",
        "coordinates": [
          8.531790375709534,
          50.04952330726519
        ]
      },
      "properties": {
        "image_id": "2396922397386053",
        "Verkehrzeichen": "237",
        "instruction": "\n### 🚧 Aufgabe: Verkehrszeichen **DE:237** überprüfen und Radinfra hinzufügen\n\nBitte schaue dir den Bereich rund um dieses erkannte Verkehrszeichen an. Vermutlich fehlt hier eine Radinfrastruktur, die du hinzufügen kannst. Die nächste OSM-Radinfra ist **mehr als 30 m** entfernt.\n\n---\n\n### 🖼️ Bild & Karte\n\n- 📷 [**Mapillary-Bild anzeigen**](https://www.mapillary.com/app/?pKey=2396922397386053&focus=photo&trafficSign[]=regulatory--bicycles-only--g1&trafficSign[]=regulatory--shared-path-pedestrians-and-bicycles--g1&trafficSign[]=regulatory--dual-path-bicycles-and-pedestrians--g1&trafficSign[]=regulatory--dual-path-pedestrians-and-bicycles--g1&trafficSign[]=complementary--except-bicycles--g1&trafficSign[]=complementary--bike-route--g1&trafficSign[]=regulatory--pedestrians-only--g1)  \n(Das ist die neueste Aufnahme, auf der das Zeichen erkannt wurde: **11.05.2026**.)\n\n- 🗺️ [**In radinfra.de bzw. TILDA ansehen**](https://tilda-geo.de/regionen/radinfra?map=17.4/50.049523/8.53179&config=pdqyyt.7h3d.16g9vk&v=2&data=mapillary-cycleway-traffic-signs)  \n(Hinweis: Ist hilfreich um den aktuellen Stand der Radinfrastruktur vor Ort zu prüfen.)\n\n---\n\n### 📚 Nützliche Links\n\n- 🛑 [**Traffic Sign Tool** – DE:237](https://trafficsigns.osm-verkehrswende.org/DE?signs=DE:237)\n- 🚴 [**OSM-Wiki: Radverkehrsanlagen kartieren**](https://wiki.openstreetmap.org/wiki/DE:Bicycle/Radverkehrsanlagen_kartieren)\n- 📷 [**Chrome Browser plugin: Mapillary Traffic Sign & Image ID Copier**](https://chromewebstore.google.com/detail/mapillary-traffic-sign-im/eagencdgcmgechomeedlbkhfcihdjhdg)\n\n---\n\nViel Erfolg beim Prüfen und Mappen! 🗺️\n",
        "priority": 0,
        "name": "🟩 Task mit hoher Wahrscheinlichkeit valide"
      }
    },
    {
      "type": "Feature",
      "id": "319331049553999",
      "geometry": {
        "type": "Point",
        "coordinates": [
          8.582097887992859,
          50.0003501835013
        ]
      },
      "properties": {
        "image_id": "1514519953410407",
        "Verkehrzeichen": "237",
        "instruction": "\n### 🚧 Aufgabe: Verkehrszeichen **DE:237** überprüfen und Radinfra hinzufügen\n\nBitte schaue dir den Bereich rund um dieses erkannte Verkehrszeichen an. Vermutlich fehlt hier eine Radinfrastruktur, die du hinzufügen kannst. Die nächste OSM-Radinfra ist **mehr als 30 m** entfernt.\n\n---\n\n### 🖼️ Bild & Karte\n\n- 📷 [**Mapillary-Bild anzeigen**](https://www.mapillary.com/app/?pKey=1514519953410407&focus=photo&trafficSign[]=regulatory--bicycles-only--g1&trafficSign[]=regulatory--shared-path-pedestrians-and-bicycles--g1&trafficSign[]=regulatory--dual-path-bicycles-and-pedestrians--g1&trafficSign[]=regulatory--dual-path-pedestrians-and-bicycles--g1&trafficSign[]=complementary--except-bicycles--g1&trafficSign[]=complementary--bike-route--g1&trafficSign[]=regulatory--pedestrians-only--g1)  \n(Das ist die neueste Aufnahme, auf der das Zeichen erkannt wurde: **31.03.2026**.)\n\n- 🗺️ [**In radinfra.de bzw. TILDA ansehen**](https://tilda-geo.de/regionen/radinfra?map=17.4/50.00035/8.582098&config=pdqyyt.7h3d.16g9vk&v=2&data=mapillary-cycleway-traffic-signs)  \n(Hinweis: Ist hilfreich um den aktuellen Stand der Radinfrastruktur vor Ort zu prüfen.)\n\n---\n\n### 📚 Nützliche Links\n\n- 🛑 [**Traffic Sign Tool** – DE:237](https://trafficsigns.osm-verkehrswende.org/DE?signs=DE:237)\n- 🚴 [**OSM-Wiki: Radverkehrsanlagen kartieren**](https://wiki.openstreetmap.org/wiki/DE:Bicycle/Radverkehrsanlagen_kartieren)\n- 📷 [**Chrome Browser plugin: Mapillary Traffic Sign & Image ID Copier**](https://chromewebstore.google.com/detail/mapillary-traffic-sign-im/eagencdgcmgechomeedlbkhfcihdjhdg)\n\n---\n\nViel Erfolg beim Prüfen und Mappen! 🗺️\n",
        "priority": 0,
        "name": "🟩 Task mit hoher Wahrscheinlichkeit valide"
      }
    },
    {
      "type": "Feature",
      "id": "720950400036222",
      "geometry": {
        "type": "Point",
        "coordinates": [
          8.580145239830017,
          49.97896686075336
        ]
      },
      "properties": {
        "image_id": "1355806569077593",
        "Verkehrzeichen": "240",
        "instruction": "\n### 🚧 Aufgabe: Verkehrszeichen **DE:240** überprüfen und Radinfra hinzufügen\n\nBitte schaue dir den Bereich rund um dieses erkannte Verkehrszeichen an. Vermutlich fehlt hier eine Radinfrastruktur, die du hinzufügen kannst. Die nächste OSM-Radinfra ist **mehr als 30 m** entfernt.\n\n---\n\n### 🖼️ Bild & Karte\n\n- 📷 [**Mapillary-Bild anzeigen**](https://www.mapillary.com/app/?pKey=1355806569077593&focus=photo&trafficSign[]=regulatory--bicycles-only--g1&trafficSign[]=regulatory--shared-path-pedestrians-and-bicycles--g1&trafficSign[]=regulatory--dual-path-bicycles-and-pedestrians--g1&trafficSign[]=regulatory--dual-path-pedestrians-and-bicycles--g1&trafficSign[]=complementary--except-bicycles--g1&trafficSign[]=complementary--bike-route--g1&trafficSign[]=regulatory--pedestrians-only--g1)  \n(Das ist die neueste Aufnahme, auf der das Zeichen erkannt wurde: **17.12.2025**.)\n\n- 🗺️ [**In radinfra.de bzw. TILDA ansehen**](https://tilda-geo.de/regionen/radinfra?map=17.4/49.978967/8.580145&config=pdqyyt.7h3d.16g9vk&v=2&data=mapillary-cycleway-traffic-signs)  \n(Hinweis: Ist hilfreich um den aktuellen Stand der Radinfrastruktur vor Ort zu prüfen.)\n\n---\n\n### 📚 Nützliche Links\n\n- 🛑 [**Traffic Sign Tool** – DE:240](https://trafficsigns.osm-verkehrswende.org/DE?signs=DE:240)\n- 🚴 [**OSM-Wiki: Radverkehrsanlagen kartieren**](https://wiki.openstreetmap.org/wiki/DE:Bicycle/Radverkehrsanlagen_kartieren)\n- 📷 [**Chrome Browser plugin: Mapillary Traffic Sign & Image ID Copier**](https://chromewebstore.google.com/detail/mapillary-traffic-sign-im/eagencdgcmgechomeedlbkhfcihdjhdg)\n\n---\n\nViel Erfolg beim Prüfen und Mappen! 🗺️\n",
        "priority": 0,
        "name": "🟩 Task mit hoher Wahrscheinlichkeit valide"
      }
    },
    {
      "type": "Feature",
      "id": "5068774706575655",
      "geometry": {
        "type": "Point",
        "coordinates": [
          8.758952021598816,
          50.1488151506415
        ]
      },
      "properties": {
        "image_id": "1056784473676511",
        "Verkehrzeichen": "240",
        "instruction": "\n### 🚧 Aufgabe: Verkehrszeichen **DE:240** überprüfen und Radinfra hinzufügen\n\nBitte schaue dir den Bereich rund um dieses erkannte Verkehrszeichen an. Vermutlich fehlt hier eine Radinfrastruktur, die du hinzufügen kannst. Die nächste OSM-Radinfra ist **mehr als 30 m** entfernt.\n\n---\n\n### 🖼️ Bild & Karte\n\n- 📷 [**Mapillary-Bild anzeigen**](https://www.mapillary.com/app/?pKey=1056784473676511&focus=photo&trafficSign[]=regulatory--bicycles-only--g1&trafficSign[]=regulatory--shared-path-pedestrians-and-bicycles--g1&trafficSign[]=regulatory--dual-path-bicycles-and-pedestrians--g1&trafficSign[]=regulatory--dual-path-pedestrians-and-bicycles--g1&trafficSign[]=complementary--except-bicycles--g1&trafficSign[]=complementary--bike-route--g1&trafficSign[]=regulatory--pedestrians-only--g1)  \n(Das ist die neueste Aufnahme, auf der das Zeichen erkannt wurde: **07.07.2026**.)\n\n- 🗺️ [**In radinfra.de bzw. TILDA ansehen**](https://tilda-geo.de/regionen/radinfra?map=17.4/50.148815/8.758952&config=pdqyyt.7h3d.16g9vk&v=2&data=mapillary-cycleway-traffic-signs)  \n(Hinweis: Ist hilfreich um den aktuellen Stand der Radinfrastruktur vor Ort zu prüfen.)\n\n---\n\n### 📚 Nützliche Links\n\n- 🛑 [**Traffic Sign Tool** – DE:240](https://trafficsigns.osm-verkehrswende.org/DE?signs=DE:240)\n- 🚴 [**OSM-Wiki: Radverkehrsanlagen kartieren**](https://wiki.openstreetmap.org/wiki/DE:Bicycle/Radverkehrsanlagen_kartieren)\n- 📷 [**Chrome Browser plugin: Mapillary Traffic Sign & Image ID Copier**](https://chromewebstore.google.com/detail/mapillary-traffic-sign-im/eagencdgcmgechomeedlbkhfcihdjhdg)\n\n---\n\nViel Erfolg beim Prüfen und Mappen! 🗺️\n",
        "priority": 0,
        "name": "🟩 Task mit hoher Wahrscheinlichkeit valide"
      }
    },
    {
      "type": "Feature",
      "id": "1175754134032718",
      "geometry": {
        "type": "Point",
        "coordinates": [
          8.807070851325989,
          50.11972508799181
        ]
      },
      "properties": {
        "image_id": "1481844600049017",
        "Verkehrzeichen": "237",
        "instruction": "\n### 🚧 Aufgabe: Verkehrszeichen **DE:237** überprüfen und Radinfra hinzufügen\n\nBitte schaue dir den Bereich rund um dieses erkannte Verkehrszeichen an. Vermutlich fehlt hier eine Radinfrastruktur, die du hinzufügen kannst. Die nächste OSM-Radinfra ist **mehr als 30 m** entfernt.\n\n---\n\n### 🖼️ Bild & Karte\n\n- 📷 [**Mapillary-Bild anzeigen**](https://www.mapillary.com/app/?pKey=1481844600049017&focus=photo&trafficSign[]=regulatory--bicycles-only--g1&trafficSign[]=regulatory--shared-path-pedestrians-and-bicycles--g1&trafficSign[]=regulatory--dual-path-bicycles-and-pedestrians--g1&trafficSign[]=regulatory--dual-path-pedestrians-and-bicycles--g1&trafficSign[]=complementary--except-bicycles--g1&trafficSign[]=complementary--bike-route--g1&trafficSign[]=regulatory--pedestrians-only--g1)  \n(Das ist die neueste Aufnahme, auf der das Zeichen erkannt wurde: **14.04.2026**.)\n\n- 🗺️ [**In radinfra.de bzw. TILDA ansehen**](https://tilda-geo.de/regionen/radinfra?map=17.4/50.119725/8.807071&config=pdqyyt.7h3d.16g9vk&v=2&data=mapillary-cycleway-traffic-signs)  \n(Hinweis: Ist hilfreich um den aktuellen Stand der Radinfrastruktur vor Ort zu prüfen.)\n\n---\n\n### 📚 Nützliche Links\n\n- 🛑 [**Traffic Sign Tool** – DE:237](https://trafficsigns.osm-verkehrswende.org/DE?signs=DE:237)\n- 🚴 [**OSM-Wiki: Radverkehrsanlagen kartieren**](https://wiki.openstreetmap.org/wiki/DE:Bicycle/Radverkehrsanlagen_kartieren)\n- 📷 [**Chrome Browser plugin: Mapillary Traffic Sign & Image ID Copier**](https://chromewebstore.google.com/detail/mapillary-traffic-sign-im/eagencdgcmgechomeedlbkhfcihdjhdg)\n\n---\n\nViel Erfolg beim Prüfen und Mappen! 🗺️\n",
        "priority": 0,
        "name": "🟩 Task mit hoher Wahrscheinlichkeit valide"
      }
    },
    {
      "type": "Feature",
      "id": "172333555297398",
      "geometry": {
        "type": "Point",
        "coordinates": [
          9.107885956764221,
          50.283395795709566
        ]
      },
      "properties": {
        "image_id": "1627708658686116",
        "Verkehrzeichen": "240",
        "instruction": "\n### 🚧 Aufgabe: Verkehrszeichen **DE:240** überprüfen und Radinfra hinzufügen\n\nBitte schaue dir den Bereich rund um dieses erkannte Verkehrszeichen an. Vermutlich fehlt hier eine Radinfrastruktur, die du hinzufügen kannst. Die nächste OSM-Radinfra ist **ca. 26 m** entfernt.\n\n---\n\n### 🖼️ Bild & Karte\n\n- 📷 [**Mapillary-Bild anzeigen**](https://www.mapillary.com/app/?pKey=1627708658686116&focus=photo&trafficSign[]=regulatory--bicycles-only--g1&trafficSign[]=regulatory--shared-path-pedestrians-and-bicycles--g1&trafficSign[]=regulatory--dual-path-bicycles-and-pedestrians--g1&trafficSign[]=regulatory--dual-path-pedestrians-and-bicycles--g1&trafficSign[]=complementary--except-bicycles--g1&trafficSign[]=complementary--bike-route--g1&trafficSign[]=regulatory--pedestrians-only--g1)  \n(Das ist die neueste Aufnahme, auf der das Zeichen erkannt wurde: **28.08.2026**.)\n\n- 🗺️ [**In radinfra.de bzw. TILDA ansehen**](https://tilda-geo.de/regionen/radinfra?map=17.4/50.283396/9.107886&config=pdqyyt.7h3d.16g9vk&v=2&data=mapillary-cycleway-traffic-signs)  \n(Hinweis: Ist hilfreich um den aktuellen Stand der Radinfrastruktur vor Ort zu prüfen.)\n\n---\n\n### 📚 Nützliche Links\n\n- 🛑 [**Traffic Sign Tool** – DE:240](https://trafficsigns.osm-verkehrswende.org/DE?signs=DE:240)\n- 🚴 [**OSM-Wiki: Radverkehrsanlagen kartieren**](https://wiki.openstreetmap.org/wiki/DE:Bicycle/Radverkehrsanlagen_kartieren)\n- 📷 [**Chrome Browser plugin: Mapillary Traffic Sign & Image ID Copier**](https://chromewebstore.google.com/detail/mapillary-traffic-sign-im/eagencdgcmgechomeedlbkhfcihdjhdg)\n\n---\n\nViel Erfolg beim Prüfen und Mappen! 🗺️\n",
        "priority": 1,
        "name": "🟨 Task mit mittlerer Wahrscheinlichkeit valide"
      }
    },
    {
      "type": "Feature",
      "id": "1007024546630268",
      "geometry": {
        "type": "Point",
        "coordinates": [
          9.110031723976135,
          50.285908316729774
        ]
      },
      "properties": {
        "image_id": "1067369049115983",
        "Verkehrzeichen": "240",
        "instruction": "\n### 🚧 Aufgabe: Verkehrszeichen **DE:240** überprüfen und Radinfra hinzufügen\n\nBitte schaue dir den Bereich rund um dieses erkannte Verkehrszeichen an. Vermutlich fehlt hier eine Radinfrastruktur, die du hinzufügen kannst. Die nächste OSM-Radinfra ist **mehr als 30 m** entfernt.\n\n---\n\n### 🖼️ Bild & Karte\n\n- 📷 [**Mapillary-Bild anzeigen**](https://www.mapillary.com/app/?pKey=1067369049115983&focus=photo&trafficSign[]=regulatory--bicycles-only--g1&trafficSign[]=regulatory--shared-path-pedestrians-and-bicycles--g1&trafficSign[]=regulatory--dual-path-bicycles-and-pedestrians--g1&trafficSign[]=regulatory--dual-path-pedestrians-and-bicycles--g1&trafficSign[]=complementary--except-bicycles--g1&trafficSign[]=complementary--bike-route--g1&trafficSign[]=regulatory--pedestrians-only--g1)  \n(Das ist die neueste Aufnahme, auf der das Zeichen erkannt wurde: **28.08.2026**.)\n\n- 🗺️ [**In radinfra.de bzw. TILDA ansehen**](https://tilda-geo.de/regionen/radinfra?map=17.4/50.285908/9.110032&config=pdqyyt.7h3d.16g9vk&v=2&data=mapillary-cycleway-traffic-signs)  \n(Hinweis: Ist hilfreich um den aktuellen Stand der Radinfrastruktur vor Ort zu prüfen.)\n\n---\n\n### 📚 Nützliche Links\n\n- 🛑 [**Traffic Sign Tool** – DE:240](https://trafficsigns.osm-verkehrswende.org/DE?signs=DE:240)\n- 🚴 [**OSM-Wiki: Radverkehrsanlagen kartieren**](https://wiki.openstreetmap.org/wiki/DE:Bicycle/Radverkehrsanlagen_kartieren)\n- 📷 [**Chrome Browser plugin: Mapillary Traffic Sign & Image ID Copier**](https://chromewebstore.google.com/detail/mapillary-traffic-sign-im/eagencdgcmgechomeedlbkhfcihdjhdg)\n\n---\n\nViel Erfolg beim Prüfen und Mappen! 🗺️\n",
        "priority": 0,
        "name": "🟩 Task mit hoher Wahrscheinlichkeit valide"
      }
    },
    {
      "type": "Feature",
      "id": "523500478817511",
      "geometry": {
        "type": "Point",
        "coordinates": [
          10.757728815078735,
          53.378042213594
        ]
      },
      "properties": {
        "image_id": "1302943047850121",
        "Verkehrzeichen": "240",
        "instruction": "\n### 🚧 Aufgabe: Verkehrszeichen **DE:240** überprüfen und Radinfra hinzufügen\n\nBitte schaue dir den Bereich rund um dieses erkannte Verkehrszeichen an. Vermutlich fehlt hier eine Radinfrastruktur, die du hinzufügen kannst. Die nächste OSM-Radinfra ist **ca. 29 m** entfernt.\n\n---\n\n### 🖼️ Bild & Karte\n\n- 📷 [**Mapillary-Bild anzeigen**](https://www.mapillary.com/app/?pKey=1302943047850121&focus=photo&trafficSign[]=regulatory--bicycles-only--g1&trafficSign[]=regulatory--shared-path-pedestrians-and-bicycles--g1&trafficSign[]=regulatory--dual-path-bicycles-and-pedestrians--g1&trafficSign[]=regulatory--dual-path-pedestrians-and-bicycles--g1&trafficSign[]=complementary--except-bicycles--g1&trafficSign[]=complementary--bike-route--g1&trafficSign[]=regulatory--pedestrians-only--g1)  \n(Das ist die neueste Aufnahme, auf der das Zeichen erkannt wurde: **03.05.2026**.)\n\n- 🗺️ [**In radinfra.de bzw. TILDA ansehen**](https://tilda-geo.de/regionen/radinfra?map=17.4/53.378042/10.757729&config=pdqyyt.7h3d.16g9vk&v=2&data=mapillary-cycleway-traffic-signs)  \n(Hinweis: Ist hilfreich um den aktuellen Stand der Radinfrastruktur vor Ort zu prüfen.)\n\n---\n\n### 📚 Nützliche Links\n\n- 🛑 [**Traffic Sign Tool** – DE:240](https://trafficsigns.osm-verkehrswende.org/DE?signs=DE:240)\n- 🚴 [**OSM-Wiki: Radverkehrsanlagen kartieren**](https://wiki.openstreetmap.org/wiki/DE:Bicycle/Radverkehrsanlagen_kartieren)\n- 📷 [**Chrome Browser plugin: Mapillary Traffic Sign & Image ID Copier**](https://chromewebstore.google.com/detail/mapillary-traffic-sign-im/eagencdgcmgechomeedlbkhfcihdjhdg)\n\n---\n\nViel Erfolg beim Prüfen und Mappen! 🗺️\n",
        "priority": 1,
        "name": "🟨 Task mit mittlerer Wahrscheinlichkeit valide"
      }
    },
    {
      "type": "Feature",
      "id": "1121513391761384",
      "geometry": {
        "type": "Point",
        "coordinates": [
          10.971538424491882,
          53.9601981840658
        ]
      },
      "properties": {
        "image_id": "1637773084603651",
        "Verkehrzeichen": "240",
        "instruction": "\n### 🚧 Aufgabe: Verkehrszeichen **DE:240** überprüfen und Radinfra hinzufügen\n\nBitte schaue dir den Bereich rund um dieses erkannte Verkehrszeichen an. Vermutlich fehlt hier eine Radinfrastruktur, die du hinzufügen kannst. Die nächste OSM-Radinfra ist **mehr als 30 m** entfernt.\n\n---\n\n### 🖼️ Bild & Karte\n\n- 📷 [**Mapillary-Bild anzeigen**](https://www.mapillary.com/app/?pKey=1637773084603651&focus=photo&trafficSign[]=regulatory--bicycles-only--g1&trafficSign[]=regulatory--shared-path-pedestrians-and-bicycles--g1&trafficSign[]=regulatory--dual-path-bicycles-and-pedestrians--g1&trafficSign[]=regulatory--dual-path-pedestrians-and-bicycles--g1&trafficSign[]=complementary--except-bicycles--g1&trafficSign[]=complementary--bike-route--g1&trafficSign[]=regulatory--pedestrians-only--g1)  \n(Das ist die neueste Aufnahme, auf der das Zeichen erkannt wurde: **23.07.2026**.)\n\n- 🗺️ [**In radinfra.de bzw. TILDA ansehen**](https://tilda-geo.de/regionen/radinfra?map=17.4/53.960198/10.971538&config=pdqyyt.7h3d.16g9vk&v=2&data=mapillary-cycleway-traffic-signs)  \n(Hinweis: Ist hilfreich um den aktuellen Stand der Radinfrastruktur vor Ort zu prüfen.)\n\n---\n\n### 📚 Nützliche Links\n\n- 🛑 [**Traffic Sign Tool** – DE:240](https://trafficsigns.osm-verkehrswende.org/DE?signs=DE:240)\n- 🚴 [**OSM-Wiki: Radverkehrsanlagen kartieren**](https://wiki.openstreetmap.org/wiki/DE:Bicycle/Radverkehrsanlagen_kartieren)\n- 📷 [**Chrome Browser plugin: Mapillary Traffic Sign & Image ID Copier**](https://chromewebstore.google.com/detail/mapillary-traffic-sign-im/eagencdgcmgechomeedlbkhfcihdjhdg)\n\n---\n\nViel Erfolg beim Prüfen und Mappen! 🗺️\n",
        "priority": 0,
        "name": "🟩 Task mit hoher Wahrscheinlichkeit valide"
      }
    },
    {
      "type": "Feature",
      "id": "188110200273184",
      "geometry": {
        "type": "Point",
        "coordinates": [
          11.333341598510742,
          53.943514647720434
        ]
      },
      "properties": {
        "image_id": "2392386177912988",
        "Verkehrzeichen": "240",
        "instruction": "\n### 🚧 Aufgabe: Verkehrszeichen **DE:240** überprüfen und Radinfra hinzufügen\n\nBitte schaue dir den Bereich rund um dieses erkannte Verkehrszeichen an. Vermutlich fehlt hier eine Radinfrastruktur, die du hinzufügen kannst. Die nächste OSM-Radinfra ist **mehr als 30 m** entfernt.\n\n---\n\n### 🖼️ Bild & Karte\n\n- 📷 [**Mapillary-Bild anzeigen**](https://www.mapillary.com/app/?pKey=2392386177912988&focus=photo&trafficSign[]=regulatory--bicycles-only--g1&trafficSign[]=regulatory--shared-path-pedestrians-and-bicycles--g1&trafficSign[]=regulatory--dual-path-bicycles-and-pedestrians--g1&trafficSign[]=regulatory--dual-path-pedestrians-and-bicycles--g1&trafficSign[]=complementary--except-bicycles--g1&trafficSign[]=complementary--bike-route--g1&trafficSign[]=regulatory--pedestrians-only--g1)  \n(Das ist die neueste Aufnahme, auf der das Zeichen erkannt wurde: **15.04.2026**.)\n\n- 🗺️ [**In radinfra.de bzw. TILDA ansehen**](https://tilda-geo.de/regionen/radinfra?map=17.4/53.943515/11.333342&config=pdqyyt.7h3d.16g9vk&v=2&data=mapillary-cycleway-traffic-signs)  \n(Hinweis: Ist hilfreich um den aktuellen Stand der Radinfrastruktur vor Ort zu prüfen.)\n\n---\n\n### 📚 Nützliche Links\n\n- 🛑 [**Traffic Sign Tool** – DE:240](https://trafficsigns.osm-verkehrswende.org/DE?signs=DE:240)\n- 🚴 [**OSM-Wiki: Radverkehrsanlagen kartieren**](https://wiki.openstreetmap.org/wiki/DE:Bicycle/Radverkehrsanlagen_kartieren)\n- 📷 [**Chrome Browser plugin: Mapillary Traffic Sign & Image ID Copier**](https://chromewebstore.google.com/detail/mapillary-traffic-sign-im/eagencdgcmgechomeedlbkhfcihdjhdg)\n\n---\n\nViel Erfolg beim Prüfen und Mappen! 🗺️\n",
        "priority": 0,
        "name": "🟩 Task mit hoher Wahrscheinlichkeit valide"
      }
    },
    {
      "type": "Feature",
      "id": "173512571830496",
      "geometry": {
        "type": "Point",
        "coordinates": [
          11.331458687782288,
          53.93451192105866
        ]
      },
      "properties": {
        "image_id": "1650272139506377",
        "Verkehrzeichen": "240",
        "instruction": "\n### 🚧 Aufgabe: Verkehrszeichen **DE:240** überprüfen und Radinfra hinzufügen\n\nBitte schaue dir den Bereich rund um dieses erkannte Verkehrszeichen an. Vermutlich fehlt hier eine Radinfrastruktur, die du hinzufügen kannst. Die nächste OSM-Radinfra ist **mehr als 30 m** entfernt.\n\n---\n\n### 🖼️ Bild & Karte\n\n- 📷 [**Mapillary-Bild anzeigen**](https://www.mapillary.com/app/?pKey=1650272139506377&focus=photo&trafficSign[]=regulatory--bicycles-only--g1&trafficSign[]=regulatory--shared-path-pedestrians-and-bicycles--g1&trafficSign[]=regulatory--dual-path-bicycles-and-pedestrians--g1&trafficSign[]=regulatory--dual-path-pedestrians-and-bicycles--g1&trafficSign[]=complementary--except-bicycles--g1&trafficSign[]=complementary--bike-route--g1&trafficSign[]=regulatory--pedestrians-only--g1)  \n(Das ist die neueste Aufnahme, auf der das Zeichen erkannt wurde: **15.04.2026**.)\n\n- 🗺️ [**In radinfra.de bzw. TILDA ansehen**](https://tilda-geo.de/regionen/radinfra?map=17.4/53.934512/11.331459&config=pdqyyt.7h3d.16g9vk&v=2&data=mapillary-cycleway-traffic-signs)  \n(Hinweis: Ist hilfreich um den aktuellen Stand der Radinfrastruktur vor Ort zu prüfen.)\n\n---\n\n### 📚 Nützliche Links\n\n- 🛑 [**Traffic Sign Tool** – DE:240](https://trafficsigns.osm-verkehrswende.org/DE?signs=DE:240)\n- 🚴 [**OSM-Wiki: Radverkehrsanlagen kartieren**](https://wiki.openstreetmap.org/wiki/DE:Bicycle/Radverkehrsanlagen_kartieren)\n- 📷 [**Chrome Browser plugin: Mapillary Traffic Sign & Image ID Copier**](https://chromewebstore.google.com/detail/mapillary-traffic-sign-im/eagencdgcmgechomeedlbkhfcihdjhdg)\n\n---\n\nViel Erfolg beim Prüfen und Mappen! 🗺️\n",
        "priority": 0,
        "name": "🟩 Task mit hoher Wahrscheinlichkeit valide"
      }
    },
    {
      "type": "Feature",
      "id": "748194551078130",
      "geometry": {
        "type": "Point",
        "coordinates": [
          9.100821018218994,
          52.24629480305612
        ]
      },
      "properties": {
        "image_id": "4505870016400185",
        "Verkehrzeichen": "240",
        "instruction": "\n### 🚧 Aufgabe: Verkehrszeichen **DE:240** überprüfen und Radinfra hinzufügen\n\nBitte schaue dir den Bereich rund um dieses erkannte Verkehrszeichen an. Vermutlich fehlt hier eine Radinfrastruktur, die du hinzufügen kannst. Die nächste OSM-Radinfra ist **mehr als 30 m** entfernt.\n\n---\n\n### 🖼️ Bild & Karte\n\n- 📷 [**Mapillary-Bild anzeigen**](https://www.mapillary.com/app/?pKey=4505870016400185&focus=photo&trafficSign[]=regulatory--bicycles-only--g1&trafficSign[]=regulatory--shared-path-pedestrians-and-bicycles--g1&trafficSign[]=regulatory--dual-path-bicycles-and-pedestrians--g1&trafficSign[]=regulatory--dual-path-pedestrians-and-bicycles--g1&trafficSign[]=complementary--except-bicycles--g1&trafficSign[]=complementary--bike-route--g1&trafficSign[]=regulatory--pedestrians-only--g1)  \n(Das ist die neueste Aufnahme, auf der das Zeichen erkannt wurde: **26.08.2026**.)\n\n- 🗺️ [**In radinfra.de bzw. TILDA ansehen**](https://tilda-geo.de/regionen/radinfra?map=17.4/52.246295/9.100821&config=pdqyyt.7h3d.16g9vk&v=2&data=mapillary-cycleway-traffic-signs)  \n(Hinweis: Ist hilfreich um den aktuellen Stand der Radinfrastruktur vor Ort zu prüfen.)\n\n---\n\n### 📚 Nützliche Links\n\n- 🛑 [**Traffic Sign Tool** – DE:240](https://trafficsigns.osm-verkehrswende.org/DE?signs=DE:240)\n- 🚴 [**OSM-Wiki: Radverkehrsanlagen kartieren**](https://wiki.openstreetmap.org/wiki/DE:Bicycle/Radverkehrsanlagen_kartieren)\n- 📷 [**Chrome Browser plugin: Mapillary Traffic Sign & Image ID Copier**](https://chromewebstore.google.com/detail/mapillary-traffic-sign-im/eagencdgcmgechomeedlbkhfcihdjhdg)\n\n---\n\nViel Erfolg beim Prüfen und Mappen! 🗺️\n",
        "priority": 0,
        "name": "🟩 Task mit hoher Wahrscheinlichkeit valide"
      }
    },
    {
      "type": "Feature",
      "id": "934469390740701",
      "geometry": {
        "type": "Point",
        "coordinates": [
          9.13963258266449,
          52.19930210918892
        ]
      },
      "properties": {
        "image_id": "1690205222087538",
        "Verkehrzeichen": "240",
        "instruction": "\n### 🚧 Aufgabe: Verkehrszeichen **DE:240** überprüfen und Radinfra hinzufügen\n\nBitte schaue dir den Bereich rund um dieses erkannte Verkehrszeichen an. Vermutlich fehlt hier eine Radinfrastruktur, die du hinzufügen kannst. Die nächste OSM-Radinfra ist **mehr als 30 m** entfernt.\n\n---\n\n### 🖼️ Bild & Karte\n\n- 📷 [**Mapillary-Bild anzeigen**](https://www.mapillary.com/app/?pKey=1690205222087538&focus=photo&trafficSign[]=regulatory--bicycles-only--g1&trafficSign[]=regulatory--shared-path-pedestrians-and-bicycles--g1&trafficSign[]=regulatory--dual-path-bicycles-and-pedestrians--g1&trafficSign[]=regulatory--dual-path-pedestrians-and-bicycles--g1&trafficSign[]=complementary--except-bicycles--g1&trafficSign[]=complementary--bike-route--g1&trafficSign[]=regulatory--pedestrians-only--g1)  \n(Das ist die neueste Aufnahme, auf der das Zeichen erkannt wurde: **26.08.2026**.)\n\n- 🗺️ [**In radinfra.de bzw. TILDA ansehen**](https://tilda-geo.de/regionen/radinfra?map=17.4/52.199302/9.139633&config=pdqyyt.7h3d.16g9vk&v=2&data=mapillary-cycleway-traffic-signs)  \n(Hinweis: Ist hilfreich um den aktuellen Stand der Radinfrastruktur vor Ort zu prüfen.)\n\n---\n\n### 📚 Nützliche Links\n\n- 🛑 [**Traffic Sign Tool** – DE:240](https://trafficsigns.osm-verkehrswende.org/DE?signs=DE:240)\n- 🚴 [**OSM-Wiki: Radverkehrsanlagen kartieren**](https://wiki.openstreetmap.org/wiki/DE:Bicycle/Radverkehrsanlagen_kartieren)\n- 📷 [**Chrome Browser plugin: Mapillary Traffic Sign & Image ID Copier**](https://chromewebstore.google.com/detail/mapillary-traffic-sign-im/eagencdgcmgechomeedlbkhfcihdjhdg)\n\n---\n\nViel Erfolg beim Prüfen und Mappen! 🗺️\n",
        "priority": 0,
        "name": "🟩 Task mit hoher Wahrscheinlichkeit valide"
      }
    },
    {
      "type": "Feature",
      "id": "3094155374131848",
      "geometry": {
        "type": "Point",
        "coordinates": [
          9.384142756462097,
          51.660943233074505
        ]
      },
      "properties": {
        "image_id": "1300276845287222",
        "Verkehrzeichen": "240",
        "instruction": "\n### 🚧 Aufgabe: Verkehrszeichen **DE:240** überprüfen und Radinfra hinzufügen\n\nBitte schaue dir den Bereich rund um dieses erkannte Verkehrszeichen an. Vermutlich fehlt hier eine Radinfrastruktur, die du hinzufügen kannst. Die nächste OSM-Radinfra ist **ca. 28 m** entfernt.\n\n---\n\n### 🖼️ Bild & Karte\n\n- 📷 [**Mapillary-Bild anzeigen**](https://www.mapillary.com/app/?pKey=1300276845287222&focus=photo&trafficSign[]=regulatory--bicycles-only--g1&trafficSign[]=regulatory--shared-path-pedestrians-and-bicycles--g1&trafficSign[]=regulatory--dual-path-bicycles-and-pedestrians--g1&trafficSign[]=regulatory--dual-path-pedestrians-and-bicycles--g1&trafficSign[]=complementary--except-bicycles--g1&trafficSign[]=complementary--bike-route--g1&trafficSign[]=regulatory--pedestrians-only--g1)  \n(Das ist die neueste Aufnahme, auf der das Zeichen erkannt wurde: **05.04.2026**.)\n\n- 🗺️ [**In radinfra.de bzw. TILDA ansehen**](https://tilda-geo.de/regionen/radinfra?map=17.4/51.660943/9.384143&config=pdqyyt.7h3d.16g9vk&v=2&data=mapillary-cycleway-traffic-signs)  \n(Hinweis: Ist hilfreich um den aktuellen Stand der Radinfrastruktur vor Ort zu prüfen.)\n\n---\n\n### 📚 Nützliche Links\n\n- 🛑 [**Traffic Sign Tool** – DE:240](https://trafficsigns.osm-verkehrswende.org/DE?signs=DE:240)\n- 🚴 [**OSM-Wiki: Radverkehrsanlagen kartieren**](https://wiki.openstreetmap.org/wiki/DE:Bicycle/Radverkehrsanlagen_kartieren)\n- 📷 [**Chrome Browser plugin: Mapillary Traffic Sign & Image ID Copier**](https://chromewebstore.google.com/detail/mapillary-traffic-sign-im/eagencdgcmgechomeedlbkhfcihdjhdg)\n\n---\n\nViel Erfolg beim Prüfen und Mappen! 🗺️\n",
        "priority": 1,
        "name": "🟨 Task mit mittlerer Wahrscheinlichkeit valide"
      }
    },
    {
      "type": "Feature",
      "id": "168044182108245",
      "geometry": {
        "type": "Point",
        "coordinates": [
          9.643619656562805,
          51.92830023091483
        ]
      },
      "properties": {
        "image_id": "2800375690340896",
        "Verkehrzeichen": "241",
        "instruction": "\n### 🚧 Aufgabe: Verkehrszeichen **DE:241** überprüfen und Radinfra hinzufügen\n\nBitte schaue dir den Bereich rund um dieses erkannte Verkehrszeichen an. Vermutlich fehlt hier eine Radinfrastruktur, die du hinzufügen kannst. Die nächste OSM-Radinfra ist **mehr als 30 m** entfernt.\n\n---\n\n### 🖼️ Bild & Karte\n\n- 📷 [**Mapillary-Bild anzeigen**](https://www.mapillary.com/app/?pKey=2800375690340896&focus=photo&trafficSign[]=regulatory--bicycles-only--g1&trafficSign[]=regulatory--shared-path-pedestrians-and-bicycles--g1&trafficSign[]=regulatory--dual-path-bicycles-and-pedestrians--g1&trafficSign[]=regulatory--dual-path-pedestrians-and-bicycles--g1&trafficSign[]=complementary--except-bicycles--g1&trafficSign[]=complementary--bike-route--g1&trafficSign[]=regulatory--pedestrians-only--g1)  \n(Das ist die neueste Aufnahme, auf der das Zeichen erkannt wurde: **28.07.2026**.)\n\n- 🗺️ [**In radinfra.de bzw. TILDA ansehen**](https://tilda-geo.de/regionen/radinfra?map=17.4/51.9283/9.64362&config=pdqyyt.7h3d.16g9vk&v=2&data=mapillary-cycleway-traffic-signs)  \n(Hinweis: Ist hilfreich um den aktuellen Stand der Radinfrastruktur vor Ort zu prüfen.)\n\n---\n\n### 📚 Nützliche Links\n\n- 🛑 [**Traffic Sign Tool** – DE:241](https://trafficsigns.osm-verkehrswende.org/DE?signs=DE:241)\n- 🚴 [**OSM-Wiki: Radverkehrsanlagen kartieren**](https://wiki.openstreetmap.org/wiki/DE:Bicycle/Radverkehrsanlagen_kartieren)\n- 📷 [**Chrome Browser plugin: Mapillary Traffic Sign & Image ID Copier**](https://chromewebstore.google.com/detail/mapillary-traffic-sign-im/eagencdgcmgechomeedlbkhfcihdjhdg)\n\n---\n\nViel Erfolg beim Prüfen und Mappen! 🗺️\n",
        "priority": 0,
        "name": "🟩 Task mit hoher Wahrscheinlichkeit valide"
      }
    },
    {
      "type": "Feature",
      "id": "1246857459204884",
      "geometry": {
        "type": "Point",
        "coordinates": [
          9.625659584999084,
          51.66555175624711
        ]
      },
      "properties": {
        "image_id": "1035545699270816",
        "Verkehrzeichen": "240",
        "instruction": "\n### 🚧 Aufgabe: Verkehrszeichen **DE:240** überprüfen und Radinfra hinzufügen\n\nBitte schaue dir den Bereich rund um dieses erkannte Verkehrszeichen an. Vermutlich fehlt hier eine Radinfrastruktur, die du hinzufügen kannst. Die nächste OSM-Radinfra ist **ca. 29 m** entfernt.\n\n---\n\n### 🖼️ Bild & Karte\n\n- 📷 [**Mapillary-Bild anzeigen**](https://www.mapillary.com/app/?pKey=1035545699270816&focus=photo&trafficSign[]=regulatory--bicycles-only--g1&trafficSign[]=regulatory--shared-path-pedestrians-and-bicycles--g1&trafficSign[]=regulatory--dual-path-bicycles-and-pedestrians--g1&trafficSign[]=regulatory--dual-path-pedestrians-and-bicycles--g1&trafficSign[]=complementary--except-bicycles--g1&trafficSign[]=complementary--bike-route--g1&trafficSign[]=regulatory--pedestrians-only--g1)  \n(Das ist die neueste Aufnahme, auf der das Zeichen erkannt wurde: **28.07.2026**.)\n\n- 🗺️ [**In radinfra.de bzw. TILDA ansehen**](https://tilda-geo.de/regionen/radinfra?map=17.4/51.665552/9.62566&config=pdqyyt.7h3d.16g9vk&v=2&data=mapillary-cycleway-traffic-signs)  \n(Hinweis: Ist hilfreich um den aktuellen Stand der Radinfrastruktur vor Ort zu prüfen.)\n\n---\n\n### 📚 Nützliche Links\n\n- 🛑 [**Traffic Sign Tool** – DE:240](https://trafficsigns.osm-verkehrswende.org/DE?signs=DE:240)\n- 🚴 [**OSM-Wiki: Radverkehrsanlagen kartieren**](https://wiki.openstreetmap.org/wiki/DE:Bicycle/Radverkehrsanlagen_kartieren)\n- 📷 [**Chrome Browser plugin: Mapillary Traffic Sign & Image ID Copier**](https://chromewebstore.google.com/detail/mapillary-traffic-sign-im/eagencdgcmgechomeedlbkhfcihdjhdg)\n\n---\n\nViel Erfolg beim Prüfen und Mappen! 🗺️\n",
        "priority": 1,
        "name": "🟨 Task mit mittlerer Wahrscheinlichkeit valide"
      }
    },
    {
      "type": "Feature",
      "id": "808183679822291",
      "geometry": {
        "type": "Point",
        "coordinates": [
          9.909458756446838,
          53.36840897466038
        ]
      },
      "properties": {
        "image_id": "1062770296043556",
        "Verkehrzeichen": "237",
        "instruction": "\n### 🚧 Aufgabe: Verkehrszeichen **DE:237** überprüfen und Radinfra hinzufügen\n\nBitte schaue dir den Bereich rund um dieses erkannte Verkehrszeichen an. Vermutlich fehlt hier eine Radinfrastruktur, die du hinzufügen kannst. Die nächste OSM-Radinfra ist **ca. 30 m** entfernt.\n\n---\n\n### 🖼️ Bild & Karte\n\n- 📷 [**Mapillary-Bild anzeigen**](https://www.mapillary.com/app/?pKey=1062770296043556&focus=photo&trafficSign[]=regulatory--bicycles-only--g1&trafficSign[]=regulatory--shared-path-pedestrians-and-bicycles--g1&trafficSign[]=regulatory--dual-path-bicycles-and-pedestrians--g1&trafficSign[]=regulatory--dual-path-pedestrians-and-bicycles--g1&trafficSign[]=complementary--except-bicycles--g1&trafficSign[]=complementary--bike-route--g1&trafficSign[]=regulatory--pedestrians-only--g1)  \n(Das ist die neueste Aufnahme, auf der das Zeichen erkannt wurde: **07.09.2025**.)\n\n- 🗺️ [**In radinfra.de bzw. TILDA ansehen**](https://tilda-geo.de/regionen/radinfra?map=17.4/53.368409/9.909459&config=pdqyyt.7h3d.16g9vk&v=2&data=mapillary-cycleway-traffic-signs)  \n(Hinweis: Ist hilfreich um den aktuellen Stand der Radinfrastruktur vor Ort zu prüfen.)\n\n---\n\n### 📚 Nützliche Links\n\n- 🛑 [**Traffic Sign Tool** – DE:237](https://trafficsigns.osm-verkehrswende.org/DE?signs=DE:237)\n- 🚴 [**OSM-Wiki: Radverkehrsanlagen kartieren**](https://wiki.openstreetmap.org/wiki/DE:Bicycle/Radverkehrsanlagen_kartieren)\n- 📷 [**Chrome Browser plugin: Mapillary Traffic Sign & Image ID Copier**](https://chromewebstore.google.com/detail/mapillary-traffic-sign-im/eagencdgcmgechomeedlbkhfcihdjhdg)\n\n---\n\nViel Erfolg beim Prüfen und Mappen! 🗺️\n",
        "priority": 1,
        "name": "🟨 Task mit mittlerer Wahrscheinlichkeit valide"
      }
    },
    {
      "type": "Feature",
      "id": "1330599411238477",
      "geometry": {
        "type": "Point",
        "coordinates": [
          10.036665201187134,
          52.77109058677004
        ]
      },
      "properties": {
        "image_id": "867307973057251",
        "Verkehrzeichen": "241",
        "instruction": "\n### 🚧 Aufgabe: Verkehrszeichen **DE:241** überprüfen und Radinfra hinzufügen\n\nBitte schaue dir den Bereich rund um dieses erkannte Verkehrszeichen an. Vermutlich fehlt hier eine Radinfrastruktur, die du hinzufügen kannst. Die nächste OSM-Radinfra ist **mehr als 30 m** entfernt.\n\n---\n\n### 🖼️ Bild & Karte\n\n- 📷 [**Mapillary-Bild anzeigen**](https://www.mapillary.com/app/?pKey=867307973057251&focus=photo&trafficSign[]=regulatory--bicycles-only--g1&trafficSign[]=regulatory--shared-path-pedestrians-and-bicycles--g1&trafficSign[]=regulatory--dual-path-bicycles-and-pedestrians--g1&trafficSign[]=regulatory--dual-path-pedestrians-and-bicycles--g1&trafficSign[]=complementary--except-bicycles--g1&trafficSign[]=complementary--bike-route--g1&trafficSign[]=regulatory--pedestrians-only--g1)  \n(Das ist die neueste Aufnahme, auf der das Zeichen erkannt wurde: **13.05.2026**.)\n\n- 🗺️ [**In radinfra.de bzw. TILDA ansehen**](https://tilda-geo.de/regionen/radinfra?map=17.4/52.771091/10.036665&config=pdqyyt.7h3d.16g9vk&v=2&data=mapillary-cycleway-traffic-signs)  \n(Hinweis: Ist hilfreich um den aktuellen Stand der Radinfrastruktur vor Ort zu prüfen.)\n\n---\n\n### 📚 Nützliche Links\n\n- 🛑 [**Traffic Sign Tool** – DE:241](https://trafficsigns.osm-verkehrswende.org/DE?signs=DE:241)\n- 🚴 [**OSM-Wiki: Radverkehrsanlagen kartieren**](https://wiki.openstreetmap.org/wiki/DE:Bicycle/Radverkehrsanlagen_kartieren)\n- 📷 [**Chrome Browser plugin: Mapillary Traffic Sign & Image ID Copier**](https://chromewebstore.google.com/detail/mapillary-traffic-sign-im/eagencdgcmgechomeedlbkhfcihdjhdg)\n\n---\n\nViel Erfolg beim Prüfen und Mappen! 🗺️\n",
        "priority": 0,
        "name": "🟩 Task mit hoher Wahrscheinlichkeit valide"
      }
    },
    {
      "type": "Feature",
      "id": "1431106584578289",
      "geometry": {
        "type": "Point",
        "coordinates": [
          10.134780406951904,
          52.93248019958392
        ]
      },
      "properties": {
        "image_id": "2049066665645828",
        "Verkehrzeichen": "240",
        "instruction": "\n### 🚧 Aufgabe: Verkehrszeichen **DE:240** überprüfen und Radinfra hinzufügen\n\nBitte schaue dir den Bereich rund um dieses erkannte Verkehrszeichen an. Vermutlich fehlt hier eine Radinfrastruktur, die du hinzufügen kannst. Die nächste OSM-Radinfra ist **mehr als 30 m** entfernt.\n\n---\n\n### 🖼️ Bild & Karte\n\n- 📷 [**Mapillary-Bild anzeigen**](https://www.mapillary.com/app/?pKey=2049066665645828&focus=photo&trafficSign[]=regulatory--bicycles-only--g1&trafficSign[]=regulatory--shared-path-pedestrians-and-bicycles--g1&trafficSign[]=regulatory--dual-path-bicycles-and-pedestrians--g1&trafficSign[]=regulatory--dual-path-pedestrians-and-bicycles--g1&trafficSign[]=complementary--except-bicycles--g1&trafficSign[]=complementary--bike-route--g1&trafficSign[]=regulatory--pedestrians-only--g1)  \n(Das ist die neueste Aufnahme, auf der das Zeichen erkannt wurde: **13.05.2026**.)\n\n- 🗺️ [**In radinfra.de bzw. TILDA ansehen**](https://tilda-geo.de/regionen/radinfra?map=17.4/52.93248/10.13478&config=pdqyyt.7h3d.16g9vk&v=2&data=mapillary-cycleway-traffic-signs)  \n(Hinweis: Ist hilfreich um den aktuellen Stand der Radinfrastruktur vor Ort zu prüfen.)\n\n---\n\n### 📚 Nützliche Links\n\n- 🛑 [**Traffic Sign Tool** – DE:240](https://trafficsigns.osm-verkehrswende.org/DE?signs=DE:240)\n- 🚴 [**OSM-Wiki: Radverkehrsanlagen kartieren**](https://wiki.openstreetmap.org/wiki/DE:Bicycle/Radverkehrsanlagen_kartieren)\n- 📷 [**Chrome Browser plugin: Mapillary Traffic Sign & Image ID Copier**](https://chromewebstore.google.com/detail/mapillary-traffic-sign-im/eagencdgcmgechomeedlbkhfcihdjhdg)\n\n---\n\nViel Erfolg beim Prüfen und Mappen! 🗺️\n",
        "priority": 0,
        "name": "🟩 Task mit hoher Wahrscheinlichkeit valide"
      }
    },
    {
      "type": "Feature",
      "id": "1008787536976647",
      "geometry": {
        "type": "Point",
        "coordinates": [
          10.201508402824402,
          53.193313766091336
        ]
      },
      "properties": {
        "image_id": "878672251846381",
        "Verkehrzeichen": "240",
        "instruction": "\n### 🚧 Aufgabe: Verkehrszeichen **DE:240** überprüfen und Radinfra hinzufügen\n\nBitte schaue dir den Bereich rund um dieses erkannte Verkehrszeichen an. Vermutlich fehlt hier eine Radinfrastruktur, die du hinzufügen kannst. Die nächste OSM-Radinfra ist **ca. 27 m** entfernt.\n\n---\n\n### 🖼️ Bild & Karte\n\n- 📷 [**Mapillary-Bild anzeigen**](https://www.mapillary.com/app/?pKey=878672251846381&focus=photo&trafficSign[]=regulatory--bicycles-only--g1&trafficSign[]=regulatory--shared-path-pedestrians-and-bicycles--g1&trafficSign[]=regulatory--dual-path-bicycles-and-pedestrians--g1&trafficSign[]=regulatory--dual-path-pedestrians-and-bicycles--g1&trafficSign[]=complementary--except-bicycles--g1&trafficSign[]=complementary--bike-route--g1&trafficSign[]=regulatory--pedestrians-only--g1)  \n(Das ist die neueste Aufnahme, auf der das Zeichen erkannt wurde: **06.09.2026**.)\n\n- 🗺️ [**In radinfra.de bzw. TILDA ansehen**](https://tilda-geo.de/regionen/radinfra?map=17.4/53.193314/10.201508&config=pdqyyt.7h3d.16g9vk&v=2&data=mapillary-cycleway-traffic-signs)  \n(Hinweis: Ist hilfreich um den aktuellen Stand der Radinfrastruktur vor Ort zu prüfen.)\n\n---\n\n### 📚 Nützliche Links\n\n- 🛑 [**Traffic Sign Tool** – DE:240](https://trafficsigns.osm-verkehrswende.org/DE?signs=DE:240)\n- 🚴 [**OSM-Wiki: Radverkehrsanlagen kartieren**](https://wiki.openstreetmap.org/wiki/DE:Bicycle/Radverkehrsanlagen_kartieren)\n- 📷 [**Chrome Browser plugin: Mapillary Traffic Sign & Image ID Copier**](https://chromewebstore.google.com/detail/mapillary-traffic-sign-im/eagencdgcmgechomeedlbkhfcihdjhdg)\n\n---\n\nViel Erfolg beim Prüfen und Mappen! 🗺️\n",
        "priority": 1,
        "name": "🟨 Task mit mittlerer Wahrscheinlichkeit valide"
      }
    },
    {
      "type": "Feature",
      "id": "779892589396491",
      "geometry": {
        "type": "Point",
        "coordinates": [
          10.349963307380676,
          53.33664546715485
        ]
      },
      "properties": {
        "image_id": "1203799351632042",
        "Verkehrzeichen": "240",
        "instruction": "\n### 🚧 Aufgabe: Verkehrszeichen **DE:240** überprüfen und Radinfra hinzufügen\n\nBitte schaue dir den Bereich rund um dieses erkannte Verkehrszeichen an. Vermutlich fehlt hier eine Radinfrastruktur, die du hinzufügen kannst. Die nächste OSM-Radinfra ist **mehr als 30 m** entfernt.\n\n---\n\n### 🖼️ Bild & Karte\n\n- 📷 [**Mapillary-Bild anzeigen**](https://www.mapillary.com/app/?pKey=1203799351632042&focus=photo&trafficSign[]=regulatory--bicycles-only--g1&trafficSign[]=regulatory--shared-path-pedestrians-and-bicycles--g1&trafficSign[]=regulatory--dual-path-bicycles-and-pedestrians--g1&trafficSign[]=regulatory--dual-path-pedestrians-and-bicycles--g1&trafficSign[]=complementary--except-bicycles--g1&trafficSign[]=complementary--bike-route--g1&trafficSign[]=regulatory--pedestrians-only--g1)  \n(Das ist die neueste Aufnahme, auf der das Zeichen erkannt wurde: **05.12.2025**.)\n\n- 🗺️ [**In radinfra.de bzw. TILDA ansehen**](https://tilda-geo.de/regionen/radinfra?map=17.4/53.336645/10.349963&config=pdqyyt.7h3d.16g9vk&v=2&data=mapillary-cycleway-traffic-signs)  \n(Hinweis: Ist hilfreich um den aktuellen Stand der Radinfrastruktur vor Ort zu prüfen.)\n\n---\n\n### 📚 Nützliche Links\n\n- 🛑 [**Traffic Sign Tool** – DE:240](https://trafficsigns.osm-verkehrswende.org/DE?signs=DE:240)\n- 🚴 [**OSM-Wiki: Radverkehrsanlagen kartieren**](https://wiki.openstreetmap.org/wiki/DE:Bicycle/Radverkehrsanlagen_kartieren)\n- 📷 [**Chrome Browser plugin: Mapillary Traffic Sign & Image ID Copier**](https://chromewebstore.google.com/detail/mapillary-traffic-sign-im/eagencdgcmgechomeedlbkhfcihdjhdg)\n\n---\n\nViel Erfolg beim Prüfen und Mappen! 🗺️\n",
        "priority": 0,
        "name": "🟩 Task mit hoher Wahrscheinlichkeit valide"
      }
    },
    {
      "type": "Feature",
      "id": "479720086612661",
      "geometry": {
        "type": "Point",
        "coordinates": [
          10.738524198532104,
          52.732078703561626
        ]
      },
      "properties": {
        "image_id": "1673679223929379",
        "Verkehrzeichen": "237",
        "instruction": "\n### 🚧 Aufgabe: Verkehrszeichen **DE:237** überprüfen und Radinfra hinzufügen\n\nBitte schaue dir den Bereich rund um dieses erkannte Verkehrszeichen an. Vermutlich fehlt hier eine Radinfrastruktur, die du hinzufügen kannst. Die nächste OSM-Radinfra ist **mehr als 30 m** entfernt.\n\n---\n\n### 🖼️ Bild & Karte\n\n- 📷 [**Mapillary-Bild anzeigen**](https://www.mapillary.com/app/?pKey=1673679223929379&focus=photo&trafficSign[]=regulatory--bicycles-only--g1&trafficSign[]=regulatory--shared-path-pedestrians-and-bicycles--g1&trafficSign[]=regulatory--dual-path-bicycles-and-pedestrians--g1&trafficSign[]=regulatory--dual-path-pedestrians-and-bicycles--g1&trafficSign[]=complementary--except-bicycles--g1&trafficSign[]=complementary--bike-route--g1&trafficSign[]=regulatory--pedestrians-only--g1)  \n(Das ist die neueste Aufnahme, auf der das Zeichen erkannt wurde: **23.05.2026**.)\n\n- 🗺️ [**In radinfra.de bzw. TILDA ansehen**](https://tilda-geo.de/regionen/radinfra?map=17.4/52.732079/10.738524&config=pdqyyt.7h3d.16g9vk&v=2&data=mapillary-cycleway-traffic-signs)  \n(Hinweis: Ist hilfreich um den aktuellen Stand der Radinfrastruktur vor Ort zu prüfen.)\n\n---\n\n### 📚 Nützliche Links\n\n- 🛑 [**Traffic Sign Tool** – DE:237](https://trafficsigns.osm-verkehrswende.org/DE?signs=DE:237)\n- 🚴 [**OSM-Wiki: Radverkehrsanlagen kartieren**](https://wiki.openstreetmap.org/wiki/DE:Bicycle/Radverkehrsanlagen_kartieren)\n- 📷 [**Chrome Browser plugin: Mapillary Traffic Sign & Image ID Copier**](https://chromewebstore.google.com/detail/mapillary-traffic-sign-im/eagencdgcmgechomeedlbkhfcihdjhdg)\n\n---\n\nViel Erfolg beim Prüfen und Mappen! 🗺️\n",
        "priority": 0,
        "name": "🟩 Task mit hoher Wahrscheinlichkeit valide"
      }
    },
    {
      "type": "Feature",
      "id": "697959955087795",
      "geometry": {
        "type": "Point",
        "coordinates": [
          10.92863380908966,
          53.27911319677335
        ]
      },
      "properties": {
        "image_id": "1592030738568667",
        "Verkehrzeichen": "240",
        "instruction": "\n### 🚧 Aufgabe: Verkehrszeichen **DE:240** überprüfen und Radinfra hinzufügen\n\nBitte schaue dir den Bereich rund um dieses erkannte Verkehrszeichen an. Vermutlich fehlt hier eine Radinfrastruktur, die du hinzufügen kannst. Die nächste OSM-Radinfra ist **mehr als 30 m** entfernt.\n\n---\n\n### 🖼️ Bild & Karte\n\n- 📷 [**Mapillary-Bild anzeigen**](https://www.mapillary.com/app/?pKey=1592030738568667&focus=photo&trafficSign[]=regulatory--bicycles-only--g1&trafficSign[]=regulatory--shared-path-pedestrians-and-bicycles--g1&trafficSign[]=regulatory--dual-path-bicycles-and-pedestrians--g1&trafficSign[]=regulatory--dual-path-pedestrians-and-bicycles--g1&trafficSign[]=complementary--except-bicycles--g1&trafficSign[]=complementary--bike-route--g1&trafficSign[]=regulatory--pedestrians-only--g1)  \n(Das ist die neueste Aufnahme, auf der das Zeichen erkannt wurde: **03.05.2026**.)\n\n- 🗺️ [**In radinfra.de bzw. TILDA ansehen**](https://tilda-geo.de/regionen/radinfra?map=17.4/53.279113/10.928634&config=pdqyyt.7h3d.16g9vk&v=2&data=mapillary-cycleway-traffic-signs)  \n(Hinweis: Ist hilfreich um den aktuellen Stand der Radinfrastruktur vor Ort zu prüfen.)\n\n---\n\n### 📚 Nützliche Links\n\n- 🛑 [**Traffic Sign Tool** – DE:240](https://trafficsigns.osm-verkehrswende.org/DE?signs=DE:240)\n- 🚴 [**OSM-Wiki: Radverkehrsanlagen kartieren**](https://wiki.openstreetmap.org/wiki/DE:Bicycle/Radverkehrsanlagen_kartieren)\n- 📷 [**Chrome Browser plugin: Mapillary Traffic Sign & Image ID Copier**](https://chromewebstore.google.com/detail/mapillary-traffic-sign-im/eagencdgcmgechomeedlbkhfcihdjhdg)\n\n---\n\nViel Erfolg beim Prüfen und Mappen! 🗺️\n",
        "priority": 0,
        "name": "🟩 Task mit hoher Wahrscheinlichkeit valide"
      }
    },
    {
      "type": "Feature",
      "id": "1323167618902019",
      "geometry": {
        "type": "Point",
        "coordinates": [
          6.133192777633667,
          51.7692972414539
        ]
      },
      "properties": {
        "image_id": "1712501046844186",
        "Verkehrzeichen": "241",
        "instruction": "\n### 🚧 Aufgabe: Verkehrszeichen **DE:241** überprüfen und Radinfra hinzufügen\n\nBitte schaue dir den Bereich rund um dieses erkannte Verkehrszeichen an. Vermutlich fehlt hier eine Radinfrastruktur, die du hinzufügen kannst. Die nächste OSM-Radinfra ist **ca. 28 m** entfernt.\n\n---\n\n### 🖼️ Bild & Karte\n\n- 📷 [**Mapillary-Bild anzeigen**](https://www.mapillary.com/app/?pKey=1712501046844186&focus=photo&trafficSign[]=regulatory--bicycles-only--g1&trafficSign[]=regulatory--shared-path-pedestrians-and-bicycles--g1&trafficSign[]=regulatory--dual-path-bicycles-and-pedestrians--g1&trafficSign[]=regulatory--dual-path-pedestrians-and-bicycles--g1&trafficSign[]=complementary--except-bicycles--g1&trafficSign[]=complementary--bike-route--g1&trafficSign[]=regulatory--pedestrians-only--g1)  \n(Das ist die neueste Aufnahme, auf der das Zeichen erkannt wurde: **09.03.2026**.)\n\n- 🗺️ [**In radinfra.de bzw. TILDA ansehen**](https://tilda-geo.de/regionen/radinfra?map=17.4/51.769297/6.133193&config=pdqyyt.7h3d.16g9vk&v=2&data=mapillary-cycleway-traffic-signs)  \n(Hinweis: Ist hilfreich um den aktuellen Stand der Radinfrastruktur vor Ort zu prüfen.)\n\n---\n\n### 📚 Nützliche Links\n\n- 🛑 [**Traffic Sign Tool** – DE:241](https://trafficsigns.osm-verkehrswende.org/DE?signs=DE:241)\n- 🚴 [**OSM-Wiki: Radverkehrsanlagen kartieren**](https://wiki.openstreetmap.org/wiki/DE:Bicycle/Radverkehrsanlagen_kartieren)\n- 📷 [**Chrome Browser plugin: Mapillary Traffic Sign & Image ID Copier**](https://chromewebstore.google.com/detail/mapillary-traffic-sign-im/eagencdgcmgechomeedlbkhfcihdjhdg)\n\n---\n\nViel Erfolg beim Prüfen und Mappen! 🗺️\n",
        "priority": 1,
        "name": "🟨 Task mit mittlerer Wahrscheinlichkeit valide"
      }
    },
    {
      "type": "Feature",
      "id": "4134600133420071",
      "geometry": {
        "type": "Point",
        "coordinates": [
          6.156356334686279,
          51.875623278451
        ]
      },
      "properties": {
        "image_id": "1347219574013682",
        "Verkehrzeichen": "241",
        "instruction": "\n### 🚧 Aufgabe: Verkehrszeichen **DE:241** überprüfen und Radinfra hinzufügen\n\nBitte schaue dir den Bereich rund um dieses erkannte Verkehrszeichen an. Vermutlich fehlt hier eine Radinfrastruktur, die du hinzufügen kannst. Die nächste OSM-Radinfra ist **ca. 26 m** entfernt.\n\n---\n\n### 🖼️ Bild & Karte\n\n- 📷 [**Mapillary-Bild anzeigen**](https://www.mapillary.com/app/?pKey=1347219574013682&focus=photo&trafficSign[]=regulatory--bicycles-only--g1&trafficSign[]=regulatory--shared-path-pedestrians-and-bicycles--g1&trafficSign[]=regulatory--dual-path-bicycles-and-pedestrians--g1&trafficSign[]=regulatory--dual-path-pedestrians-and-bicycles--g1&trafficSign[]=complementary--except-bicycles--g1&trafficSign[]=complementary--bike-route--g1&trafficSign[]=regulatory--pedestrians-only--g1)  \n(Das ist die neueste Aufnahme, auf der das Zeichen erkannt wurde: **22.06.2026**.)\n\n- 🗺️ [**In radinfra.de bzw. TILDA ansehen**](https://tilda-geo.de/regionen/radinfra?map=17.4/51.875623/6.156356&config=pdqyyt.7h3d.16g9vk&v=2&data=mapillary-cycleway-traffic-signs)  \n(Hinweis: Ist hilfreich um den aktuellen Stand der Radinfrastruktur vor Ort zu prüfen.)\n\n---\n\n### 📚 Nützliche Links\n\n- 🛑 [**Traffic Sign Tool** – DE:241](https://trafficsigns.osm-verkehrswende.org/DE?signs=DE:241)\n- 🚴 [**OSM-Wiki: Radverkehrsanlagen kartieren**](https://wiki.openstreetmap.org/wiki/DE:Bicycle/Radverkehrsanlagen_kartieren)\n- 📷 [**Chrome Browser plugin: Mapillary Traffic Sign & Image ID Copier**](https://chromewebstore.google.com/detail/mapillary-traffic-sign-im/eagencdgcmgechomeedlbkhfcihdjhdg)\n\n---\n\nViel Erfolg beim Prüfen und Mappen! 🗺️\n",
        "priority": 1,
        "name": "🟨 Task mit mittlerer Wahrscheinlichkeit valide"
      }
    },
    {
      "type": "Feature",
      "id": "1018980228632451",
      "geometry": {
        "type": "Point",
        "coordinates": [
          6.240057349205017,
          51.13590449305721
        ]
      },
      "properties": {
        "image_id": "692865433784868",
        "Verkehrzeichen": "240",
        "instruction": "\n### 🚧 Aufgabe: Verkehrszeichen **DE:240** überprüfen und Radinfra hinzufügen\n\nBitte schaue dir den Bereich rund um dieses erkannte Verkehrszeichen an. Vermutlich fehlt hier eine Radinfrastruktur, die du hinzufügen kannst. Die nächste OSM-Radinfra ist **mehr als 30 m** entfernt.\n\n---\n\n### 🖼️ Bild & Karte\n\n- 📷 [**Mapillary-Bild anzeigen**](https://www.mapillary.com/app/?pKey=692865433784868&focus=photo&trafficSign[]=regulatory--bicycles-only--g1&trafficSign[]=regulatory--shared-path-pedestrians-and-bicycles--g1&trafficSign[]=regulatory--dual-path-bicycles-and-pedestrians--g1&trafficSign[]=regulatory--dual-path-pedestrians-and-bicycles--g1&trafficSign[]=complementary--except-bicycles--g1&trafficSign[]=complementary--bike-route--g1&trafficSign[]=regulatory--pedestrians-only--g1)  \n(Das ist die neueste Aufnahme, auf der das Zeichen erkannt wurde: **15.08.2025**.)\n\n- 🗺️ [**In radinfra.de bzw. TILDA ansehen**](https://tilda-geo.de/regionen/radinfra?map=17.4/51.135904/6.240057&config=pdqyyt.7h3d.16g9vk&v=2&data=mapillary-cycleway-traffic-signs)  \n(Hinweis: Ist hilfreich um den aktuellen Stand der Radinfrastruktur vor Ort zu prüfen.)\n\n---\n\n### 📚 Nützliche Links\n\n- 🛑 [**Traffic Sign Tool** – DE:240](https://trafficsigns.osm-verkehrswende.org/DE?signs=DE:240)\n- 🚴 [**OSM-Wiki: Radverkehrsanlagen kartieren**](https://wiki.openstreetmap.org/wiki/DE:Bicycle/Radverkehrsanlagen_kartieren)\n- 📷 [**Chrome Browser plugin: Mapillary Traffic Sign & Image ID Copier**](https://chromewebstore.google.com/detail/mapillary-traffic-sign-im/eagencdgcmgechomeedlbkhfcihdjhdg)\n\n---\n\nViel Erfolg beim Prüfen und Mappen! 🗺️\n",
        "priority": 0,
        "name": "🟩 Task mit hoher Wahrscheinlichkeit valide"
      }
    },
    {
      "type": "Feature",
      "id": "28605378015776637",
      "geometry": {
        "type": "Point",
        "coordinates": [
          6.279979348182678,
          51.63104466708114
        ]
      },
      "properties": {
        "image_id": "1696914631483524",
        "Verkehrzeichen": "237",
        "instruction": "\n### 🚧 Aufgabe: Verkehrszeichen **DE:237** überprüfen und Radinfra hinzufügen\n\nBitte schaue dir den Bereich rund um dieses erkannte Verkehrszeichen an. Vermutlich fehlt hier eine Radinfrastruktur, die du hinzufügen kannst. Die nächste OSM-Radinfra ist **mehr als 30 m** entfernt.\n\n---\n\n### 🖼️ Bild & Karte\n\n- 📷 [**Mapillary-Bild anzeigen**](https://www.mapillary.com/app/?pKey=1696914631483524&focus=photo&trafficSign[]=regulatory--bicycles-only--g1&trafficSign[]=regulatory--shared-path-pedestrians-and-bicycles--g1&trafficSign[]=regulatory--dual-path-bicycles-and-pedestrians--g1&trafficSign[]=regulatory--dual-path-pedestrians-and-bicycles--g1&trafficSign[]=complementary--except-bicycles--g1&trafficSign[]=complementary--bike-route--g1&trafficSign[]=regulatory--pedestrians-only--g1)  \n(Das ist die neueste Aufnahme, auf der das Zeichen erkannt wurde: **22.03.2026**.)\n\n- 🗺️ [**In radinfra.de bzw. TILDA ansehen**](https://tilda-geo.de/regionen/radinfra?map=17.4/51.631045/6.279979&config=pdqyyt.7h3d.16g9vk&v=2&data=mapillary-cycleway-traffic-signs)  \n(Hinweis: Ist hilfreich um den aktuellen Stand der Radinfrastruktur vor Ort zu prüfen.)\n\n---\n\n### 📚 Nützliche Links\n\n- 🛑 [**Traffic Sign Tool** – DE:237](https://trafficsigns.osm-verkehrswende.org/DE?signs=DE:237)\n- 🚴 [**OSM-Wiki: Radverkehrsanlagen kartieren**](https://wiki.openstreetmap.org/wiki/DE:Bicycle/Radverkehrsanlagen_kartieren)\n- 📷 [**Chrome Browser plugin: Mapillary Traffic Sign & Image ID Copier**](https://chromewebstore.google.com/detail/mapillary-traffic-sign-im/eagencdgcmgechomeedlbkhfcihdjhdg)\n\n---\n\nViel Erfolg beim Prüfen und Mappen! 🗺️\n",
        "priority": 0,
        "name": "🟩 Task mit hoher Wahrscheinlichkeit valide"
      }
    },
    {
      "type": "Feature",
      "id": "687760600632472",
      "geometry": {
        "type": "Point",
        "coordinates": [
          6.313415765762329,
          51.82599457732056
        ]
      },
      "properties": {
        "image_id": "1692583092008068",
        "Verkehrzeichen": "240",
        "instruction": "\n### 🚧 Aufgabe: Verkehrszeichen **DE:240** überprüfen und Radinfra hinzufügen\n\nBitte schaue dir den Bereich rund um dieses erkannte Verkehrszeichen an. Vermutlich fehlt hier eine Radinfrastruktur, die du hinzufügen kannst. Die nächste OSM-Radinfra ist **ca. 27 m** entfernt.\n\n---\n\n### 🖼️ Bild & Karte\n\n- 📷 [**Mapillary-Bild anzeigen**](https://www.mapillary.com/app/?pKey=1692583092008068&focus=photo&trafficSign[]=regulatory--bicycles-only--g1&trafficSign[]=regulatory--shared-path-pedestrians-and-bicycles--g1&trafficSign[]=regulatory--dual-path-bicycles-and-pedestrians--g1&trafficSign[]=regulatory--dual-path-pedestrians-and-bicycles--g1&trafficSign[]=complementary--except-bicycles--g1&trafficSign[]=complementary--bike-route--g1&trafficSign[]=regulatory--pedestrians-only--g1)  \n(Das ist die neueste Aufnahme, auf der das Zeichen erkannt wurde: **22.06.2026**.)\n\n- 🗺️ [**In radinfra.de bzw. TILDA ansehen**](https://tilda-geo.de/regionen/radinfra?map=17.4/51.825995/6.313416&config=pdqyyt.7h3d.16g9vk&v=2&data=mapillary-cycleway-traffic-signs)  \n(Hinweis: Ist hilfreich um den aktuellen Stand der Radinfrastruktur vor Ort zu prüfen.)\n\n---\n\n### 📚 Nützliche Links\n\n- 🛑 [**Traffic Sign Tool** – DE:240](https://trafficsigns.osm-verkehrswende.org/DE?signs=DE:240)\n- 🚴 [**OSM-Wiki: Radverkehrsanlagen kartieren**](https://wiki.openstreetmap.org/wiki/DE:Bicycle/Radverkehrsanlagen_kartieren)\n- 📷 [**Chrome Browser plugin: Mapillary Traffic Sign & Image ID Copier**](https://chromewebstore.google.com/detail/mapillary-traffic-sign-im/eagencdgcmgechomeedlbkhfcihdjhdg)\n\n---\n\nViel Erfolg beim Prüfen und Mappen! 🗺️\n",
        "priority": 1,
        "name": "🟨 Task mit mittlerer Wahrscheinlichkeit valide"
      }
    },
    {
      "type": "Feature",
      "id": "1332341411325552",
      "geometry": {
        "type": "Point",
        "coordinates": [
          6.367215514183044,
          51.46172477748479
        ]
      },
      "properties": {
        "image_id": "1779399216388287",
        "Verkehrzeichen": "240",
        "instruction": "\n### 🚧 Aufgabe: Verkehrszeichen **DE:240** überprüfen und Radinfra hinzufügen\n\nBitte schaue dir den Bereich rund um dieses erkannte Verkehrszeichen an. Vermutlich fehlt hier eine Radinfrastruktur, die du hinzufügen kannst. Die nächste OSM-Radinfra ist **mehr als 30 m** entfernt.\n\n---\n\n### 🖼️ Bild & Karte\n\n- 📷 [**Mapillary-Bild anzeigen**](https://www.mapillary.com/app/?pKey=1779399216388287&focus=photo&trafficSign[]=regulatory--bicycles-only--g1&trafficSign[]=regulatory--shared-path-pedestrians-and-bicycles--g1&trafficSign[]=regulatory--dual-path-bicycles-and-pedestrians--g1&trafficSign[]=regulatory--dual-path-pedestrians-and-bicycles--g1&trafficSign[]=complementary--except-bicycles--g1&trafficSign[]=complementary--bike-route--g1&trafficSign[]=regulatory--pedestrians-only--g1)  \n(Das ist die neueste Aufnahme, auf der das Zeichen erkannt wurde: **23.08.2026**.)\n\n- 🗺️ [**In radinfra.de bzw. TILDA ansehen**](https://tilda-geo.de/regionen/radinfra?map=17.4/51.461725/6.367216&config=pdqyyt.7h3d.16g9vk&v=2&data=mapillary-cycleway-traffic-signs)  \n(Hinweis: Ist hilfreich um den aktuellen Stand der Radinfrastruktur vor Ort zu prüfen.)\n\n---\n\n### 📚 Nützliche Links\n\n- 🛑 [**Traffic Sign Tool** – DE:240](https://trafficsigns.osm-verkehrswende.org/DE?signs=DE:240)\n- 🚴 [**OSM-Wiki: Radverkehrsanlagen kartieren**](https://wiki.openstreetmap.org/wiki/DE:Bicycle/Radverkehrsanlagen_kartieren)\n- 📷 [**Chrome Browser plugin: Mapillary Traffic Sign & Image ID Copier**](https://chromewebstore.google.com/detail/mapillary-traffic-sign-im/eagencdgcmgechomeedlbkhfcihdjhdg)\n\n---\n\nViel Erfolg beim Prüfen und Mappen! 🗺️\n",
        "priority": 0,
        "name": "🟩 Task mit hoher Wahrscheinlichkeit valide"
      }
    },
    {
      "type": "Feature",
      "id": "1686096962128549",
      "geometry": {
        "type": "Point",
        "coordinates": [
          6.413236856460571,
          51.77162094342336
        ]
      },
      "properties": {
        "image_id": "993907520061871",
        "Verkehrzeichen": "240",
        "instruction": "\n### 🚧 Aufgabe: Verkehrszeichen **DE:240** überprüfen und Radinfra hinzufügen\n\nBitte schaue dir den Bereich rund um dieses erkannte Verkehrszeichen an. Vermutlich fehlt hier eine Radinfrastruktur, die du hinzufügen kannst. Die nächste OSM-Radinfra ist **mehr als 30 m** entfernt.\n\n---\n\n### 🖼️ Bild & Karte\n\n- 📷 [**Mapillary-Bild anzeigen**](https://www.mapillary.com/app/?pKey=993907520061871&focus=photo&trafficSign[]=regulatory--bicycles-only--g1&trafficSign[]=regulatory--shared-path-pedestrians-and-bicycles--g1&trafficSign[]=regulatory--dual-path-bicycles-and-pedestrians--g1&trafficSign[]=regulatory--dual-path-pedestrians-and-bicycles--g1&trafficSign[]=complementary--except-bicycles--g1&trafficSign[]=complementary--bike-route--g1&trafficSign[]=regulatory--pedestrians-only--g1)  \n(Das ist die neueste Aufnahme, auf der das Zeichen erkannt wurde: **23.06.2026**.)\n\n- 🗺️ [**In radinfra.de bzw. TILDA ansehen**](https://tilda-geo.de/regionen/radinfra?map=17.4/51.771621/6.413237&config=pdqyyt.7h3d.16g9vk&v=2&data=mapillary-cycleway-traffic-signs)  \n(Hinweis: Ist hilfreich um den aktuellen Stand der Radinfrastruktur vor Ort zu prüfen.)\n\n---\n\n### 📚 Nützliche Links\n\n- 🛑 [**Traffic Sign Tool** – DE:240](https://trafficsigns.osm-verkehrswende.org/DE?signs=DE:240)\n- 🚴 [**OSM-Wiki: Radverkehrsanlagen kartieren**](https://wiki.openstreetmap.org/wiki/DE:Bicycle/Radverkehrsanlagen_kartieren)\n- 📷 [**Chrome Browser plugin: Mapillary Traffic Sign & Image ID Copier**](https://chromewebstore.google.com/detail/mapillary-traffic-sign-im/eagencdgcmgechomeedlbkhfcihdjhdg)\n\n---\n\nViel Erfolg beim Prüfen und Mappen! 🗺️\n",
        "priority": 0,
        "name": "🟩 Task mit hoher Wahrscheinlichkeit valide"
      }
    },
    {
      "type": "Feature",
      "id": "910679463326530",
      "geometry": {
        "type": "Point",
        "coordinates": [
          6.413172483444214,
          51.771703930566844
        ]
      },
      "properties": {
        "image_id": "1719159752866711",
        "Verkehrzeichen": "240",
        "instruction": "\n### 🚧 Aufgabe: Verkehrszeichen **DE:240** überprüfen und Radinfra hinzufügen\n\nBitte schaue dir den Bereich rund um dieses erkannte Verkehrszeichen an. Vermutlich fehlt hier eine Radinfrastruktur, die du hinzufügen kannst. Die nächste OSM-Radinfra ist **mehr als 30 m** entfernt.\n\n---\n\n### 🖼️ Bild & Karte\n\n- 📷 [**Mapillary-Bild anzeigen**](https://www.mapillary.com/app/?pKey=1719159752866711&focus=photo&trafficSign[]=regulatory--bicycles-only--g1&trafficSign[]=regulatory--shared-path-pedestrians-and-bicycles--g1&trafficSign[]=regulatory--dual-path-bicycles-and-pedestrians--g1&trafficSign[]=regulatory--dual-path-pedestrians-and-bicycles--g1&trafficSign[]=complementary--except-bicycles--g1&trafficSign[]=complementary--bike-route--g1&trafficSign[]=regulatory--pedestrians-only--g1)  \n(Das ist die neueste Aufnahme, auf der das Zeichen erkannt wurde: **23.06.2026**.)\n\n- 🗺️ [**In radinfra.de bzw. TILDA ansehen**](https://tilda-geo.de/regionen/radinfra?map=17.4/51.771704/6.413172&config=pdqyyt.7h3d.16g9vk&v=2&data=mapillary-cycleway-traffic-signs)  \n(Hinweis: Ist hilfreich um den aktuellen Stand der Radinfrastruktur vor Ort zu prüfen.)\n\n---\n\n### 📚 Nützliche Links\n\n- 🛑 [**Traffic Sign Tool** – DE:240](https://trafficsigns.osm-verkehrswende.org/DE?signs=DE:240)\n- 🚴 [**OSM-Wiki: Radverkehrsanlagen kartieren**](https://wiki.openstreetmap.org/wiki/DE:Bicycle/Radverkehrsanlagen_kartieren)\n- 📷 [**Chrome Browser plugin: Mapillary Traffic Sign & Image ID Copier**](https://chromewebstore.google.com/detail/mapillary-traffic-sign-im/eagencdgcmgechomeedlbkhfcihdjhdg)\n\n---\n\nViel Erfolg beim Prüfen und Mappen! 🗺️\n",
        "priority": 0,
        "name": "🟩 Task mit hoher Wahrscheinlichkeit valide"
      }
    },
    {
      "type": "Feature",
      "id": "1584786039148589",
      "geometry": {
        "type": "Point",
        "coordinates": [
          6.408709287643433,
          51.442111686343765
        ]
      },
      "properties": {
        "image_id": "4610814032539055",
        "Verkehrzeichen": "240",
        "instruction": "\n### 🚧 Aufgabe: Verkehrszeichen **DE:240** überprüfen und Radinfra hinzufügen\n\nBitte schaue dir den Bereich rund um dieses erkannte Verkehrszeichen an. Vermutlich fehlt hier eine Radinfrastruktur, die du hinzufügen kannst. Die nächste OSM-Radinfra ist **ca. 27 m** entfernt.\n\n---\n\n### 🖼️ Bild & Karte\n\n- 📷 [**Mapillary-Bild anzeigen**](https://www.mapillary.com/app/?pKey=4610814032539055&focus=photo&trafficSign[]=regulatory--bicycles-only--g1&trafficSign[]=regulatory--shared-path-pedestrians-and-bicycles--g1&trafficSign[]=regulatory--dual-path-bicycles-and-pedestrians--g1&trafficSign[]=regulatory--dual-path-pedestrians-and-bicycles--g1&trafficSign[]=complementary--except-bicycles--g1&trafficSign[]=complementary--bike-route--g1&trafficSign[]=regulatory--pedestrians-only--g1)  \n(Das ist die neueste Aufnahme, auf der das Zeichen erkannt wurde: **22.08.2026**.)\n\n- 🗺️ [**In radinfra.de bzw. TILDA ansehen**](https://tilda-geo.de/regionen/radinfra?map=17.4/51.442112/6.408709&config=pdqyyt.7h3d.16g9vk&v=2&data=mapillary-cycleway-traffic-signs)  \n(Hinweis: Ist hilfreich um den aktuellen Stand der Radinfrastruktur vor Ort zu prüfen.)\n\n---\n\n### 📚 Nützliche Links\n\n- 🛑 [**Traffic Sign Tool** – DE:240](https://trafficsigns.osm-verkehrswende.org/DE?signs=DE:240)\n- 🚴 [**OSM-Wiki: Radverkehrsanlagen kartieren**](https://wiki.openstreetmap.org/wiki/DE:Bicycle/Radverkehrsanlagen_kartieren)\n- 📷 [**Chrome Browser plugin: Mapillary Traffic Sign & Image ID Copier**](https://chromewebstore.google.com/detail/mapillary-traffic-sign-im/eagencdgcmgechomeedlbkhfcihdjhdg)\n\n---\n\nViel Erfolg beim Prüfen und Mappen! 🗺️\n",
        "priority": 1,
        "name": "🟨 Task mit mittlerer Wahrscheinlichkeit valide"
      }
    },
    {
      "type": "Feature",
      "id": "1463034534044463",
      "geometry": {
        "type": "Point",
        "coordinates": [
          6.417968273162842,
          51.0915356225496
        ]
      },
      "properties": {
        "image_id": "27917433087927812",
        "Verkehrzeichen": "240",
        "instruction": "\n### 🚧 Aufgabe: Verkehrszeichen **DE:240** überprüfen und Radinfra hinzufügen\n\nBitte schaue dir den Bereich rund um dieses erkannte Verkehrszeichen an. Vermutlich fehlt hier eine Radinfrastruktur, die du hinzufügen kannst. Die nächste OSM-Radinfra ist **mehr als 30 m** entfernt.\n\n---\n\n### 🖼️ Bild & Karte\n\n- 📷 [**Mapillary-Bild anzeigen**](https://www.mapillary.com/app/?pKey=27917433087927812&focus=photo&trafficSign[]=regulatory--bicycles-only--g1&trafficSign[]=regulatory--shared-path-pedestrians-and-bicycles--g1&trafficSign[]=regulatory--dual-path-bicycles-and-pedestrians--g1&trafficSign[]=regulatory--dual-path-pedestrians-and-bicycles--g1&trafficSign[]=complementary--except-bicycles--g1&trafficSign[]=complementary--bike-route--g1&trafficSign[]=regulatory--pedestrians-only--g1)  \n(Das ist die neueste Aufnahme, auf der das Zeichen erkannt wurde: **12.08.2026**.)\n\n- 🗺️ [**In radinfra.de bzw. TILDA ansehen**](https://tilda-geo.de/regionen/radinfra?map=17.4/51.091536/6.417968&config=pdqyyt.7h3d.16g9vk&v=2&data=mapillary-cycleway-traffic-signs)  \n(Hinweis: Ist hilfreich um den aktuellen Stand der Radinfrastruktur vor Ort zu prüfen.)\n\n---\n\n### 📚 Nützliche Links\n\n- 🛑 [**Traffic Sign Tool** – DE:240](https://trafficsigns.osm-verkehrswende.org/DE?signs=DE:240)\n- 🚴 [**OSM-Wiki: Radverkehrsanlagen kartieren**](https://wiki.openstreetmap.org/wiki/DE:Bicycle/Radverkehrsanlagen_kartieren)\n- 📷 [**Chrome Browser plugin: Mapillary Traffic Sign & Image ID Copier**](https://chromewebstore.google.com/detail/mapillary-traffic-sign-im/eagencdgcmgechomeedlbkhfcihdjhdg)\n\n---\n\nViel Erfolg beim Prüfen und Mappen! 🗺️\n",
        "priority": 0,
        "name": "🟩 Task mit hoher Wahrscheinlichkeit valide"
      }
    },
    {
      "type": "Feature",
      "id": "902601517470796",
      "geometry": {
        "type": "Point",
        "coordinates": [
          6.476832032203674,
          51.72992884002434
        ]
      },
      "properties": {
        "image_id": "1237311575040950",
        "Verkehrzeichen": "240",
        "instruction": "\n### 🚧 Aufgabe: Verkehrszeichen **DE:240** überprüfen und Radinfra hinzufügen\n\nBitte schaue dir den Bereich rund um dieses erkannte Verkehrszeichen an. Vermutlich fehlt hier eine Radinfrastruktur, die du hinzufügen kannst. Die nächste OSM-Radinfra ist **mehr als 30 m** entfernt.\n\n---\n\n### 🖼️ Bild & Karte\n\n- 📷 [**Mapillary-Bild anzeigen**](https://www.mapillary.com/app/?pKey=1237311575040950&focus=photo&trafficSign[]=regulatory--bicycles-only--g1&trafficSign[]=regulatory--shared-path-pedestrians-and-bicycles--g1&trafficSign[]=regulatory--dual-path-bicycles-and-pedestrians--g1&trafficSign[]=regulatory--dual-path-pedestrians-and-bicycles--g1&trafficSign[]=complementary--except-bicycles--g1&trafficSign[]=complementary--bike-route--g1&trafficSign[]=regulatory--pedestrians-only--g1)  \n(Das ist die neueste Aufnahme, auf der das Zeichen erkannt wurde: **23.06.2026**.)\n\n- 🗺️ [**In radinfra.de bzw. TILDA ansehen**](https://tilda-geo.de/regionen/radinfra?map=17.4/51.729929/6.476832&config=pdqyyt.7h3d.16g9vk&v=2&data=mapillary-cycleway-traffic-signs)  \n(Hinweis: Ist hilfreich um den aktuellen Stand der Radinfrastruktur vor Ort zu prüfen.)\n\n---\n\n### 📚 Nützliche Links\n\n- 🛑 [**Traffic Sign Tool** – DE:240](https://trafficsigns.osm-verkehrswende.org/DE?signs=DE:240)\n- 🚴 [**OSM-Wiki: Radverkehrsanlagen kartieren**](https://wiki.openstreetmap.org/wiki/DE:Bicycle/Radverkehrsanlagen_kartieren)\n- 📷 [**Chrome Browser plugin: Mapillary Traffic Sign & Image ID Copier**](https://chromewebstore.google.com/detail/mapillary-traffic-sign-im/eagencdgcmgechomeedlbkhfcihdjhdg)\n\n---\n\nViel Erfolg beim Prüfen und Mappen! 🗺️\n",
        "priority": 0,
        "name": "🟩 Task mit hoher Wahrscheinlichkeit valide"
      }
    },
    {
      "type": "Feature",
      "id": "1629564424122798",
      "geometry": {
        "type": "Point",
        "coordinates": [
          6.473388075828552,
          51.7303640925428
        ]
      },
      "properties": {
        "image_id": "1495377675056287",
        "Verkehrzeichen": "240",
        "instruction": "\n### 🚧 Aufgabe: Verkehrszeichen **DE:240** überprüfen und Radinfra hinzufügen\n\nBitte schaue dir den Bereich rund um dieses erkannte Verkehrszeichen an. Vermutlich fehlt hier eine Radinfrastruktur, die du hinzufügen kannst. Die nächste OSM-Radinfra ist **mehr als 30 m** entfernt.\n\n---\n\n### 🖼️ Bild & Karte\n\n- 📷 [**Mapillary-Bild anzeigen**](https://www.mapillary.com/app/?pKey=1495377675056287&focus=photo&trafficSign[]=regulatory--bicycles-only--g1&trafficSign[]=regulatory--shared-path-pedestrians-and-bicycles--g1&trafficSign[]=regulatory--dual-path-bicycles-and-pedestrians--g1&trafficSign[]=regulatory--dual-path-pedestrians-and-bicycles--g1&trafficSign[]=complementary--except-bicycles--g1&trafficSign[]=complementary--bike-route--g1&trafficSign[]=regulatory--pedestrians-only--g1)  \n(Das ist die neueste Aufnahme, auf der das Zeichen erkannt wurde: **23.06.2026**.)\n\n- 🗺️ [**In radinfra.de bzw. TILDA ansehen**](https://tilda-geo.de/regionen/radinfra?map=17.4/51.730364/6.473388&config=pdqyyt.7h3d.16g9vk&v=2&data=mapillary-cycleway-traffic-signs)  \n(Hinweis: Ist hilfreich um den aktuellen Stand der Radinfrastruktur vor Ort zu prüfen.)\n\n---\n\n### 📚 Nützliche Links\n\n- 🛑 [**Traffic Sign Tool** – DE:240](https://trafficsigns.osm-verkehrswende.org/DE?signs=DE:240)\n- 🚴 [**OSM-Wiki: Radverkehrsanlagen kartieren**](https://wiki.openstreetmap.org/wiki/DE:Bicycle/Radverkehrsanlagen_kartieren)\n- 📷 [**Chrome Browser plugin: Mapillary Traffic Sign & Image ID Copier**](https://chromewebstore.google.com/detail/mapillary-traffic-sign-im/eagencdgcmgechomeedlbkhfcihdjhdg)\n\n---\n\nViel Erfolg beim Prüfen und Mappen! 🗺️\n",
        "priority": 0,
        "name": "🟩 Task mit hoher Wahrscheinlichkeit valide"
      }
    },
    {
      "type": "Feature",
      "id": "1053062386529447",
      "geometry": {
        "type": "Point",
        "coordinates": [
          6.466859579086304,
          50.72637406618145
        ]
      },
      "properties": {
        "image_id": "1010670228543084",
        "Verkehrzeichen": "240",
        "instruction": "\n### 🚧 Aufgabe: Verkehrszeichen **DE:240** überprüfen und Radinfra hinzufügen\n\nBitte schaue dir den Bereich rund um dieses erkannte Verkehrszeichen an. Vermutlich fehlt hier eine Radinfrastruktur, die du hinzufügen kannst. Die nächste OSM-Radinfra ist **mehr als 30 m** entfernt.\n\n---\n\n### 🖼️ Bild & Karte\n\n- 📷 [**Mapillary-Bild anzeigen**](https://www.mapillary.com/app/?pKey=1010670228543084&focus=photo&trafficSign[]=regulatory--bicycles-only--g1&trafficSign[]=regulatory--shared-path-pedestrians-and-bicycles--g1&trafficSign[]=regulatory--dual-path-bicycles-and-pedestrians--g1&trafficSign[]=regulatory--dual-path-pedestrians-and-bicycles--g1&trafficSign[]=complementary--except-bicycles--g1&trafficSign[]=complementary--bike-route--g1&trafficSign[]=regulatory--pedestrians-only--g1)  \n(Das ist die neueste Aufnahme, auf der das Zeichen erkannt wurde: **20.07.2026**.)\n\n- 🗺️ [**In radinfra.de bzw. TILDA ansehen**](https://tilda-geo.de/regionen/radinfra?map=17.4/50.726374/6.46686&config=pdqyyt.7h3d.16g9vk&v=2&data=mapillary-cycleway-traffic-signs)  \n(Hinweis: Ist hilfreich um den aktuellen Stand der Radinfrastruktur vor Ort zu prüfen.)\n\n---\n\n### 📚 Nützliche Links\n\n- 🛑 [**Traffic Sign Tool** – DE:240](https://trafficsigns.osm-verkehrswende.org/DE?signs=DE:240)\n- 🚴 [**OSM-Wiki: Radverkehrsanlagen kartieren**](https://wiki.openstreetmap.org/wiki/DE:Bicycle/Radverkehrsanlagen_kartieren)\n- 📷 [**Chrome Browser plugin: Mapillary Traffic Sign & Image ID Copier**](https://chromewebstore.google.com/detail/mapillary-traffic-sign-im/eagencdgcmgechomeedlbkhfcihdjhdg)\n\n---\n\nViel Erfolg beim Prüfen und Mappen! 🗺️\n",
        "priority": 0,
        "name": "🟩 Task mit hoher Wahrscheinlichkeit valide"
      }
    },
    {
      "type": "Feature",
      "id": "25802869379361526",
      "geometry": {
        "type": "Point",
        "coordinates": [
          6.510263085365295,
          51.505894383527476
        ]
      },
      "properties": {
        "image_id": "1007922238393294",
        "Verkehrzeichen": "240",
        "instruction": "\n### 🚧 Aufgabe: Verkehrszeichen **DE:240** überprüfen und Radinfra hinzufügen\n\nBitte schaue dir den Bereich rund um dieses erkannte Verkehrszeichen an. Vermutlich fehlt hier eine Radinfrastruktur, die du hinzufügen kannst. Die nächste OSM-Radinfra ist **mehr als 30 m** entfernt.\n\n---\n\n### 🖼️ Bild & Karte\n\n- 📷 [**Mapillary-Bild anzeigen**](https://www.mapillary.com/app/?pKey=1007922238393294&focus=photo&trafficSign[]=regulatory--bicycles-only--g1&trafficSign[]=regulatory--shared-path-pedestrians-and-bicycles--g1&trafficSign[]=regulatory--dual-path-bicycles-and-pedestrians--g1&trafficSign[]=regulatory--dual-path-pedestrians-and-bicycles--g1&trafficSign[]=complementary--except-bicycles--g1&trafficSign[]=complementary--bike-route--g1&trafficSign[]=regulatory--pedestrians-only--g1)  \n(Das ist die neueste Aufnahme, auf der das Zeichen erkannt wurde: **29.05.2026**.)\n\n- 🗺️ [**In radinfra.de bzw. TILDA ansehen**](https://tilda-geo.de/regionen/radinfra?map=17.4/51.505894/6.510263&config=pdqyyt.7h3d.16g9vk&v=2&data=mapillary-cycleway-traffic-signs)  \n(Hinweis: Ist hilfreich um den aktuellen Stand der Radinfrastruktur vor Ort zu prüfen.)\n\n---\n\n### 📚 Nützliche Links\n\n- 🛑 [**Traffic Sign Tool** – DE:240](https://trafficsigns.osm-verkehrswende.org/DE?signs=DE:240)\n- 🚴 [**OSM-Wiki: Radverkehrsanlagen kartieren**](https://wiki.openstreetmap.org/wiki/DE:Bicycle/Radverkehrsanlagen_kartieren)\n- 📷 [**Chrome Browser plugin: Mapillary Traffic Sign & Image ID Copier**](https://chromewebstore.google.com/detail/mapillary-traffic-sign-im/eagencdgcmgechomeedlbkhfcihdjhdg)\n\n---\n\nViel Erfolg beim Prüfen und Mappen! 🗺️\n",
        "priority": 0,
        "name": "🟩 Task mit hoher Wahrscheinlichkeit valide"
      }
    },
    {
      "type": "Feature",
      "id": "551782096422987",
      "geometry": {
        "type": "Point",
        "coordinates": [
          6.530572772026062,
          51.46680134633283
        ]
      },
      "properties": {
        "image_id": "2088137608751380",
        "Verkehrzeichen": "240",
        "instruction": "\n### 🚧 Aufgabe: Verkehrszeichen **DE:240** überprüfen und Radinfra hinzufügen\n\nBitte schaue dir den Bereich rund um dieses erkannte Verkehrszeichen an. Vermutlich fehlt hier eine Radinfrastruktur, die du hinzufügen kannst. Die nächste OSM-Radinfra ist **mehr als 30 m** entfernt.\n\n---\n\n### 🖼️ Bild & Karte\n\n- 📷 [**Mapillary-Bild anzeigen**](https://www.mapillary.com/app/?pKey=2088137608751380&focus=photo&trafficSign[]=regulatory--bicycles-only--g1&trafficSign[]=regulatory--shared-path-pedestrians-and-bicycles--g1&trafficSign[]=regulatory--dual-path-bicycles-and-pedestrians--g1&trafficSign[]=regulatory--dual-path-pedestrians-and-bicycles--g1&trafficSign[]=complementary--except-bicycles--g1&trafficSign[]=complementary--bike-route--g1&trafficSign[]=regulatory--pedestrians-only--g1)  \n(Das ist die neueste Aufnahme, auf der das Zeichen erkannt wurde: **13.06.2026**.)\n\n- 🗺️ [**In radinfra.de bzw. TILDA ansehen**](https://tilda-geo.de/regionen/radinfra?map=17.4/51.466801/6.530573&config=pdqyyt.7h3d.16g9vk&v=2&data=mapillary-cycleway-traffic-signs)  \n(Hinweis: Ist hilfreich um den aktuellen Stand der Radinfrastruktur vor Ort zu prüfen.)\n\n---\n\n### 📚 Nützliche Links\n\n- 🛑 [**Traffic Sign Tool** – DE:240](https://trafficsigns.osm-verkehrswende.org/DE?signs=DE:240)\n- 🚴 [**OSM-Wiki: Radverkehrsanlagen kartieren**](https://wiki.openstreetmap.org/wiki/DE:Bicycle/Radverkehrsanlagen_kartieren)\n- 📷 [**Chrome Browser plugin: Mapillary Traffic Sign & Image ID Copier**](https://chromewebstore.google.com/detail/mapillary-traffic-sign-im/eagencdgcmgechomeedlbkhfcihdjhdg)\n\n---\n\nViel Erfolg beim Prüfen und Mappen! 🗺️\n",
        "priority": 0,
        "name": "🟩 Task mit hoher Wahrscheinlichkeit valide"
      }
    },
    {
      "type": "Feature",
      "id": "261514866494020",
      "geometry": {
        "type": "Point",
        "coordinates": [
          6.552373766899109,
          51.4997201601405
        ]
      },
      "properties": {
        "image_id": "2847738242237167",
        "Verkehrzeichen": "241",
        "instruction": "\n### 🚧 Aufgabe: Verkehrszeichen **DE:241** überprüfen und Radinfra hinzufügen\n\nBitte schaue dir den Bereich rund um dieses erkannte Verkehrszeichen an. Vermutlich fehlt hier eine Radinfrastruktur, die du hinzufügen kannst. Die nächste OSM-Radinfra ist **ca. 25 m** entfernt.\n\n---\n\n### 🖼️ Bild & Karte\n\n- 📷 [**Mapillary-Bild anzeigen**](https://www.mapillary.com/app/?pKey=2847738242237167&focus=photo&trafficSign[]=regulatory--bicycles-only--g1&trafficSign[]=regulatory--shared-path-pedestrians-and-bicycles--g1&trafficSign[]=regulatory--dual-path-bicycles-and-pedestrians--g1&trafficSign[]=regulatory--dual-path-pedestrians-and-bicycles--g1&trafficSign[]=complementary--except-bicycles--g1&trafficSign[]=complementary--bike-route--g1&trafficSign[]=regulatory--pedestrians-only--g1)  \n(Das ist die neueste Aufnahme, auf der das Zeichen erkannt wurde: **28.05.2026**.)\n\n- 🗺️ [**In radinfra.de bzw. TILDA ansehen**](https://tilda-geo.de/regionen/radinfra?map=17.4/51.49972/6.552374&config=pdqyyt.7h3d.16g9vk&v=2&data=mapillary-cycleway-traffic-signs)  \n(Hinweis: Ist hilfreich um den aktuellen Stand der Radinfrastruktur vor Ort zu prüfen.)\n\n---\n\n### 📚 Nützliche Links\n\n- 🛑 [**Traffic Sign Tool** – DE:241](https://trafficsigns.osm-verkehrswende.org/DE?signs=DE:241)\n- 🚴 [**OSM-Wiki: Radverkehrsanlagen kartieren**](https://wiki.openstreetmap.org/wiki/DE:Bicycle/Radverkehrsanlagen_kartieren)\n- 📷 [**Chrome Browser plugin: Mapillary Traffic Sign & Image ID Copier**](https://chromewebstore.google.com/detail/mapillary-traffic-sign-im/eagencdgcmgechomeedlbkhfcihdjhdg)\n\n---\n\nViel Erfolg beim Prüfen und Mappen! 🗺️\n",
        "priority": 1,
        "name": "🟨 Task mit mittlerer Wahrscheinlichkeit valide"
      }
    },
    {
      "type": "Feature",
      "id": "207570447691796",
      "geometry": {
        "type": "Point",
        "coordinates": [
          6.591126322746277,
          51.10385541277344
        ]
      },
      "properties": {
        "image_id": "1578786504261686",
        "Verkehrzeichen": "240",
        "instruction": "\n### 🚧 Aufgabe: Verkehrszeichen **DE:240** überprüfen und Radinfra hinzufügen\n\nBitte schaue dir den Bereich rund um dieses erkannte Verkehrszeichen an. Vermutlich fehlt hier eine Radinfrastruktur, die du hinzufügen kannst. Die nächste OSM-Radinfra ist **mehr als 30 m** entfernt.\n\n---\n\n### 🖼️ Bild & Karte\n\n- 📷 [**Mapillary-Bild anzeigen**](https://www.mapillary.com/app/?pKey=1578786504261686&focus=photo&trafficSign[]=regulatory--bicycles-only--g1&trafficSign[]=regulatory--shared-path-pedestrians-and-bicycles--g1&trafficSign[]=regulatory--dual-path-bicycles-and-pedestrians--g1&trafficSign[]=regulatory--dual-path-pedestrians-and-bicycles--g1&trafficSign[]=complementary--except-bicycles--g1&trafficSign[]=complementary--bike-route--g1&trafficSign[]=regulatory--pedestrians-only--g1)  \n(Das ist die neueste Aufnahme, auf der das Zeichen erkannt wurde: **12.08.2026**.)\n\n- 🗺️ [**In radinfra.de bzw. TILDA ansehen**](https://tilda-geo.de/regionen/radinfra?map=17.4/51.103855/6.591126&config=pdqyyt.7h3d.16g9vk&v=2&data=mapillary-cycleway-traffic-signs)  \n(Hinweis: Ist hilfreich um den aktuellen Stand der Radinfrastruktur vor Ort zu prüfen.)\n\n---\n\n### 📚 Nützliche Links\n\n- 🛑 [**Traffic Sign Tool** – DE:240](https://trafficsigns.osm-verkehrswende.org/DE?signs=DE:240)\n- 🚴 [**OSM-Wiki: Radverkehrsanlagen kartieren**](https://wiki.openstreetmap.org/wiki/DE:Bicycle/Radverkehrsanlagen_kartieren)\n- 📷 [**Chrome Browser plugin: Mapillary Traffic Sign & Image ID Copier**](https://chromewebstore.google.com/detail/mapillary-traffic-sign-im/eagencdgcmgechomeedlbkhfcihdjhdg)\n\n---\n\nViel Erfolg beim Prüfen und Mappen! 🗺️\n",
        "priority": 0,
        "name": "🟩 Task mit hoher Wahrscheinlichkeit valide"
      }
    },
    {
      "type": "Feature",
      "id": "2638031636500563",
      "geometry": {
        "type": "Point",
        "coordinates": [
          6.603711247444153,
          51.089126529563515
        ]
      },
      "properties": {
        "image_id": "1597080591774243",
        "Verkehrzeichen": "241",
        "instruction": "\n### 🚧 Aufgabe: Verkehrszeichen **DE:241** überprüfen und Radinfra hinzufügen\n\nBitte schaue dir den Bereich rund um dieses erkannte Verkehrszeichen an. Vermutlich fehlt hier eine Radinfrastruktur, die du hinzufügen kannst. Die nächste OSM-Radinfra ist **mehr als 30 m** entfernt.\n\n---\n\n### 🖼️ Bild & Karte\n\n- 📷 [**Mapillary-Bild anzeigen**](https://www.mapillary.com/app/?pKey=1597080591774243&focus=photo&trafficSign[]=regulatory--bicycles-only--g1&trafficSign[]=regulatory--shared-path-pedestrians-and-bicycles--g1&trafficSign[]=regulatory--dual-path-bicycles-and-pedestrians--g1&trafficSign[]=regulatory--dual-path-pedestrians-and-bicycles--g1&trafficSign[]=complementary--except-bicycles--g1&trafficSign[]=complementary--bike-route--g1&trafficSign[]=regulatory--pedestrians-only--g1)  \n(Das ist die neueste Aufnahme, auf der das Zeichen erkannt wurde: **12.08.2026**.)\n\n- 🗺️ [**In radinfra.de bzw. TILDA ansehen**](https://tilda-geo.de/regionen/radinfra?map=17.4/51.089127/6.603711&config=pdqyyt.7h3d.16g9vk&v=2&data=mapillary-cycleway-traffic-signs)  \n(Hinweis: Ist hilfreich um den aktuellen Stand der Radinfrastruktur vor Ort zu prüfen.)\n\n---\n\n### 📚 Nützliche Links\n\n- 🛑 [**Traffic Sign Tool** – DE:241](https://trafficsigns.osm-verkehrswende.org/DE?signs=DE:241)\n- 🚴 [**OSM-Wiki: Radverkehrsanlagen kartieren**](https://wiki.openstreetmap.org/wiki/DE:Bicycle/Radverkehrsanlagen_kartieren)\n- 📷 [**Chrome Browser plugin: Mapillary Traffic Sign & Image ID Copier**](https://chromewebstore.google.com/detail/mapillary-traffic-sign-im/eagencdgcmgechomeedlbkhfcihdjhdg)\n\n---\n\nViel Erfolg beim Prüfen und Mappen! 🗺️\n",
        "priority": 0,
        "name": "🟩 Task mit hoher Wahrscheinlichkeit valide"
      }
    },
    {
      "type": "Feature",
      "id": "678917851235645",
      "geometry": {
        "type": "Point",
        "coordinates": [
          6.648246645927429,
          51.66068367775449
        ]
      },
      "properties": {
        "image_id": "2793477354373007",
        "Verkehrzeichen": "240",
        "instruction": "\n### 🚧 Aufgabe: Verkehrszeichen **DE:240** überprüfen und Radinfra hinzufügen\n\nBitte schaue dir den Bereich rund um dieses erkannte Verkehrszeichen an. Vermutlich fehlt hier eine Radinfrastruktur, die du hinzufügen kannst. Die nächste OSM-Radinfra ist **mehr als 30 m** entfernt.\n\n---\n\n### 🖼️ Bild & Karte\n\n- 📷 [**Mapillary-Bild anzeigen**](https://www.mapillary.com/app/?pKey=2793477354373007&focus=photo&trafficSign[]=regulatory--bicycles-only--g1&trafficSign[]=regulatory--shared-path-pedestrians-and-bicycles--g1&trafficSign[]=regulatory--dual-path-bicycles-and-pedestrians--g1&trafficSign[]=regulatory--dual-path-pedestrians-and-bicycles--g1&trafficSign[]=complementary--except-bicycles--g1&trafficSign[]=complementary--bike-route--g1&trafficSign[]=regulatory--pedestrians-only--g1)  \n(Das ist die neueste Aufnahme, auf der das Zeichen erkannt wurde: **19.07.2026**.)\n\n- 🗺️ [**In radinfra.de bzw. TILDA ansehen**](https://tilda-geo.de/regionen/radinfra?map=17.4/51.660684/6.648247&config=pdqyyt.7h3d.16g9vk&v=2&data=mapillary-cycleway-traffic-signs)  \n(Hinweis: Ist hilfreich um den aktuellen Stand der Radinfrastruktur vor Ort zu prüfen.)\n\n---\n\n### 📚 Nützliche Links\n\n- 🛑 [**Traffic Sign Tool** – DE:240](https://trafficsigns.osm-verkehrswende.org/DE?signs=DE:240)\n- 🚴 [**OSM-Wiki: Radverkehrsanlagen kartieren**](https://wiki.openstreetmap.org/wiki/DE:Bicycle/Radverkehrsanlagen_kartieren)\n- 📷 [**Chrome Browser plugin: Mapillary Traffic Sign & Image ID Copier**](https://chromewebstore.google.com/detail/mapillary-traffic-sign-im/eagencdgcmgechomeedlbkhfcihdjhdg)\n\n---\n\nViel Erfolg beim Prüfen und Mappen! 🗺️\n",
        "priority": 0,
        "name": "🟩 Task mit hoher Wahrscheinlichkeit valide"
      }
    },
    {
      "type": "Feature",
      "id": "668336734377321",
      "geometry": {
        "type": "Point",
        "coordinates": [
          6.638687252998352,
          51.53275870658308
        ]
      },
      "properties": {
        "image_id": "2192660624903370",
        "Verkehrzeichen": "240",
        "instruction": "\n### 🚧 Aufgabe: Verkehrszeichen **DE:240** überprüfen und Radinfra hinzufügen\n\nBitte schaue dir den Bereich rund um dieses erkannte Verkehrszeichen an. Vermutlich fehlt hier eine Radinfrastruktur, die du hinzufügen kannst. Die nächste OSM-Radinfra ist **mehr als 30 m** entfernt.\n\n---\n\n### 🖼️ Bild & Karte\n\n- 📷 [**Mapillary-Bild anzeigen**](https://www.mapillary.com/app/?pKey=2192660624903370&focus=photo&trafficSign[]=regulatory--bicycles-only--g1&trafficSign[]=regulatory--shared-path-pedestrians-and-bicycles--g1&trafficSign[]=regulatory--dual-path-bicycles-and-pedestrians--g1&trafficSign[]=regulatory--dual-path-pedestrians-and-bicycles--g1&trafficSign[]=complementary--except-bicycles--g1&trafficSign[]=complementary--bike-route--g1&trafficSign[]=regulatory--pedestrians-only--g1)  \n(Das ist die neueste Aufnahme, auf der das Zeichen erkannt wurde: **28.05.2026**.)\n\n- 🗺️ [**In radinfra.de bzw. TILDA ansehen**](https://tilda-geo.de/regionen/radinfra?map=17.4/51.532759/6.638687&config=pdqyyt.7h3d.16g9vk&v=2&data=mapillary-cycleway-traffic-signs)  \n(Hinweis: Ist hilfreich um den aktuellen Stand der Radinfrastruktur vor Ort zu prüfen.)\n\n---\n\n### 📚 Nützliche Links\n\n- 🛑 [**Traffic Sign Tool** – DE:240](https://trafficsigns.osm-verkehrswende.org/DE?signs=DE:240)\n- 🚴 [**OSM-Wiki: Radverkehrsanlagen kartieren**](https://wiki.openstreetmap.org/wiki/DE:Bicycle/Radverkehrsanlagen_kartieren)\n- 📷 [**Chrome Browser plugin: Mapillary Traffic Sign & Image ID Copier**](https://chromewebstore.google.com/detail/mapillary-traffic-sign-im/eagencdgcmgechomeedlbkhfcihdjhdg)\n\n---\n\nViel Erfolg beim Prüfen und Mappen! 🗺️\n",
        "priority": 0,
        "name": "🟩 Task mit hoher Wahrscheinlichkeit valide"
      }
    },
    {
      "type": "Feature",
      "id": "226974766628378",
      "geometry": {
        "type": "Point",
        "coordinates": [
          6.64247989654541,
          51.35526438913851
        ]
      },
      "properties": {
        "image_id": "931580763036144",
        "Verkehrzeichen": "240",
        "instruction": "\n### 🚧 Aufgabe: Verkehrszeichen **DE:240** überprüfen und Radinfra hinzufügen\n\nBitte schaue dir den Bereich rund um dieses erkannte Verkehrszeichen an. Vermutlich fehlt hier eine Radinfrastruktur, die du hinzufügen kannst. Die nächste OSM-Radinfra ist **ca. 27 m** entfernt.\n\n---\n\n### 🖼️ Bild & Karte\n\n- 📷 [**Mapillary-Bild anzeigen**](https://www.mapillary.com/app/?pKey=931580763036144&focus=photo&trafficSign[]=regulatory--bicycles-only--g1&trafficSign[]=regulatory--shared-path-pedestrians-and-bicycles--g1&trafficSign[]=regulatory--dual-path-bicycles-and-pedestrians--g1&trafficSign[]=regulatory--dual-path-pedestrians-and-bicycles--g1&trafficSign[]=complementary--except-bicycles--g1&trafficSign[]=complementary--bike-route--g1&trafficSign[]=regulatory--pedestrians-only--g1)  \n(Das ist die neueste Aufnahme, auf der das Zeichen erkannt wurde: **06.04.2026**.)\n\n- 🗺️ [**In radinfra.de bzw. TILDA ansehen**](https://tilda-geo.de/regionen/radinfra?map=17.4/51.355264/6.64248&config=pdqyyt.7h3d.16g9vk&v=2&data=mapillary-cycleway-traffic-signs)  \n(Hinweis: Ist hilfreich um den aktuellen Stand der Radinfrastruktur vor Ort zu prüfen.)\n\n---\n\n### 📚 Nützliche Links\n\n- 🛑 [**Traffic Sign Tool** – DE:240](https://trafficsigns.osm-verkehrswende.org/DE?signs=DE:240)\n- 🚴 [**OSM-Wiki: Radverkehrsanlagen kartieren**](https://wiki.openstreetmap.org/wiki/DE:Bicycle/Radverkehrsanlagen_kartieren)\n- 📷 [**Chrome Browser plugin: Mapillary Traffic Sign & Image ID Copier**](https://chromewebstore.google.com/detail/mapillary-traffic-sign-im/eagencdgcmgechomeedlbkhfcihdjhdg)\n\n---\n\nViel Erfolg beim Prüfen und Mappen! 🗺️\n",
        "priority": 1,
        "name": "🟨 Task mit mittlerer Wahrscheinlichkeit valide"
      }
    },
    {
      "type": "Feature",
      "id": "1107197213127428",
      "geometry": {
        "type": "Point",
        "coordinates": [
          6.6966551542282104,
          51.8267703948772
        ]
      },
      "properties": {
        "image_id": "904706375637004",
        "Verkehrzeichen": "240",
        "instruction": "\n### 🚧 Aufgabe: Verkehrszeichen **DE:240** überprüfen und Radinfra hinzufügen\n\nBitte schaue dir den Bereich rund um dieses erkannte Verkehrszeichen an. Vermutlich fehlt hier eine Radinfrastruktur, die du hinzufügen kannst. Die nächste OSM-Radinfra ist **mehr als 30 m** entfernt.\n\n---\n\n### 🖼️ Bild & Karte\n\n- 📷 [**Mapillary-Bild anzeigen**](https://www.mapillary.com/app/?pKey=904706375637004&focus=photo&trafficSign[]=regulatory--bicycles-only--g1&trafficSign[]=regulatory--shared-path-pedestrians-and-bicycles--g1&trafficSign[]=regulatory--dual-path-bicycles-and-pedestrians--g1&trafficSign[]=regulatory--dual-path-pedestrians-and-bicycles--g1&trafficSign[]=complementary--except-bicycles--g1&trafficSign[]=complementary--bike-route--g1&trafficSign[]=regulatory--pedestrians-only--g1)  \n(Das ist die neueste Aufnahme, auf der das Zeichen erkannt wurde: **15.08.2026**.)\n\n- 🗺️ [**In radinfra.de bzw. TILDA ansehen**](https://tilda-geo.de/regionen/radinfra?map=17.4/51.82677/6.696655&config=pdqyyt.7h3d.16g9vk&v=2&data=mapillary-cycleway-traffic-signs)  \n(Hinweis: Ist hilfreich um den aktuellen Stand der Radinfrastruktur vor Ort zu prüfen.)\n\n---\n\n### 📚 Nützliche Links\n\n- 🛑 [**Traffic Sign Tool** – DE:240](https://trafficsigns.osm-verkehrswende.org/DE?signs=DE:240)\n- 🚴 [**OSM-Wiki: Radverkehrsanlagen kartieren**](https://wiki.openstreetmap.org/wiki/DE:Bicycle/Radverkehrsanlagen_kartieren)\n- 📷 [**Chrome Browser plugin: Mapillary Traffic Sign & Image ID Copier**](https://chromewebstore.google.com/detail/mapillary-traffic-sign-im/eagencdgcmgechomeedlbkhfcihdjhdg)\n\n---\n\nViel Erfolg beim Prüfen und Mappen! 🗺️\n",
        "priority": 0,
        "name": "🟩 Task mit hoher Wahrscheinlichkeit valide"
      }
    },
    {
      "type": "Feature",
      "id": "470915862671156",
      "geometry": {
        "type": "Point",
        "coordinates": [
          6.706777811050415,
          51.56107458760911
        ]
      },
      "properties": {
        "image_id": "2980140505522068",
        "Verkehrzeichen": "240",
        "instruction": "\n### 🚧 Aufgabe: Verkehrszeichen **DE:240** überprüfen und Radinfra hinzufügen\n\nBitte schaue dir den Bereich rund um dieses erkannte Verkehrszeichen an. Vermutlich fehlt hier eine Radinfrastruktur, die du hinzufügen kannst. Die nächste OSM-Radinfra ist **mehr als 30 m** entfernt.\n\n---\n\n### 🖼️ Bild & Karte\n\n- 📷 [**Mapillary-Bild anzeigen**](https://www.mapillary.com/app/?pKey=2980140505522068&focus=photo&trafficSign[]=regulatory--bicycles-only--g1&trafficSign[]=regulatory--shared-path-pedestrians-and-bicycles--g1&trafficSign[]=regulatory--dual-path-bicycles-and-pedestrians--g1&trafficSign[]=regulatory--dual-path-pedestrians-and-bicycles--g1&trafficSign[]=complementary--except-bicycles--g1&trafficSign[]=complementary--bike-route--g1&trafficSign[]=regulatory--pedestrians-only--g1)  \n(Das ist die neueste Aufnahme, auf der das Zeichen erkannt wurde: **12.08.2026**.)\n\n- 🗺️ [**In radinfra.de bzw. TILDA ansehen**](https://tilda-geo.de/regionen/radinfra?map=17.4/51.561075/6.706778&config=pdqyyt.7h3d.16g9vk&v=2&data=mapillary-cycleway-traffic-signs)  \n(Hinweis: Ist hilfreich um den aktuellen Stand der Radinfrastruktur vor Ort zu prüfen.)\n\n---\n\n### 📚 Nützliche Links\n\n- 🛑 [**Traffic Sign Tool** – DE:240](https://trafficsigns.osm-verkehrswende.org/DE?signs=DE:240)\n- 🚴 [**OSM-Wiki: Radverkehrsanlagen kartieren**](https://wiki.openstreetmap.org/wiki/DE:Bicycle/Radverkehrsanlagen_kartieren)\n- 📷 [**Chrome Browser plugin: Mapillary Traffic Sign & Image ID Copier**](https://chromewebstore.google.com/detail/mapillary-traffic-sign-im/eagencdgcmgechomeedlbkhfcihdjhdg)\n\n---\n\nViel Erfolg beim Prüfen und Mappen! 🗺️\n",
        "priority": 0,
        "name": "🟩 Task mit hoher Wahrscheinlichkeit valide"
      }
    },
    {
      "type": "Feature",
      "id": "564497299363454",
      "geometry": {
        "type": "Point",
        "coordinates": [
          6.71339213848114,
          51.5507450692115
        ]
      },
      "properties": {
        "image_id": "2046004709455696",
        "Verkehrzeichen": "240",
        "instruction": "\n### 🚧 Aufgabe: Verkehrszeichen **DE:240** überprüfen und Radinfra hinzufügen\n\nBitte schaue dir den Bereich rund um dieses erkannte Verkehrszeichen an. Vermutlich fehlt hier eine Radinfrastruktur, die du hinzufügen kannst. Die nächste OSM-Radinfra ist **mehr als 30 m** entfernt.\n\n---\n\n### 🖼️ Bild & Karte\n\n- 📷 [**Mapillary-Bild anzeigen**](https://www.mapillary.com/app/?pKey=2046004709455696&focus=photo&trafficSign[]=regulatory--bicycles-only--g1&trafficSign[]=regulatory--shared-path-pedestrians-and-bicycles--g1&trafficSign[]=regulatory--dual-path-bicycles-and-pedestrians--g1&trafficSign[]=regulatory--dual-path-pedestrians-and-bicycles--g1&trafficSign[]=complementary--except-bicycles--g1&trafficSign[]=complementary--bike-route--g1&trafficSign[]=regulatory--pedestrians-only--g1)  \n(Das ist die neueste Aufnahme, auf der das Zeichen erkannt wurde: **12.08.2026**.)\n\n- 🗺️ [**In radinfra.de bzw. TILDA ansehen**](https://tilda-geo.de/regionen/radinfra?map=17.4/51.550745/6.713392&config=pdqyyt.7h3d.16g9vk&v=2&data=mapillary-cycleway-traffic-signs)  \n(Hinweis: Ist hilfreich um den aktuellen Stand der Radinfrastruktur vor Ort zu prüfen.)\n\n---\n\n### 📚 Nützliche Links\n\n- 🛑 [**Traffic Sign Tool** – DE:240](https://trafficsigns.osm-verkehrswende.org/DE?signs=DE:240)\n- 🚴 [**OSM-Wiki: Radverkehrsanlagen kartieren**](https://wiki.openstreetmap.org/wiki/DE:Bicycle/Radverkehrsanlagen_kartieren)\n- 📷 [**Chrome Browser plugin: Mapillary Traffic Sign & Image ID Copier**](https://chromewebstore.google.com/detail/mapillary-traffic-sign-im/eagencdgcmgechomeedlbkhfcihdjhdg)\n\n---\n\nViel Erfolg beim Prüfen und Mappen! 🗺️\n",
        "priority": 0,
        "name": "🟩 Task mit hoher Wahrscheinlichkeit valide"
      }
    },
    {
      "type": "Feature",
      "id": "140299691735405",
      "geometry": {
        "type": "Point",
        "coordinates": [
          6.716905832290649,
          51.53953570564914
        ]
      },
      "properties": {
        "image_id": "37592981500346251",
        "Verkehrzeichen": "237",
        "instruction": "\n### 🚧 Aufgabe: Verkehrszeichen **DE:237** überprüfen und Radinfra hinzufügen\n\nBitte schaue dir den Bereich rund um dieses erkannte Verkehrszeichen an. Vermutlich fehlt hier eine Radinfrastruktur, die du hinzufügen kannst. Die nächste OSM-Radinfra ist **mehr als 30 m** entfernt.\n\n---\n\n### 🖼️ Bild & Karte\n\n- 📷 [**Mapillary-Bild anzeigen**](https://www.mapillary.com/app/?pKey=37592981500346251&focus=photo&trafficSign[]=regulatory--bicycles-only--g1&trafficSign[]=regulatory--shared-path-pedestrians-and-bicycles--g1&trafficSign[]=regulatory--dual-path-bicycles-and-pedestrians--g1&trafficSign[]=regulatory--dual-path-pedestrians-and-bicycles--g1&trafficSign[]=complementary--except-bicycles--g1&trafficSign[]=complementary--bike-route--g1&trafficSign[]=regulatory--pedestrians-only--g1)  \n(Das ist die neueste Aufnahme, auf der das Zeichen erkannt wurde: **12.08.2026**.)\n\n- 🗺️ [**In radinfra.de bzw. TILDA ansehen**](https://tilda-geo.de/regionen/radinfra?map=17.4/51.539536/6.716906&config=pdqyyt.7h3d.16g9vk&v=2&data=mapillary-cycleway-traffic-signs)  \n(Hinweis: Ist hilfreich um den aktuellen Stand der Radinfrastruktur vor Ort zu prüfen.)\n\n---\n\n### 📚 Nützliche Links\n\n- 🛑 [**Traffic Sign Tool** – DE:237](https://trafficsigns.osm-verkehrswende.org/DE?signs=DE:237)\n- 🚴 [**OSM-Wiki: Radverkehrsanlagen kartieren**](https://wiki.openstreetmap.org/wiki/DE:Bicycle/Radverkehrsanlagen_kartieren)\n- 📷 [**Chrome Browser plugin: Mapillary Traffic Sign & Image ID Copier**](https://chromewebstore.google.com/detail/mapillary-traffic-sign-im/eagencdgcmgechomeedlbkhfcihdjhdg)\n\n---\n\nViel Erfolg beim Prüfen und Mappen! 🗺️\n",
        "priority": 0,
        "name": "🟩 Task mit hoher Wahrscheinlichkeit valide"
      }
    },
    {
      "type": "Feature",
      "id": "737917880518836",
      "geometry": {
        "type": "Point",
        "coordinates": [
          6.718263030052185,
          51.53806093503363
        ]
      },
      "properties": {
        "image_id": "28385335844403458",
        "Verkehrzeichen": "237",
        "instruction": "\n### 🚧 Aufgabe: Verkehrszeichen **DE:237** überprüfen und Radinfra hinzufügen\n\nBitte schaue dir den Bereich rund um dieses erkannte Verkehrszeichen an. Vermutlich fehlt hier eine Radinfrastruktur, die du hinzufügen kannst. Die nächste OSM-Radinfra ist **mehr als 30 m** entfernt.\n\n---\n\n### 🖼️ Bild & Karte\n\n- 📷 [**Mapillary-Bild anzeigen**](https://www.mapillary.com/app/?pKey=28385335844403458&focus=photo&trafficSign[]=regulatory--bicycles-only--g1&trafficSign[]=regulatory--shared-path-pedestrians-and-bicycles--g1&trafficSign[]=regulatory--dual-path-bicycles-and-pedestrians--g1&trafficSign[]=regulatory--dual-path-pedestrians-and-bicycles--g1&trafficSign[]=complementary--except-bicycles--g1&trafficSign[]=complementary--bike-route--g1&trafficSign[]=regulatory--pedestrians-only--g1)  \n(Das ist die neueste Aufnahme, auf der das Zeichen erkannt wurde: **12.08.2026**.)\n\n- 🗺️ [**In radinfra.de bzw. TILDA ansehen**](https://tilda-geo.de/regionen/radinfra?map=17.4/51.538061/6.718263&config=pdqyyt.7h3d.16g9vk&v=2&data=mapillary-cycleway-traffic-signs)  \n(Hinweis: Ist hilfreich um den aktuellen Stand der Radinfrastruktur vor Ort zu prüfen.)\n\n---\n\n### 📚 Nützliche Links\n\n- 🛑 [**Traffic Sign Tool** – DE:237](https://trafficsigns.osm-verkehrswende.org/DE?signs=DE:237)\n- 🚴 [**OSM-Wiki: Radverkehrsanlagen kartieren**](https://wiki.openstreetmap.org/wiki/DE:Bicycle/Radverkehrsanlagen_kartieren)\n- 📷 [**Chrome Browser plugin: Mapillary Traffic Sign & Image ID Copier**](https://chromewebstore.google.com/detail/mapillary-traffic-sign-im/eagencdgcmgechomeedlbkhfcihdjhdg)\n\n---\n\nViel Erfolg beim Prüfen und Mappen! 🗺️\n",
        "priority": 0,
        "name": "🟩 Task mit hoher Wahrscheinlichkeit valide"
      }
    },
    {
      "type": "Feature",
      "id": "737917867185504",
      "geometry": {
        "type": "Point",
        "coordinates": [
          6.7192018032073975,
          51.53651270812975
        ]
      },
      "properties": {
        "image_id": "1094304886273871",
        "Verkehrzeichen": "237",
        "instruction": "\n### 🚧 Aufgabe: Verkehrszeichen **DE:237** überprüfen und Radinfra hinzufügen\n\nBitte schaue dir den Bereich rund um dieses erkannte Verkehrszeichen an. Vermutlich fehlt hier eine Radinfrastruktur, die du hinzufügen kannst. Die nächste OSM-Radinfra ist **mehr als 30 m** entfernt.\n\n---\n\n### 🖼️ Bild & Karte\n\n- 📷 [**Mapillary-Bild anzeigen**](https://www.mapillary.com/app/?pKey=1094304886273871&focus=photo&trafficSign[]=regulatory--bicycles-only--g1&trafficSign[]=regulatory--shared-path-pedestrians-and-bicycles--g1&trafficSign[]=regulatory--dual-path-bicycles-and-pedestrians--g1&trafficSign[]=regulatory--dual-path-pedestrians-and-bicycles--g1&trafficSign[]=complementary--except-bicycles--g1&trafficSign[]=complementary--bike-route--g1&trafficSign[]=regulatory--pedestrians-only--g1)  \n(Das ist die neueste Aufnahme, auf der das Zeichen erkannt wurde: **12.08.2026**.)\n\n- 🗺️ [**In radinfra.de bzw. TILDA ansehen**](https://tilda-geo.de/regionen/radinfra?map=17.4/51.536513/6.719202&config=pdqyyt.7h3d.16g9vk&v=2&data=mapillary-cycleway-traffic-signs)  \n(Hinweis: Ist hilfreich um den aktuellen Stand der Radinfrastruktur vor Ort zu prüfen.)\n\n---\n\n### 📚 Nützliche Links\n\n- 🛑 [**Traffic Sign Tool** – DE:237](https://trafficsigns.osm-verkehrswende.org/DE?signs=DE:237)\n- 🚴 [**OSM-Wiki: Radverkehrsanlagen kartieren**](https://wiki.openstreetmap.org/wiki/DE:Bicycle/Radverkehrsanlagen_kartieren)\n- 📷 [**Chrome Browser plugin: Mapillary Traffic Sign & Image ID Copier**](https://chromewebstore.google.com/detail/mapillary-traffic-sign-im/eagencdgcmgechomeedlbkhfcihdjhdg)\n\n---\n\nViel Erfolg beim Prüfen und Mappen! 🗺️\n",
        "priority": 0,
        "name": "🟩 Task mit hoher Wahrscheinlichkeit valide"
      }
    },
    {
      "type": "Feature",
      "id": "631072891463962",
      "geometry": {
        "type": "Point",
        "coordinates": [
          6.71815037727356,
          51.537827369692934
        ]
      },
      "properties": {
        "image_id": "2074456160100416",
        "Verkehrzeichen": "237",
        "instruction": "\n### 🚧 Aufgabe: Verkehrszeichen **DE:237** überprüfen und Radinfra hinzufügen\n\nBitte schaue dir den Bereich rund um dieses erkannte Verkehrszeichen an. Vermutlich fehlt hier eine Radinfrastruktur, die du hinzufügen kannst. Die nächste OSM-Radinfra ist **mehr als 30 m** entfernt.\n\n---\n\n### 🖼️ Bild & Karte\n\n- 📷 [**Mapillary-Bild anzeigen**](https://www.mapillary.com/app/?pKey=2074456160100416&focus=photo&trafficSign[]=regulatory--bicycles-only--g1&trafficSign[]=regulatory--shared-path-pedestrians-and-bicycles--g1&trafficSign[]=regulatory--dual-path-bicycles-and-pedestrians--g1&trafficSign[]=regulatory--dual-path-pedestrians-and-bicycles--g1&trafficSign[]=complementary--except-bicycles--g1&trafficSign[]=complementary--bike-route--g1&trafficSign[]=regulatory--pedestrians-only--g1)  \n(Das ist die neueste Aufnahme, auf der das Zeichen erkannt wurde: **12.08.2026**.)\n\n- 🗺️ [**In radinfra.de bzw. TILDA ansehen**](https://tilda-geo.de/regionen/radinfra?map=17.4/51.537827/6.71815&config=pdqyyt.7h3d.16g9vk&v=2&data=mapillary-cycleway-traffic-signs)  \n(Hinweis: Ist hilfreich um den aktuellen Stand der Radinfrastruktur vor Ort zu prüfen.)\n\n---\n\n### 📚 Nützliche Links\n\n- 🛑 [**Traffic Sign Tool** – DE:237](https://trafficsigns.osm-verkehrswende.org/DE?signs=DE:237)\n- 🚴 [**OSM-Wiki: Radverkehrsanlagen kartieren**](https://wiki.openstreetmap.org/wiki/DE:Bicycle/Radverkehrsanlagen_kartieren)\n- 📷 [**Chrome Browser plugin: Mapillary Traffic Sign & Image ID Copier**](https://chromewebstore.google.com/detail/mapillary-traffic-sign-im/eagencdgcmgechomeedlbkhfcihdjhdg)\n\n---\n\nViel Erfolg beim Prüfen und Mappen! 🗺️\n",
        "priority": 0,
        "name": "🟩 Task mit hoher Wahrscheinlichkeit valide"
      }
    },
    {
      "type": "Feature",
      "id": "469591684519686",
      "geometry": {
        "type": "Point",
        "coordinates": [
          6.716825366020203,
          51.53936887879121
        ]
      },
      "properties": {
        "image_id": "2515545372281741",
        "Verkehrzeichen": "237",
        "instruction": "\n### 🚧 Aufgabe: Verkehrszeichen **DE:237** überprüfen und Radinfra hinzufügen\n\nBitte schaue dir den Bereich rund um dieses erkannte Verkehrszeichen an. Vermutlich fehlt hier eine Radinfrastruktur, die du hinzufügen kannst. Die nächste OSM-Radinfra ist **mehr als 30 m** entfernt.\n\n---\n\n### 🖼️ Bild & Karte\n\n- 📷 [**Mapillary-Bild anzeigen**](https://www.mapillary.com/app/?pKey=2515545372281741&focus=photo&trafficSign[]=regulatory--bicycles-only--g1&trafficSign[]=regulatory--shared-path-pedestrians-and-bicycles--g1&trafficSign[]=regulatory--dual-path-bicycles-and-pedestrians--g1&trafficSign[]=regulatory--dual-path-pedestrians-and-bicycles--g1&trafficSign[]=complementary--except-bicycles--g1&trafficSign[]=complementary--bike-route--g1&trafficSign[]=regulatory--pedestrians-only--g1)  \n(Das ist die neueste Aufnahme, auf der das Zeichen erkannt wurde: **12.08.2026**.)\n\n- 🗺️ [**In radinfra.de bzw. TILDA ansehen**](https://tilda-geo.de/regionen/radinfra?map=17.4/51.539369/6.716825&config=pdqyyt.7h3d.16g9vk&v=2&data=mapillary-cycleway-traffic-signs)  \n(Hinweis: Ist hilfreich um den aktuellen Stand der Radinfrastruktur vor Ort zu prüfen.)\n\n---\n\n### 📚 Nützliche Links\n\n- 🛑 [**Traffic Sign Tool** – DE:237](https://trafficsigns.osm-verkehrswende.org/DE?signs=DE:237)\n- 🚴 [**OSM-Wiki: Radverkehrsanlagen kartieren**](https://wiki.openstreetmap.org/wiki/DE:Bicycle/Radverkehrsanlagen_kartieren)\n- 📷 [**Chrome Browser plugin: Mapillary Traffic Sign & Image ID Copier**](https://chromewebstore.google.com/detail/mapillary-traffic-sign-im/eagencdgcmgechomeedlbkhfcihdjhdg)\n\n---\n\nViel Erfolg beim Prüfen und Mappen! 🗺️\n",
        "priority": 0,
        "name": "🟩 Task mit hoher Wahrscheinlichkeit valide"
      }
    },
    {
      "type": "Feature",
      "id": "514213616656679",
      "geometry": {
        "type": "Point",
        "coordinates": [
          6.729233264923096,
          51.47906432703459
        ]
      },
      "properties": {
        "image_id": "1265472045553464",
        "Verkehrzeichen": "241",
        "instruction": "\n### 🚧 Aufgabe: Verkehrszeichen **DE:241** überprüfen und Radinfra hinzufügen\n\nBitte schaue dir den Bereich rund um dieses erkannte Verkehrszeichen an. Vermutlich fehlt hier eine Radinfrastruktur, die du hinzufügen kannst. Die nächste OSM-Radinfra ist **mehr als 30 m** entfernt.\n\n---\n\n### 🖼️ Bild & Karte\n\n- 📷 [**Mapillary-Bild anzeigen**](https://www.mapillary.com/app/?pKey=1265472045553464&focus=photo&trafficSign[]=regulatory--bicycles-only--g1&trafficSign[]=regulatory--shared-path-pedestrians-and-bicycles--g1&trafficSign[]=regulatory--dual-path-bicycles-and-pedestrians--g1&trafficSign[]=regulatory--dual-path-pedestrians-and-bicycles--g1&trafficSign[]=complementary--except-bicycles--g1&trafficSign[]=complementary--bike-route--g1&trafficSign[]=regulatory--pedestrians-only--g1)  \n(Das ist die neueste Aufnahme, auf der das Zeichen erkannt wurde: **03.03.2026**.)\n\n- 🗺️ [**In radinfra.de bzw. TILDA ansehen**](https://tilda-geo.de/regionen/radinfra?map=17.4/51.479064/6.729233&config=pdqyyt.7h3d.16g9vk&v=2&data=mapillary-cycleway-traffic-signs)  \n(Hinweis: Ist hilfreich um den aktuellen Stand der Radinfrastruktur vor Ort zu prüfen.)\n\n---\n\n### 📚 Nützliche Links\n\n- 🛑 [**Traffic Sign Tool** – DE:241](https://trafficsigns.osm-verkehrswende.org/DE?signs=DE:241)\n- 🚴 [**OSM-Wiki: Radverkehrsanlagen kartieren**](https://wiki.openstreetmap.org/wiki/DE:Bicycle/Radverkehrsanlagen_kartieren)\n- 📷 [**Chrome Browser plugin: Mapillary Traffic Sign & Image ID Copier**](https://chromewebstore.google.com/detail/mapillary-traffic-sign-im/eagencdgcmgechomeedlbkhfcihdjhdg)\n\n---\n\nViel Erfolg beim Prüfen und Mappen! 🗺️\n",
        "priority": 0,
        "name": "🟩 Task mit hoher Wahrscheinlichkeit valide"
      }
    },
    {
      "type": "Feature",
      "id": "513414023403305",
      "geometry": {
        "type": "Point",
        "coordinates": [
          6.7291259765625,
          51.47876363941498
        ]
      },
      "properties": {
        "image_id": "936697322087115",
        "Verkehrzeichen": "240",
        "instruction": "\n### 🚧 Aufgabe: Verkehrszeichen **DE:240** überprüfen und Radinfra hinzufügen\n\nBitte schaue dir den Bereich rund um dieses erkannte Verkehrszeichen an. Vermutlich fehlt hier eine Radinfrastruktur, die du hinzufügen kannst. Die nächste OSM-Radinfra ist **mehr als 30 m** entfernt.\n\n---\n\n### 🖼️ Bild & Karte\n\n- 📷 [**Mapillary-Bild anzeigen**](https://www.mapillary.com/app/?pKey=936697322087115&focus=photo&trafficSign[]=regulatory--bicycles-only--g1&trafficSign[]=regulatory--shared-path-pedestrians-and-bicycles--g1&trafficSign[]=regulatory--dual-path-bicycles-and-pedestrians--g1&trafficSign[]=regulatory--dual-path-pedestrians-and-bicycles--g1&trafficSign[]=complementary--except-bicycles--g1&trafficSign[]=complementary--bike-route--g1&trafficSign[]=regulatory--pedestrians-only--g1)  \n(Das ist die neueste Aufnahme, auf der das Zeichen erkannt wurde: **03.03.2026**.)\n\n- 🗺️ [**In radinfra.de bzw. TILDA ansehen**](https://tilda-geo.de/regionen/radinfra?map=17.4/51.478764/6.729126&config=pdqyyt.7h3d.16g9vk&v=2&data=mapillary-cycleway-traffic-signs)  \n(Hinweis: Ist hilfreich um den aktuellen Stand der Radinfrastruktur vor Ort zu prüfen.)\n\n---\n\n### 📚 Nützliche Links\n\n- 🛑 [**Traffic Sign Tool** – DE:240](https://trafficsigns.osm-verkehrswende.org/DE?signs=DE:240)\n- 🚴 [**OSM-Wiki: Radverkehrsanlagen kartieren**](https://wiki.openstreetmap.org/wiki/DE:Bicycle/Radverkehrsanlagen_kartieren)\n- 📷 [**Chrome Browser plugin: Mapillary Traffic Sign & Image ID Copier**](https://chromewebstore.google.com/detail/mapillary-traffic-sign-im/eagencdgcmgechomeedlbkhfcihdjhdg)\n\n---\n\nViel Erfolg beim Prüfen und Mappen! 🗺️\n",
        "priority": 0,
        "name": "🟩 Task mit hoher Wahrscheinlichkeit valide"
      }
    },
    {
      "type": "Feature",
      "id": "149284447548309",
      "geometry": {
        "type": "Point",
        "coordinates": [
          6.75209641456604,
          51.54305227349863
        ]
      },
      "properties": {
        "image_id": "1754938362548155",
        "Verkehrzeichen": "240",
        "instruction": "\n### 🚧 Aufgabe: Verkehrszeichen **DE:240** überprüfen und Radinfra hinzufügen\n\nBitte schaue dir den Bereich rund um dieses erkannte Verkehrszeichen an. Vermutlich fehlt hier eine Radinfrastruktur, die du hinzufügen kannst. Die nächste OSM-Radinfra ist **mehr als 30 m** entfernt.\n\n---\n\n### 🖼️ Bild & Karte\n\n- 📷 [**Mapillary-Bild anzeigen**](https://www.mapillary.com/app/?pKey=1754938362548155&focus=photo&trafficSign[]=regulatory--bicycles-only--g1&trafficSign[]=regulatory--shared-path-pedestrians-and-bicycles--g1&trafficSign[]=regulatory--dual-path-bicycles-and-pedestrians--g1&trafficSign[]=regulatory--dual-path-pedestrians-and-bicycles--g1&trafficSign[]=complementary--except-bicycles--g1&trafficSign[]=complementary--bike-route--g1&trafficSign[]=regulatory--pedestrians-only--g1)  \n(Das ist die neueste Aufnahme, auf der das Zeichen erkannt wurde: **02.05.2026**.)\n\n- 🗺️ [**In radinfra.de bzw. TILDA ansehen**](https://tilda-geo.de/regionen/radinfra?map=17.4/51.543052/6.752096&config=pdqyyt.7h3d.16g9vk&v=2&data=mapillary-cycleway-traffic-signs)  \n(Hinweis: Ist hilfreich um den aktuellen Stand der Radinfrastruktur vor Ort zu prüfen.)\n\n---\n\n### 📚 Nützliche Links\n\n- 🛑 [**Traffic Sign Tool** – DE:240](https://trafficsigns.osm-verkehrswende.org/DE?signs=DE:240)\n- 🚴 [**OSM-Wiki: Radverkehrsanlagen kartieren**](https://wiki.openstreetmap.org/wiki/DE:Bicycle/Radverkehrsanlagen_kartieren)\n- 📷 [**Chrome Browser plugin: Mapillary Traffic Sign & Image ID Copier**](https://chromewebstore.google.com/detail/mapillary-traffic-sign-im/eagencdgcmgechomeedlbkhfcihdjhdg)\n\n---\n\nViel Erfolg beim Prüfen und Mappen! 🗺️\n",
        "priority": 0,
        "name": "🟩 Task mit hoher Wahrscheinlichkeit valide"
      }
    },
    {
      "type": "Feature",
      "id": "1406318383143559",
      "geometry": {
        "type": "Point",
        "coordinates": [
          6.75209105014801,
          51.54310231756949
        ]
      },
      "properties": {
        "image_id": "892854803768348",
        "Verkehrzeichen": "240",
        "instruction": "\n### 🚧 Aufgabe: Verkehrszeichen **DE:240** überprüfen und Radinfra hinzufügen\n\nBitte schaue dir den Bereich rund um dieses erkannte Verkehrszeichen an. Vermutlich fehlt hier eine Radinfrastruktur, die du hinzufügen kannst. Die nächste OSM-Radinfra ist **mehr als 30 m** entfernt.\n\n---\n\n### 🖼️ Bild & Karte\n\n- 📷 [**Mapillary-Bild anzeigen**](https://www.mapillary.com/app/?pKey=892854803768348&focus=photo&trafficSign[]=regulatory--bicycles-only--g1&trafficSign[]=regulatory--shared-path-pedestrians-and-bicycles--g1&trafficSign[]=regulatory--dual-path-bicycles-and-pedestrians--g1&trafficSign[]=regulatory--dual-path-pedestrians-and-bicycles--g1&trafficSign[]=complementary--except-bicycles--g1&trafficSign[]=complementary--bike-route--g1&trafficSign[]=regulatory--pedestrians-only--g1)  \n(Das ist die neueste Aufnahme, auf der das Zeichen erkannt wurde: **02.05.2026**.)\n\n- 🗺️ [**In radinfra.de bzw. TILDA ansehen**](https://tilda-geo.de/regionen/radinfra?map=17.4/51.543102/6.752091&config=pdqyyt.7h3d.16g9vk&v=2&data=mapillary-cycleway-traffic-signs)  \n(Hinweis: Ist hilfreich um den aktuellen Stand der Radinfrastruktur vor Ort zu prüfen.)\n\n---\n\n### 📚 Nützliche Links\n\n- 🛑 [**Traffic Sign Tool** – DE:240](https://trafficsigns.osm-verkehrswende.org/DE?signs=DE:240)\n- 🚴 [**OSM-Wiki: Radverkehrsanlagen kartieren**](https://wiki.openstreetmap.org/wiki/DE:Bicycle/Radverkehrsanlagen_kartieren)\n- 📷 [**Chrome Browser plugin: Mapillary Traffic Sign & Image ID Copier**](https://chromewebstore.google.com/detail/mapillary-traffic-sign-im/eagencdgcmgechomeedlbkhfcihdjhdg)\n\n---\n\nViel Erfolg beim Prüfen und Mappen! 🗺️\n",
        "priority": 0,
        "name": "🟩 Task mit hoher Wahrscheinlichkeit valide"
      }
    },
    {
      "type": "Feature",
      "id": "1027450025563604",
      "geometry": {
        "type": "Point",
        "coordinates": [
          6.772545576095581,
          51.48841472254199
        ]
      },
      "properties": {
        "image_id": "1653661216070941",
        "Verkehrzeichen": "237",
        "instruction": "\n### 🚧 Aufgabe: Verkehrszeichen **DE:237** überprüfen und Radinfra hinzufügen\n\nBitte schaue dir den Bereich rund um dieses erkannte Verkehrszeichen an. Vermutlich fehlt hier eine Radinfrastruktur, die du hinzufügen kannst. Die nächste OSM-Radinfra ist **mehr als 30 m** entfernt.\n\n---\n\n### 🖼️ Bild & Karte\n\n- 📷 [**Mapillary-Bild anzeigen**](https://www.mapillary.com/app/?pKey=1653661216070941&focus=photo&trafficSign[]=regulatory--bicycles-only--g1&trafficSign[]=regulatory--shared-path-pedestrians-and-bicycles--g1&trafficSign[]=regulatory--dual-path-bicycles-and-pedestrians--g1&trafficSign[]=regulatory--dual-path-pedestrians-and-bicycles--g1&trafficSign[]=complementary--except-bicycles--g1&trafficSign[]=complementary--bike-route--g1&trafficSign[]=regulatory--pedestrians-only--g1)  \n(Das ist die neueste Aufnahme, auf der das Zeichen erkannt wurde: **18.02.2026**.)\n\n- 🗺️ [**In radinfra.de bzw. TILDA ansehen**](https://tilda-geo.de/regionen/radinfra?map=17.4/51.488415/6.772546&config=pdqyyt.7h3d.16g9vk&v=2&data=mapillary-cycleway-traffic-signs)  \n(Hinweis: Ist hilfreich um den aktuellen Stand der Radinfrastruktur vor Ort zu prüfen.)\n\n---\n\n### 📚 Nützliche Links\n\n- 🛑 [**Traffic Sign Tool** – DE:237](https://trafficsigns.osm-verkehrswende.org/DE?signs=DE:237)\n- 🚴 [**OSM-Wiki: Radverkehrsanlagen kartieren**](https://wiki.openstreetmap.org/wiki/DE:Bicycle/Radverkehrsanlagen_kartieren)\n- 📷 [**Chrome Browser plugin: Mapillary Traffic Sign & Image ID Copier**](https://chromewebstore.google.com/detail/mapillary-traffic-sign-im/eagencdgcmgechomeedlbkhfcihdjhdg)\n\n---\n\nViel Erfolg beim Prüfen und Mappen! 🗺️\n",
        "priority": 0,
        "name": "🟩 Task mit hoher Wahrscheinlichkeit valide"
      }
    },
    {
      "type": "Feature",
      "id": "1317081652273758",
      "geometry": {
        "type": "Point",
        "coordinates": [
          6.774938106536865,
          51.462961386769734
        ]
      },
      "properties": {
        "image_id": "330634632894763",
        "Verkehrzeichen": "237",
        "instruction": "\n### 🚧 Aufgabe: Verkehrszeichen **DE:237** überprüfen und Radinfra hinzufügen\n\nBitte schaue dir den Bereich rund um dieses erkannte Verkehrszeichen an. Vermutlich fehlt hier eine Radinfrastruktur, die du hinzufügen kannst. Die nächste OSM-Radinfra ist **mehr als 30 m** entfernt.\n\n---\n\n### 🖼️ Bild & Karte\n\n- 📷 [**Mapillary-Bild anzeigen**](https://www.mapillary.com/app/?pKey=330634632894763&focus=photo&trafficSign[]=regulatory--bicycles-only--g1&trafficSign[]=regulatory--shared-path-pedestrians-and-bicycles--g1&trafficSign[]=regulatory--dual-path-bicycles-and-pedestrians--g1&trafficSign[]=regulatory--dual-path-pedestrians-and-bicycles--g1&trafficSign[]=complementary--except-bicycles--g1&trafficSign[]=complementary--bike-route--g1&trafficSign[]=regulatory--pedestrians-only--g1)  \n(Das ist die neueste Aufnahme, auf der das Zeichen erkannt wurde: **12.01.2016**.)\n\n- 🗺️ [**In radinfra.de bzw. TILDA ansehen**](https://tilda-geo.de/regionen/radinfra?map=17.4/51.462961/6.774938&config=pdqyyt.7h3d.16g9vk&v=2&data=mapillary-cycleway-traffic-signs)  \n(Hinweis: Ist hilfreich um den aktuellen Stand der Radinfrastruktur vor Ort zu prüfen.)\n\n---\n\n### 📚 Nützliche Links\n\n- 🛑 [**Traffic Sign Tool** – DE:237](https://trafficsigns.osm-verkehrswende.org/DE?signs=DE:237)\n- 🚴 [**OSM-Wiki: Radverkehrsanlagen kartieren**](https://wiki.openstreetmap.org/wiki/DE:Bicycle/Radverkehrsanlagen_kartieren)\n- 📷 [**Chrome Browser plugin: Mapillary Traffic Sign & Image ID Copier**](https://chromewebstore.google.com/detail/mapillary-traffic-sign-im/eagencdgcmgechomeedlbkhfcihdjhdg)\n\n---\n\nViel Erfolg beim Prüfen und Mappen! 🗺️\n",
        "priority": 0,
        "name": "🟩 Task mit hoher Wahrscheinlichkeit valide"
      }
    },
    {
      "type": "Feature",
      "id": "1651518035761374",
      "geometry": {
        "type": "Point",
        "coordinates": [
          6.863633394241333,
          51.851016244839116
        ]
      },
      "properties": {
        "image_id": "1059526870272484",
        "Verkehrzeichen": "241",
        "instruction": "\n### 🚧 Aufgabe: Verkehrszeichen **DE:241** überprüfen und Radinfra hinzufügen\n\nBitte schaue dir den Bereich rund um dieses erkannte Verkehrszeichen an. Vermutlich fehlt hier eine Radinfrastruktur, die du hinzufügen kannst. Die nächste OSM-Radinfra ist **mehr als 30 m** entfernt.\n\n---\n\n### 🖼️ Bild & Karte\n\n- 📷 [**Mapillary-Bild anzeigen**](https://www.mapillary.com/app/?pKey=1059526870272484&focus=photo&trafficSign[]=regulatory--bicycles-only--g1&trafficSign[]=regulatory--shared-path-pedestrians-and-bicycles--g1&trafficSign[]=regulatory--dual-path-bicycles-and-pedestrians--g1&trafficSign[]=regulatory--dual-path-pedestrians-and-bicycles--g1&trafficSign[]=complementary--except-bicycles--g1&trafficSign[]=complementary--bike-route--g1&trafficSign[]=regulatory--pedestrians-only--g1)  \n(Das ist die neueste Aufnahme, auf der das Zeichen erkannt wurde: **15.08.2026**.)\n\n- 🗺️ [**In radinfra.de bzw. TILDA ansehen**](https://tilda-geo.de/regionen/radinfra?map=17.4/51.851016/6.863633&config=pdqyyt.7h3d.16g9vk&v=2&data=mapillary-cycleway-traffic-signs)  \n(Hinweis: Ist hilfreich um den aktuellen Stand der Radinfrastruktur vor Ort zu prüfen.)\n\n---\n\n### 📚 Nützliche Links\n\n- 🛑 [**Traffic Sign Tool** – DE:241](https://trafficsigns.osm-verkehrswende.org/DE?signs=DE:241)\n- 🚴 [**OSM-Wiki: Radverkehrsanlagen kartieren**](https://wiki.openstreetmap.org/wiki/DE:Bicycle/Radverkehrsanlagen_kartieren)\n- 📷 [**Chrome Browser plugin: Mapillary Traffic Sign & Image ID Copier**](https://chromewebstore.google.com/detail/mapillary-traffic-sign-im/eagencdgcmgechomeedlbkhfcihdjhdg)\n\n---\n\nViel Erfolg beim Prüfen und Mappen! 🗺️\n",
        "priority": 0,
        "name": "🟩 Task mit hoher Wahrscheinlichkeit valide"
      }
    },
    {
      "type": "Feature",
      "id": "570103552692186",
      "geometry": {
        "type": "Point",
        "coordinates": [
          6.86371922492981,
          51.85062854656411
        ]
      },
      "properties": {
        "image_id": "1666952598323969",
        "Verkehrzeichen": "241",
        "instruction": "\n### 🚧 Aufgabe: Verkehrszeichen **DE:241** überprüfen und Radinfra hinzufügen\n\nBitte schaue dir den Bereich rund um dieses erkannte Verkehrszeichen an. Vermutlich fehlt hier eine Radinfrastruktur, die du hinzufügen kannst. Die nächste OSM-Radinfra ist **mehr als 30 m** entfernt.\n\n---\n\n### 🖼️ Bild & Karte\n\n- 📷 [**Mapillary-Bild anzeigen**](https://www.mapillary.com/app/?pKey=1666952598323969&focus=photo&trafficSign[]=regulatory--bicycles-only--g1&trafficSign[]=regulatory--shared-path-pedestrians-and-bicycles--g1&trafficSign[]=regulatory--dual-path-bicycles-and-pedestrians--g1&trafficSign[]=regulatory--dual-path-pedestrians-and-bicycles--g1&trafficSign[]=complementary--except-bicycles--g1&trafficSign[]=complementary--bike-route--g1&trafficSign[]=regulatory--pedestrians-only--g1)  \n(Das ist die neueste Aufnahme, auf der das Zeichen erkannt wurde: **15.08.2026**.)\n\n- 🗺️ [**In radinfra.de bzw. TILDA ansehen**](https://tilda-geo.de/regionen/radinfra?map=17.4/51.850629/6.863719&config=pdqyyt.7h3d.16g9vk&v=2&data=mapillary-cycleway-traffic-signs)  \n(Hinweis: Ist hilfreich um den aktuellen Stand der Radinfrastruktur vor Ort zu prüfen.)\n\n---\n\n### 📚 Nützliche Links\n\n- 🛑 [**Traffic Sign Tool** – DE:241](https://trafficsigns.osm-verkehrswende.org/DE?signs=DE:241)\n- 🚴 [**OSM-Wiki: Radverkehrsanlagen kartieren**](https://wiki.openstreetmap.org/wiki/DE:Bicycle/Radverkehrsanlagen_kartieren)\n- 📷 [**Chrome Browser plugin: Mapillary Traffic Sign & Image ID Copier**](https://chromewebstore.google.com/detail/mapillary-traffic-sign-im/eagencdgcmgechomeedlbkhfcihdjhdg)\n\n---\n\nViel Erfolg beim Prüfen und Mappen! 🗺️\n",
        "priority": 0,
        "name": "🟩 Task mit hoher Wahrscheinlichkeit valide"
      }
    },
    {
      "type": "Feature",
      "id": "805624258327617",
      "geometry": {
        "type": "Point",
        "coordinates": [
          6.932727098464966,
          51.70201409139764
        ]
      },
      "properties": {
        "image_id": "1534601144792439",
        "Verkehrzeichen": "240",
        "instruction": "\n### 🚧 Aufgabe: Verkehrszeichen **DE:240** überprüfen und Radinfra hinzufügen\n\nBitte schaue dir den Bereich rund um dieses erkannte Verkehrszeichen an. Vermutlich fehlt hier eine Radinfrastruktur, die du hinzufügen kannst. Die nächste OSM-Radinfra ist **ca. 25 m** entfernt.\n\n---\n\n### 🖼️ Bild & Karte\n\n- 📷 [**Mapillary-Bild anzeigen**](https://www.mapillary.com/app/?pKey=1534601144792439&focus=photo&trafficSign[]=regulatory--bicycles-only--g1&trafficSign[]=regulatory--shared-path-pedestrians-and-bicycles--g1&trafficSign[]=regulatory--dual-path-bicycles-and-pedestrians--g1&trafficSign[]=regulatory--dual-path-pedestrians-and-bicycles--g1&trafficSign[]=complementary--except-bicycles--g1&trafficSign[]=complementary--bike-route--g1&trafficSign[]=regulatory--pedestrians-only--g1)  \n(Das ist die neueste Aufnahme, auf der das Zeichen erkannt wurde: **23.07.2026**.)\n\n- 🗺️ [**In radinfra.de bzw. TILDA ansehen**](https://tilda-geo.de/regionen/radinfra?map=17.4/51.702014/6.932727&config=pdqyyt.7h3d.16g9vk&v=2&data=mapillary-cycleway-traffic-signs)  \n(Hinweis: Ist hilfreich um den aktuellen Stand der Radinfrastruktur vor Ort zu prüfen.)\n\n---\n\n### 📚 Nützliche Links\n\n- 🛑 [**Traffic Sign Tool** – DE:240](https://trafficsigns.osm-verkehrswende.org/DE?signs=DE:240)\n- 🚴 [**OSM-Wiki: Radverkehrsanlagen kartieren**](https://wiki.openstreetmap.org/wiki/DE:Bicycle/Radverkehrsanlagen_kartieren)\n- 📷 [**Chrome Browser plugin: Mapillary Traffic Sign & Image ID Copier**](https://chromewebstore.google.com/detail/mapillary-traffic-sign-im/eagencdgcmgechomeedlbkhfcihdjhdg)\n\n---\n\nViel Erfolg beim Prüfen und Mappen! 🗺️\n",
        "priority": 1,
        "name": "🟨 Task mit mittlerer Wahrscheinlichkeit valide"
      }
    },
    {
      "type": "Feature",
      "id": "1259780065132170",
      "geometry": {
        "type": "Point",
        "coordinates": [
          6.947211027145386,
          51.82100449121384
        ]
      },
      "properties": {
        "image_id": "3211569069030394",
        "Verkehrzeichen": "240",
        "instruction": "\n### 🚧 Aufgabe: Verkehrszeichen **DE:240** überprüfen und Radinfra hinzufügen\n\nBitte schaue dir den Bereich rund um dieses erkannte Verkehrszeichen an. Vermutlich fehlt hier eine Radinfrastruktur, die du hinzufügen kannst. Die nächste OSM-Radinfra ist **ca. 30 m** entfernt.\n\n---\n\n### 🖼️ Bild & Karte\n\n- 📷 [**Mapillary-Bild anzeigen**](https://www.mapillary.com/app/?pKey=3211569069030394&focus=photo&trafficSign[]=regulatory--bicycles-only--g1&trafficSign[]=regulatory--shared-path-pedestrians-and-bicycles--g1&trafficSign[]=regulatory--dual-path-bicycles-and-pedestrians--g1&trafficSign[]=regulatory--dual-path-pedestrians-and-bicycles--g1&trafficSign[]=complementary--except-bicycles--g1&trafficSign[]=complementary--bike-route--g1&trafficSign[]=regulatory--pedestrians-only--g1)  \n(Das ist die neueste Aufnahme, auf der das Zeichen erkannt wurde: **15.08.2026**.)\n\n- 🗺️ [**In radinfra.de bzw. TILDA ansehen**](https://tilda-geo.de/regionen/radinfra?map=17.4/51.821004/6.947211&config=pdqyyt.7h3d.16g9vk&v=2&data=mapillary-cycleway-traffic-signs)  \n(Hinweis: Ist hilfreich um den aktuellen Stand der Radinfrastruktur vor Ort zu prüfen.)\n\n---\n\n### 📚 Nützliche Links\n\n- 🛑 [**Traffic Sign Tool** – DE:240](https://trafficsigns.osm-verkehrswende.org/DE?signs=DE:240)\n- 🚴 [**OSM-Wiki: Radverkehrsanlagen kartieren**](https://wiki.openstreetmap.org/wiki/DE:Bicycle/Radverkehrsanlagen_kartieren)\n- 📷 [**Chrome Browser plugin: Mapillary Traffic Sign & Image ID Copier**](https://chromewebstore.google.com/detail/mapillary-traffic-sign-im/eagencdgcmgechomeedlbkhfcihdjhdg)\n\n---\n\nViel Erfolg beim Prüfen und Mappen! 🗺️\n",
        "priority": 1,
        "name": "🟨 Task mit mittlerer Wahrscheinlichkeit valide"
      }
    },
    {
      "type": "Feature",
      "id": "158887253256544",
      "geometry": {
        "type": "Point",
        "coordinates": [
          7.006230354309082,
          52.08481682694742
        ]
      },
      "properties": {
        "image_id": "748834497713965",
        "Verkehrzeichen": "241",
        "instruction": "\n### 🚧 Aufgabe: Verkehrszeichen **DE:241** überprüfen und Radinfra hinzufügen\n\nBitte schaue dir den Bereich rund um dieses erkannte Verkehrszeichen an. Vermutlich fehlt hier eine Radinfrastruktur, die du hinzufügen kannst. Die nächste OSM-Radinfra ist **mehr als 30 m** entfernt.\n\n---\n\n### 🖼️ Bild & Karte\n\n- 📷 [**Mapillary-Bild anzeigen**](https://www.mapillary.com/app/?pKey=748834497713965&focus=photo&trafficSign[]=regulatory--bicycles-only--g1&trafficSign[]=regulatory--shared-path-pedestrians-and-bicycles--g1&trafficSign[]=regulatory--dual-path-bicycles-and-pedestrians--g1&trafficSign[]=regulatory--dual-path-pedestrians-and-bicycles--g1&trafficSign[]=complementary--except-bicycles--g1&trafficSign[]=complementary--bike-route--g1&trafficSign[]=regulatory--pedestrians-only--g1)  \n(Das ist die neueste Aufnahme, auf der das Zeichen erkannt wurde: **18.12.2025**.)\n\n- 🗺️ [**In radinfra.de bzw. TILDA ansehen**](https://tilda-geo.de/regionen/radinfra?map=17.4/52.084817/7.00623&config=pdqyyt.7h3d.16g9vk&v=2&data=mapillary-cycleway-traffic-signs)  \n(Hinweis: Ist hilfreich um den aktuellen Stand der Radinfrastruktur vor Ort zu prüfen.)\n\n---\n\n### 📚 Nützliche Links\n\n- 🛑 [**Traffic Sign Tool** – DE:241](https://trafficsigns.osm-verkehrswende.org/DE?signs=DE:241)\n- 🚴 [**OSM-Wiki: Radverkehrsanlagen kartieren**](https://wiki.openstreetmap.org/wiki/DE:Bicycle/Radverkehrsanlagen_kartieren)\n- 📷 [**Chrome Browser plugin: Mapillary Traffic Sign & Image ID Copier**](https://chromewebstore.google.com/detail/mapillary-traffic-sign-im/eagencdgcmgechomeedlbkhfcihdjhdg)\n\n---\n\nViel Erfolg beim Prüfen und Mappen! 🗺️\n",
        "priority": 0,
        "name": "🟩 Task mit hoher Wahrscheinlichkeit valide"
      }
    },
    {
      "type": "Feature",
      "id": "960883061389346",
      "geometry": {
        "type": "Point",
        "coordinates": [
          6.988286375999451,
          51.25717138624228
        ]
      },
      "properties": {
        "image_id": "1570977998072244",
        "Verkehrzeichen": "237",
        "instruction": "\n### 🚧 Aufgabe: Verkehrszeichen **DE:237** überprüfen und Radinfra hinzufügen\n\nBitte schaue dir den Bereich rund um dieses erkannte Verkehrszeichen an. Vermutlich fehlt hier eine Radinfrastruktur, die du hinzufügen kannst. Die nächste OSM-Radinfra ist **mehr als 30 m** entfernt.\n\n---\n\n### 🖼️ Bild & Karte\n\n- 📷 [**Mapillary-Bild anzeigen**](https://www.mapillary.com/app/?pKey=1570977998072244&focus=photo&trafficSign[]=regulatory--bicycles-only--g1&trafficSign[]=regulatory--shared-path-pedestrians-and-bicycles--g1&trafficSign[]=regulatory--dual-path-bicycles-and-pedestrians--g1&trafficSign[]=regulatory--dual-path-pedestrians-and-bicycles--g1&trafficSign[]=complementary--except-bicycles--g1&trafficSign[]=complementary--bike-route--g1&trafficSign[]=regulatory--pedestrians-only--g1)  \n(Das ist die neueste Aufnahme, auf der das Zeichen erkannt wurde: **06.07.2026**.)\n\n- 🗺️ [**In radinfra.de bzw. TILDA ansehen**](https://tilda-geo.de/regionen/radinfra?map=17.4/51.257171/6.988286&config=pdqyyt.7h3d.16g9vk&v=2&data=mapillary-cycleway-traffic-signs)  \n(Hinweis: Ist hilfreich um den aktuellen Stand der Radinfrastruktur vor Ort zu prüfen.)\n\n---\n\n### 📚 Nützliche Links\n\n- 🛑 [**Traffic Sign Tool** – DE:237](https://trafficsigns.osm-verkehrswende.org/DE?signs=DE:237)\n- 🚴 [**OSM-Wiki: Radverkehrsanlagen kartieren**](https://wiki.openstreetmap.org/wiki/DE:Bicycle/Radverkehrsanlagen_kartieren)\n- 📷 [**Chrome Browser plugin: Mapillary Traffic Sign & Image ID Copier**](https://chromewebstore.google.com/detail/mapillary-traffic-sign-im/eagencdgcmgechomeedlbkhfcihdjhdg)\n\n---\n\nViel Erfolg beim Prüfen und Mappen! 🗺️\n",
        "priority": 0,
        "name": "🟩 Task mit hoher Wahrscheinlichkeit valide"
      }
    },
    {
      "type": "Feature",
      "id": "1803615173408871",
      "geometry": {
        "type": "Point",
        "coordinates": [
          6.994696855545044,
          51.157781930895396
        ]
      },
      "properties": {
        "image_id": "923179317018717",
        "Verkehrzeichen": "237",
        "instruction": "\n### 🚧 Aufgabe: Verkehrszeichen **DE:237** überprüfen und Radinfra hinzufügen\n\nBitte schaue dir den Bereich rund um dieses erkannte Verkehrszeichen an. Vermutlich fehlt hier eine Radinfrastruktur, die du hinzufügen kannst. Die nächste OSM-Radinfra ist **mehr als 30 m** entfernt.\n\n---\n\n### 🖼️ Bild & Karte\n\n- 📷 [**Mapillary-Bild anzeigen**](https://www.mapillary.com/app/?pKey=923179317018717&focus=photo&trafficSign[]=regulatory--bicycles-only--g1&trafficSign[]=regulatory--shared-path-pedestrians-and-bicycles--g1&trafficSign[]=regulatory--dual-path-bicycles-and-pedestrians--g1&trafficSign[]=regulatory--dual-path-pedestrians-and-bicycles--g1&trafficSign[]=complementary--except-bicycles--g1&trafficSign[]=complementary--bike-route--g1&trafficSign[]=regulatory--pedestrians-only--g1)  \n(Das ist die neueste Aufnahme, auf der das Zeichen erkannt wurde: **30.08.2026**.)\n\n- 🗺️ [**In radinfra.de bzw. TILDA ansehen**](https://tilda-geo.de/regionen/radinfra?map=17.4/51.157782/6.994697&config=pdqyyt.7h3d.16g9vk&v=2&data=mapillary-cycleway-traffic-signs)  \n(Hinweis: Ist hilfreich um den aktuellen Stand der Radinfrastruktur vor Ort zu prüfen.)\n\n---\n\n### 📚 Nützliche Links\n\n- 🛑 [**Traffic Sign Tool** – DE:237](https://trafficsigns.osm-verkehrswende.org/DE?signs=DE:237)\n- 🚴 [**OSM-Wiki: Radverkehrsanlagen kartieren**](https://wiki.openstreetmap.org/wiki/DE:Bicycle/Radverkehrsanlagen_kartieren)\n- 📷 [**Chrome Browser plugin: Mapillary Traffic Sign & Image ID Copier**](https://chromewebstore.google.com/detail/mapillary-traffic-sign-im/eagencdgcmgechomeedlbkhfcihdjhdg)\n\n---\n\nViel Erfolg beim Prüfen und Mappen! 🗺️\n",
        "priority": 0,
        "name": "🟩 Task mit hoher Wahrscheinlichkeit valide"
      }
    },
    {
      "type": "Feature",
      "id": "164900368824490",
      "geometry": {
        "type": "Point",
        "coordinates": [
          6.988484859466553,
          50.82422040624573
        ]
      },
      "properties": {
        "image_id": "1352603006637614",
        "Verkehrzeichen": "240",
        "instruction": "\n### 🚧 Aufgabe: Verkehrszeichen **DE:240** überprüfen und Radinfra hinzufügen\n\nBitte schaue dir den Bereich rund um dieses erkannte Verkehrszeichen an. Vermutlich fehlt hier eine Radinfrastruktur, die du hinzufügen kannst. Die nächste OSM-Radinfra ist **mehr als 30 m** entfernt.\n\n---\n\n### 🖼️ Bild & Karte\n\n- 📷 [**Mapillary-Bild anzeigen**](https://www.mapillary.com/app/?pKey=1352603006637614&focus=photo&trafficSign[]=regulatory--bicycles-only--g1&trafficSign[]=regulatory--shared-path-pedestrians-and-bicycles--g1&trafficSign[]=regulatory--dual-path-bicycles-and-pedestrians--g1&trafficSign[]=regulatory--dual-path-pedestrians-and-bicycles--g1&trafficSign[]=complementary--except-bicycles--g1&trafficSign[]=complementary--bike-route--g1&trafficSign[]=regulatory--pedestrians-only--g1)  \n(Das ist die neueste Aufnahme, auf der das Zeichen erkannt wurde: **29.08.2026**.)\n\n- 🗺️ [**In radinfra.de bzw. TILDA ansehen**](https://tilda-geo.de/regionen/radinfra?map=17.4/50.82422/6.988485&config=pdqyyt.7h3d.16g9vk&v=2&data=mapillary-cycleway-traffic-signs)  \n(Hinweis: Ist hilfreich um den aktuellen Stand der Radinfrastruktur vor Ort zu prüfen.)\n\n---\n\n### 📚 Nützliche Links\n\n- 🛑 [**Traffic Sign Tool** – DE:240](https://trafficsigns.osm-verkehrswende.org/DE?signs=DE:240)\n- 🚴 [**OSM-Wiki: Radverkehrsanlagen kartieren**](https://wiki.openstreetmap.org/wiki/DE:Bicycle/Radverkehrsanlagen_kartieren)\n- 📷 [**Chrome Browser plugin: Mapillary Traffic Sign & Image ID Copier**](https://chromewebstore.google.com/detail/mapillary-traffic-sign-im/eagencdgcmgechomeedlbkhfcihdjhdg)\n\n---\n\nViel Erfolg beim Prüfen und Mappen! 🗺️\n",
        "priority": 0,
        "name": "🟩 Task mit hoher Wahrscheinlichkeit valide"
      }
    },
    {
      "type": "Feature",
      "id": "888691186683621",
      "geometry": {
        "type": "Point",
        "coordinates": [
          7.030284404754639,
          51.52937149729027
        ]
      },
      "properties": {
        "image_id": "1518900582950748",
        "Verkehrzeichen": "237",
        "instruction": "\n### 🚧 Aufgabe: Verkehrszeichen **DE:237** überprüfen und Radinfra hinzufügen\n\nBitte schaue dir den Bereich rund um dieses erkannte Verkehrszeichen an. Vermutlich fehlt hier eine Radinfrastruktur, die du hinzufügen kannst. Die nächste OSM-Radinfra ist **mehr als 30 m** entfernt.\n\n---\n\n### 🖼️ Bild & Karte\n\n- 📷 [**Mapillary-Bild anzeigen**](https://www.mapillary.com/app/?pKey=1518900582950748&focus=photo&trafficSign[]=regulatory--bicycles-only--g1&trafficSign[]=regulatory--shared-path-pedestrians-and-bicycles--g1&trafficSign[]=regulatory--dual-path-bicycles-and-pedestrians--g1&trafficSign[]=regulatory--dual-path-pedestrians-and-bicycles--g1&trafficSign[]=complementary--except-bicycles--g1&trafficSign[]=complementary--bike-route--g1&trafficSign[]=regulatory--pedestrians-only--g1)  \n(Das ist die neueste Aufnahme, auf der das Zeichen erkannt wurde: **21.05.2026**.)\n\n- 🗺️ [**In radinfra.de bzw. TILDA ansehen**](https://tilda-geo.de/regionen/radinfra?map=17.4/51.529371/7.030284&config=pdqyyt.7h3d.16g9vk&v=2&data=mapillary-cycleway-traffic-signs)  \n(Hinweis: Ist hilfreich um den aktuellen Stand der Radinfrastruktur vor Ort zu prüfen.)\n\n---\n\n### 📚 Nützliche Links\n\n- 🛑 [**Traffic Sign Tool** – DE:237](https://trafficsigns.osm-verkehrswende.org/DE?signs=DE:237)\n- 🚴 [**OSM-Wiki: Radverkehrsanlagen kartieren**](https://wiki.openstreetmap.org/wiki/DE:Bicycle/Radverkehrsanlagen_kartieren)\n- 📷 [**Chrome Browser plugin: Mapillary Traffic Sign & Image ID Copier**](https://chromewebstore.google.com/detail/mapillary-traffic-sign-im/eagencdgcmgechomeedlbkhfcihdjhdg)\n\n---\n\nViel Erfolg beim Prüfen und Mappen! 🗺️\n",
        "priority": 0,
        "name": "🟩 Task mit hoher Wahrscheinlichkeit valide"
      }
    },
    {
      "type": "Feature",
      "id": "714450046457854",
      "geometry": {
        "type": "Point",
        "coordinates": [
          7.021942734718323,
          51.45459189591244
        ]
      },
      "properties": {
        "image_id": "897002773202174",
        "Verkehrzeichen": "237",
        "instruction": "\n### 🚧 Aufgabe: Verkehrszeichen **DE:237** überprüfen und Radinfra hinzufügen\n\nBitte schaue dir den Bereich rund um dieses erkannte Verkehrszeichen an. Vermutlich fehlt hier eine Radinfrastruktur, die du hinzufügen kannst. Die nächste OSM-Radinfra ist **mehr als 30 m** entfernt.\n\n---\n\n### 🖼️ Bild & Karte\n\n- 📷 [**Mapillary-Bild anzeigen**](https://www.mapillary.com/app/?pKey=897002773202174&focus=photo&trafficSign[]=regulatory--bicycles-only--g1&trafficSign[]=regulatory--shared-path-pedestrians-and-bicycles--g1&trafficSign[]=regulatory--dual-path-bicycles-and-pedestrians--g1&trafficSign[]=regulatory--dual-path-pedestrians-and-bicycles--g1&trafficSign[]=complementary--except-bicycles--g1&trafficSign[]=complementary--bike-route--g1&trafficSign[]=regulatory--pedestrians-only--g1)  \n(Das ist die neueste Aufnahme, auf der das Zeichen erkannt wurde: **28.02.2026**.)\n\n- 🗺️ [**In radinfra.de bzw. TILDA ansehen**](https://tilda-geo.de/regionen/radinfra?map=17.4/51.454592/7.021943&config=pdqyyt.7h3d.16g9vk&v=2&data=mapillary-cycleway-traffic-signs)  \n(Hinweis: Ist hilfreich um den aktuellen Stand der Radinfrastruktur vor Ort zu prüfen.)\n\n---\n\n### 📚 Nützliche Links\n\n- 🛑 [**Traffic Sign Tool** – DE:237](https://trafficsigns.osm-verkehrswende.org/DE?signs=DE:237)\n- 🚴 [**OSM-Wiki: Radverkehrsanlagen kartieren**](https://wiki.openstreetmap.org/wiki/DE:Bicycle/Radverkehrsanlagen_kartieren)\n- 📷 [**Chrome Browser plugin: Mapillary Traffic Sign & Image ID Copier**](https://chromewebstore.google.com/detail/mapillary-traffic-sign-im/eagencdgcmgechomeedlbkhfcihdjhdg)\n\n---\n\nViel Erfolg beim Prüfen und Mappen! 🗺️\n",
        "priority": 0,
        "name": "🟩 Task mit hoher Wahrscheinlichkeit valide"
      }
    },
    {
      "type": "Feature",
      "id": "2866377307015882",
      "geometry": {
        "type": "Point",
        "coordinates": [
          7.051307559013367,
          51.57330554533593
        ]
      },
      "properties": {
        "image_id": "2311259293019038",
        "Verkehrzeichen": "241",
        "instruction": "\n### 🚧 Aufgabe: Verkehrszeichen **DE:241** überprüfen und Radinfra hinzufügen\n\nBitte schaue dir den Bereich rund um dieses erkannte Verkehrszeichen an. Vermutlich fehlt hier eine Radinfrastruktur, die du hinzufügen kannst. Die nächste OSM-Radinfra ist **mehr als 30 m** entfernt.\n\n---\n\n### 🖼️ Bild & Karte\n\n- 📷 [**Mapillary-Bild anzeigen**](https://www.mapillary.com/app/?pKey=2311259293019038&focus=photo&trafficSign[]=regulatory--bicycles-only--g1&trafficSign[]=regulatory--shared-path-pedestrians-and-bicycles--g1&trafficSign[]=regulatory--dual-path-bicycles-and-pedestrians--g1&trafficSign[]=regulatory--dual-path-pedestrians-and-bicycles--g1&trafficSign[]=complementary--except-bicycles--g1&trafficSign[]=complementary--bike-route--g1&trafficSign[]=regulatory--pedestrians-only--g1)  \n(Das ist die neueste Aufnahme, auf der das Zeichen erkannt wurde: **18.07.2026**.)\n\n- 🗺️ [**In radinfra.de bzw. TILDA ansehen**](https://tilda-geo.de/regionen/radinfra?map=17.4/51.573306/7.051308&config=pdqyyt.7h3d.16g9vk&v=2&data=mapillary-cycleway-traffic-signs)  \n(Hinweis: Ist hilfreich um den aktuellen Stand der Radinfrastruktur vor Ort zu prüfen.)\n\n---\n\n### 📚 Nützliche Links\n\n- 🛑 [**Traffic Sign Tool** – DE:241](https://trafficsigns.osm-verkehrswende.org/DE?signs=DE:241)\n- 🚴 [**OSM-Wiki: Radverkehrsanlagen kartieren**](https://wiki.openstreetmap.org/wiki/DE:Bicycle/Radverkehrsanlagen_kartieren)\n- 📷 [**Chrome Browser plugin: Mapillary Traffic Sign & Image ID Copier**](https://chromewebstore.google.com/detail/mapillary-traffic-sign-im/eagencdgcmgechomeedlbkhfcihdjhdg)\n\n---\n\nViel Erfolg beim Prüfen und Mappen! 🗺️\n",
        "priority": 0,
        "name": "🟩 Task mit hoher Wahrscheinlichkeit valide"
      }
    },
    {
      "type": "Feature",
      "id": "1990412025036324",
      "geometry": {
        "type": "Point",
        "coordinates": [
          7.119773626327515,
          51.72679556272297
        ]
      },
      "properties": {
        "image_id": "1193508189949498",
        "Verkehrzeichen": "240",
        "instruction": "\n### 🚧 Aufgabe: Verkehrszeichen **DE:240** überprüfen und Radinfra hinzufügen\n\nBitte schaue dir den Bereich rund um dieses erkannte Verkehrszeichen an. Vermutlich fehlt hier eine Radinfrastruktur, die du hinzufügen kannst. Die nächste OSM-Radinfra ist **mehr als 30 m** entfernt.\n\n---\n\n### 🖼️ Bild & Karte\n\n- 📷 [**Mapillary-Bild anzeigen**](https://www.mapillary.com/app/?pKey=1193508189949498&focus=photo&trafficSign[]=regulatory--bicycles-only--g1&trafficSign[]=regulatory--shared-path-pedestrians-and-bicycles--g1&trafficSign[]=regulatory--dual-path-bicycles-and-pedestrians--g1&trafficSign[]=regulatory--dual-path-pedestrians-and-bicycles--g1&trafficSign[]=complementary--except-bicycles--g1&trafficSign[]=complementary--bike-route--g1&trafficSign[]=regulatory--pedestrians-only--g1)  \n(Das ist die neueste Aufnahme, auf der das Zeichen erkannt wurde: **23.07.2026**.)\n\n- 🗺️ [**In radinfra.de bzw. TILDA ansehen**](https://tilda-geo.de/regionen/radinfra?map=17.4/51.726796/7.119774&config=pdqyyt.7h3d.16g9vk&v=2&data=mapillary-cycleway-traffic-signs)  \n(Hinweis: Ist hilfreich um den aktuellen Stand der Radinfrastruktur vor Ort zu prüfen.)\n\n---\n\n### 📚 Nützliche Links\n\n- 🛑 [**Traffic Sign Tool** – DE:240](https://trafficsigns.osm-verkehrswende.org/DE?signs=DE:240)\n- 🚴 [**OSM-Wiki: Radverkehrsanlagen kartieren**](https://wiki.openstreetmap.org/wiki/DE:Bicycle/Radverkehrsanlagen_kartieren)\n- 📷 [**Chrome Browser plugin: Mapillary Traffic Sign & Image ID Copier**](https://chromewebstore.google.com/detail/mapillary-traffic-sign-im/eagencdgcmgechomeedlbkhfcihdjhdg)\n\n---\n\nViel Erfolg beim Prüfen und Mappen! 🗺️\n",
        "priority": 0,
        "name": "🟩 Task mit hoher Wahrscheinlichkeit valide"
      }
    },
    {
      "type": "Feature",
      "id": "1093420279321712",
      "geometry": {
        "type": "Point",
        "coordinates": [
          7.151927947998047,
          51.49683478466153
        ]
      },
      "properties": {
        "image_id": "985136424267091",
        "Verkehrzeichen": "241",
        "instruction": "\n### 🚧 Aufgabe: Verkehrszeichen **DE:241** überprüfen und Radinfra hinzufügen\n\nBitte schaue dir den Bereich rund um dieses erkannte Verkehrszeichen an. Vermutlich fehlt hier eine Radinfrastruktur, die du hinzufügen kannst. Die nächste OSM-Radinfra ist **mehr als 30 m** entfernt.\n\n---\n\n### 🖼️ Bild & Karte\n\n- 📷 [**Mapillary-Bild anzeigen**](https://www.mapillary.com/app/?pKey=985136424267091&focus=photo&trafficSign[]=regulatory--bicycles-only--g1&trafficSign[]=regulatory--shared-path-pedestrians-and-bicycles--g1&trafficSign[]=regulatory--dual-path-bicycles-and-pedestrians--g1&trafficSign[]=regulatory--dual-path-pedestrians-and-bicycles--g1&trafficSign[]=complementary--except-bicycles--g1&trafficSign[]=complementary--bike-route--g1&trafficSign[]=regulatory--pedestrians-only--g1)  \n(Das ist die neueste Aufnahme, auf der das Zeichen erkannt wurde: **28.05.2026**.)\n\n- 🗺️ [**In radinfra.de bzw. TILDA ansehen**](https://tilda-geo.de/regionen/radinfra?map=17.4/51.496835/7.151928&config=pdqyyt.7h3d.16g9vk&v=2&data=mapillary-cycleway-traffic-signs)  \n(Hinweis: Ist hilfreich um den aktuellen Stand der Radinfrastruktur vor Ort zu prüfen.)\n\n---\n\n### 📚 Nützliche Links\n\n- 🛑 [**Traffic Sign Tool** – DE:241](https://trafficsigns.osm-verkehrswende.org/DE?signs=DE:241)\n- 🚴 [**OSM-Wiki: Radverkehrsanlagen kartieren**](https://wiki.openstreetmap.org/wiki/DE:Bicycle/Radverkehrsanlagen_kartieren)\n- 📷 [**Chrome Browser plugin: Mapillary Traffic Sign & Image ID Copier**](https://chromewebstore.google.com/detail/mapillary-traffic-sign-im/eagencdgcmgechomeedlbkhfcihdjhdg)\n\n---\n\nViel Erfolg beim Prüfen und Mappen! 🗺️\n",
        "priority": 0,
        "name": "🟩 Task mit hoher Wahrscheinlichkeit valide"
      }
    },
    {
      "type": "Feature",
      "id": "772990578449658",
      "geometry": {
        "type": "Point",
        "coordinates": [
          7.188604474067688,
          51.73351705624165
        ]
      },
      "properties": {
        "image_id": "1180158454317547",
        "Verkehrzeichen": "241",
        "instruction": "\n### 🚧 Aufgabe: Verkehrszeichen **DE:241** überprüfen und Radinfra hinzufügen\n\nBitte schaue dir den Bereich rund um dieses erkannte Verkehrszeichen an. Vermutlich fehlt hier eine Radinfrastruktur, die du hinzufügen kannst. Die nächste OSM-Radinfra ist **mehr als 30 m** entfernt.\n\n---\n\n### 🖼️ Bild & Karte\n\n- 📷 [**Mapillary-Bild anzeigen**](https://www.mapillary.com/app/?pKey=1180158454317547&focus=photo&trafficSign[]=regulatory--bicycles-only--g1&trafficSign[]=regulatory--shared-path-pedestrians-and-bicycles--g1&trafficSign[]=regulatory--dual-path-bicycles-and-pedestrians--g1&trafficSign[]=regulatory--dual-path-pedestrians-and-bicycles--g1&trafficSign[]=complementary--except-bicycles--g1&trafficSign[]=complementary--bike-route--g1&trafficSign[]=regulatory--pedestrians-only--g1)  \n(Das ist die neueste Aufnahme, auf der das Zeichen erkannt wurde: **23.07.2026**.)\n\n- 🗺️ [**In radinfra.de bzw. TILDA ansehen**](https://tilda-geo.de/regionen/radinfra?map=17.4/51.733517/7.188604&config=pdqyyt.7h3d.16g9vk&v=2&data=mapillary-cycleway-traffic-signs)  \n(Hinweis: Ist hilfreich um den aktuellen Stand der Radinfrastruktur vor Ort zu prüfen.)\n\n---\n\n### 📚 Nützliche Links\n\n- 🛑 [**Traffic Sign Tool** – DE:241](https://trafficsigns.osm-verkehrswende.org/DE?signs=DE:241)\n- 🚴 [**OSM-Wiki: Radverkehrsanlagen kartieren**](https://wiki.openstreetmap.org/wiki/DE:Bicycle/Radverkehrsanlagen_kartieren)\n- 📷 [**Chrome Browser plugin: Mapillary Traffic Sign & Image ID Copier**](https://chromewebstore.google.com/detail/mapillary-traffic-sign-im/eagencdgcmgechomeedlbkhfcihdjhdg)\n\n---\n\nViel Erfolg beim Prüfen und Mappen! 🗺️\n",
        "priority": 0,
        "name": "🟩 Task mit hoher Wahrscheinlichkeit valide"
      }
    },
    {
      "type": "Feature",
      "id": "1693545808011999",
      "geometry": {
        "type": "Point",
        "coordinates": [
          7.187440395355225,
          51.73312502425736
        ]
      },
      "properties": {
        "image_id": "1015040951361644",
        "Verkehrzeichen": "241",
        "instruction": "\n### 🚧 Aufgabe: Verkehrszeichen **DE:241** überprüfen und Radinfra hinzufügen\n\nBitte schaue dir den Bereich rund um dieses erkannte Verkehrszeichen an. Vermutlich fehlt hier eine Radinfrastruktur, die du hinzufügen kannst. Die nächste OSM-Radinfra ist **ca. 26 m** entfernt.\n\n---\n\n### 🖼️ Bild & Karte\n\n- 📷 [**Mapillary-Bild anzeigen**](https://www.mapillary.com/app/?pKey=1015040951361644&focus=photo&trafficSign[]=regulatory--bicycles-only--g1&trafficSign[]=regulatory--shared-path-pedestrians-and-bicycles--g1&trafficSign[]=regulatory--dual-path-bicycles-and-pedestrians--g1&trafficSign[]=regulatory--dual-path-pedestrians-and-bicycles--g1&trafficSign[]=complementary--except-bicycles--g1&trafficSign[]=complementary--bike-route--g1&trafficSign[]=regulatory--pedestrians-only--g1)  \n(Das ist die neueste Aufnahme, auf der das Zeichen erkannt wurde: **23.07.2026**.)\n\n- 🗺️ [**In radinfra.de bzw. TILDA ansehen**](https://tilda-geo.de/regionen/radinfra?map=17.4/51.733125/7.18744&config=pdqyyt.7h3d.16g9vk&v=2&data=mapillary-cycleway-traffic-signs)  \n(Hinweis: Ist hilfreich um den aktuellen Stand der Radinfrastruktur vor Ort zu prüfen.)\n\n---\n\n### 📚 Nützliche Links\n\n- 🛑 [**Traffic Sign Tool** – DE:241](https://trafficsigns.osm-verkehrswende.org/DE?signs=DE:241)\n- 🚴 [**OSM-Wiki: Radverkehrsanlagen kartieren**](https://wiki.openstreetmap.org/wiki/DE:Bicycle/Radverkehrsanlagen_kartieren)\n- 📷 [**Chrome Browser plugin: Mapillary Traffic Sign & Image ID Copier**](https://chromewebstore.google.com/detail/mapillary-traffic-sign-im/eagencdgcmgechomeedlbkhfcihdjhdg)\n\n---\n\nViel Erfolg beim Prüfen und Mappen! 🗺️\n",
        "priority": 1,
        "name": "🟨 Task mit mittlerer Wahrscheinlichkeit valide"
      }
    },
    {
      "type": "Feature",
      "id": "275299522289211",
      "geometry": {
        "type": "Point",
        "coordinates": [
          7.189897298812866,
          51.50802461370361
        ]
      },
      "properties": {
        "image_id": "1787539515587898",
        "Verkehrzeichen": "237",
        "instruction": "\n### 🚧 Aufgabe: Verkehrszeichen **DE:237** überprüfen und Radinfra hinzufügen\n\nBitte schaue dir den Bereich rund um dieses erkannte Verkehrszeichen an. Vermutlich fehlt hier eine Radinfrastruktur, die du hinzufügen kannst. Die nächste OSM-Radinfra ist **mehr als 30 m** entfernt.\n\n---\n\n### 🖼️ Bild & Karte\n\n- 📷 [**Mapillary-Bild anzeigen**](https://www.mapillary.com/app/?pKey=1787539515587898&focus=photo&trafficSign[]=regulatory--bicycles-only--g1&trafficSign[]=regulatory--shared-path-pedestrians-and-bicycles--g1&trafficSign[]=regulatory--dual-path-bicycles-and-pedestrians--g1&trafficSign[]=regulatory--dual-path-pedestrians-and-bicycles--g1&trafficSign[]=complementary--except-bicycles--g1&trafficSign[]=complementary--bike-route--g1&trafficSign[]=regulatory--pedestrians-only--g1)  \n(Das ist die neueste Aufnahme, auf der das Zeichen erkannt wurde: **28.08.2026**.)\n\n- 🗺️ [**In radinfra.de bzw. TILDA ansehen**](https://tilda-geo.de/regionen/radinfra?map=17.4/51.508025/7.189897&config=pdqyyt.7h3d.16g9vk&v=2&data=mapillary-cycleway-traffic-signs)  \n(Hinweis: Ist hilfreich um den aktuellen Stand der Radinfrastruktur vor Ort zu prüfen.)\n\n---\n\n### 📚 Nützliche Links\n\n- 🛑 [**Traffic Sign Tool** – DE:237](https://trafficsigns.osm-verkehrswende.org/DE?signs=DE:237)\n- 🚴 [**OSM-Wiki: Radverkehrsanlagen kartieren**](https://wiki.openstreetmap.org/wiki/DE:Bicycle/Radverkehrsanlagen_kartieren)\n- 📷 [**Chrome Browser plugin: Mapillary Traffic Sign & Image ID Copier**](https://chromewebstore.google.com/detail/mapillary-traffic-sign-im/eagencdgcmgechomeedlbkhfcihdjhdg)\n\n---\n\nViel Erfolg beim Prüfen und Mappen! 🗺️\n",
        "priority": 0,
        "name": "🟩 Task mit hoher Wahrscheinlichkeit valide"
      }
    },
    {
      "type": "Feature",
      "id": "479258511310379",
      "geometry": {
        "type": "Point",
        "coordinates": [
          7.283876538276672,
          51.82647863599621
        ]
      },
      "properties": {
        "image_id": "1008634925222403",
        "Verkehrzeichen": "240",
        "instruction": "\n### 🚧 Aufgabe: Verkehrszeichen **DE:240** überprüfen und Radinfra hinzufügen\n\nBitte schaue dir den Bereich rund um dieses erkannte Verkehrszeichen an. Vermutlich fehlt hier eine Radinfrastruktur, die du hinzufügen kannst. Die nächste OSM-Radinfra ist **mehr als 30 m** entfernt.\n\n---\n\n### 🖼️ Bild & Karte\n\n- 📷 [**Mapillary-Bild anzeigen**](https://www.mapillary.com/app/?pKey=1008634925222403&focus=photo&trafficSign[]=regulatory--bicycles-only--g1&trafficSign[]=regulatory--shared-path-pedestrians-and-bicycles--g1&trafficSign[]=regulatory--dual-path-bicycles-and-pedestrians--g1&trafficSign[]=regulatory--dual-path-pedestrians-and-bicycles--g1&trafficSign[]=complementary--except-bicycles--g1&trafficSign[]=complementary--bike-route--g1&trafficSign[]=regulatory--pedestrians-only--g1)  \n(Das ist die neueste Aufnahme, auf der das Zeichen erkannt wurde: **21.05.2026**.)\n\n- 🗺️ [**In radinfra.de bzw. TILDA ansehen**](https://tilda-geo.de/regionen/radinfra?map=17.4/51.826479/7.283877&config=pdqyyt.7h3d.16g9vk&v=2&data=mapillary-cycleway-traffic-signs)  \n(Hinweis: Ist hilfreich um den aktuellen Stand der Radinfrastruktur vor Ort zu prüfen.)\n\n---\n\n### 📚 Nützliche Links\n\n- 🛑 [**Traffic Sign Tool** – DE:240](https://trafficsigns.osm-verkehrswende.org/DE?signs=DE:240)\n- 🚴 [**OSM-Wiki: Radverkehrsanlagen kartieren**](https://wiki.openstreetmap.org/wiki/DE:Bicycle/Radverkehrsanlagen_kartieren)\n- 📷 [**Chrome Browser plugin: Mapillary Traffic Sign & Image ID Copier**](https://chromewebstore.google.com/detail/mapillary-traffic-sign-im/eagencdgcmgechomeedlbkhfcihdjhdg)\n\n---\n\nViel Erfolg beim Prüfen und Mappen! 🗺️\n",
        "priority": 0,
        "name": "🟩 Task mit hoher Wahrscheinlichkeit valide"
      }
    },
    {
      "type": "Feature",
      "id": "1359758204741778",
      "geometry": {
        "type": "Point",
        "coordinates": [
          7.315515875816345,
          51.6106282902206
        ]
      },
      "properties": {
        "image_id": "2114312669154700",
        "Verkehrzeichen": "240",
        "instruction": "\n### 🚧 Aufgabe: Verkehrszeichen **DE:240** überprüfen und Radinfra hinzufügen\n\nBitte schaue dir den Bereich rund um dieses erkannte Verkehrszeichen an. Vermutlich fehlt hier eine Radinfrastruktur, die du hinzufügen kannst. Die nächste OSM-Radinfra ist **ca. 27 m** entfernt.\n\n---\n\n### 🖼️ Bild & Karte\n\n- 📷 [**Mapillary-Bild anzeigen**](https://www.mapillary.com/app/?pKey=2114312669154700&focus=photo&trafficSign[]=regulatory--bicycles-only--g1&trafficSign[]=regulatory--shared-path-pedestrians-and-bicycles--g1&trafficSign[]=regulatory--dual-path-bicycles-and-pedestrians--g1&trafficSign[]=regulatory--dual-path-pedestrians-and-bicycles--g1&trafficSign[]=complementary--except-bicycles--g1&trafficSign[]=complementary--bike-route--g1&trafficSign[]=regulatory--pedestrians-only--g1)  \n(Das ist die neueste Aufnahme, auf der das Zeichen erkannt wurde: **11.06.2026**.)\n\n- 🗺️ [**In radinfra.de bzw. TILDA ansehen**](https://tilda-geo.de/regionen/radinfra?map=17.4/51.610628/7.315516&config=pdqyyt.7h3d.16g9vk&v=2&data=mapillary-cycleway-traffic-signs)  \n(Hinweis: Ist hilfreich um den aktuellen Stand der Radinfrastruktur vor Ort zu prüfen.)\n\n---\n\n### 📚 Nützliche Links\n\n- 🛑 [**Traffic Sign Tool** – DE:240](https://trafficsigns.osm-verkehrswende.org/DE?signs=DE:240)\n- 🚴 [**OSM-Wiki: Radverkehrsanlagen kartieren**](https://wiki.openstreetmap.org/wiki/DE:Bicycle/Radverkehrsanlagen_kartieren)\n- 📷 [**Chrome Browser plugin: Mapillary Traffic Sign & Image ID Copier**](https://chromewebstore.google.com/detail/mapillary-traffic-sign-im/eagencdgcmgechomeedlbkhfcihdjhdg)\n\n---\n\nViel Erfolg beim Prüfen und Mappen! 🗺️\n",
        "priority": 1,
        "name": "🟨 Task mit mittlerer Wahrscheinlichkeit valide"
      }
    },
    {
      "type": "Feature",
      "id": "3194063290830070",
      "geometry": {
        "type": "Point",
        "coordinates": [
          7.326582670211792,
          51.82710856757916
        ]
      },
      "properties": {
        "image_id": "1054495263744958",
        "Verkehrzeichen": "240",
        "instruction": "\n### 🚧 Aufgabe: Verkehrszeichen **DE:240** überprüfen und Radinfra hinzufügen\n\nBitte schaue dir den Bereich rund um dieses erkannte Verkehrszeichen an. Vermutlich fehlt hier eine Radinfrastruktur, die du hinzufügen kannst. Die nächste OSM-Radinfra ist **ca. 28 m** entfernt.\n\n---\n\n### 🖼️ Bild & Karte\n\n- 📷 [**Mapillary-Bild anzeigen**](https://www.mapillary.com/app/?pKey=1054495263744958&focus=photo&trafficSign[]=regulatory--bicycles-only--g1&trafficSign[]=regulatory--shared-path-pedestrians-and-bicycles--g1&trafficSign[]=regulatory--dual-path-bicycles-and-pedestrians--g1&trafficSign[]=regulatory--dual-path-pedestrians-and-bicycles--g1&trafficSign[]=complementary--except-bicycles--g1&trafficSign[]=complementary--bike-route--g1&trafficSign[]=regulatory--pedestrians-only--g1)  \n(Das ist die neueste Aufnahme, auf der das Zeichen erkannt wurde: **19.07.2026**.)\n\n- 🗺️ [**In radinfra.de bzw. TILDA ansehen**](https://tilda-geo.de/regionen/radinfra?map=17.4/51.827109/7.326583&config=pdqyyt.7h3d.16g9vk&v=2&data=mapillary-cycleway-traffic-signs)  \n(Hinweis: Ist hilfreich um den aktuellen Stand der Radinfrastruktur vor Ort zu prüfen.)\n\n---\n\n### 📚 Nützliche Links\n\n- 🛑 [**Traffic Sign Tool** – DE:240](https://trafficsigns.osm-verkehrswende.org/DE?signs=DE:240)\n- 🚴 [**OSM-Wiki: Radverkehrsanlagen kartieren**](https://wiki.openstreetmap.org/wiki/DE:Bicycle/Radverkehrsanlagen_kartieren)\n- 📷 [**Chrome Browser plugin: Mapillary Traffic Sign & Image ID Copier**](https://chromewebstore.google.com/detail/mapillary-traffic-sign-im/eagencdgcmgechomeedlbkhfcihdjhdg)\n\n---\n\nViel Erfolg beim Prüfen und Mappen! 🗺️\n",
        "priority": 1,
        "name": "🟨 Task mit mittlerer Wahrscheinlichkeit valide"
      }
    },
    {
      "type": "Feature",
      "id": "1381963472662365",
      "geometry": {
        "type": "Point",
        "coordinates": [
          7.446665167808533,
          52.27178805173526
        ]
      },
      "properties": {
        "image_id": "1533237971694814",
        "Verkehrzeichen": "241",
        "instruction": "\n### 🚧 Aufgabe: Verkehrszeichen **DE:241** überprüfen und Radinfra hinzufügen\n\nBitte schaue dir den Bereich rund um dieses erkannte Verkehrszeichen an. Vermutlich fehlt hier eine Radinfrastruktur, die du hinzufügen kannst. Die nächste OSM-Radinfra ist **mehr als 30 m** entfernt.\n\n---\n\n### 🖼️ Bild & Karte\n\n- 📷 [**Mapillary-Bild anzeigen**](https://www.mapillary.com/app/?pKey=1533237971694814&focus=photo&trafficSign[]=regulatory--bicycles-only--g1&trafficSign[]=regulatory--shared-path-pedestrians-and-bicycles--g1&trafficSign[]=regulatory--dual-path-bicycles-and-pedestrians--g1&trafficSign[]=regulatory--dual-path-pedestrians-and-bicycles--g1&trafficSign[]=complementary--except-bicycles--g1&trafficSign[]=complementary--bike-route--g1&trafficSign[]=regulatory--pedestrians-only--g1)  \n(Das ist die neueste Aufnahme, auf der das Zeichen erkannt wurde: **14.05.2026**.)\n\n- 🗺️ [**In radinfra.de bzw. TILDA ansehen**](https://tilda-geo.de/regionen/radinfra?map=17.4/52.271788/7.446665&config=pdqyyt.7h3d.16g9vk&v=2&data=mapillary-cycleway-traffic-signs)  \n(Hinweis: Ist hilfreich um den aktuellen Stand der Radinfrastruktur vor Ort zu prüfen.)\n\n---\n\n### 📚 Nützliche Links\n\n- 🛑 [**Traffic Sign Tool** – DE:241](https://trafficsigns.osm-verkehrswende.org/DE?signs=DE:241)\n- 🚴 [**OSM-Wiki: Radverkehrsanlagen kartieren**](https://wiki.openstreetmap.org/wiki/DE:Bicycle/Radverkehrsanlagen_kartieren)\n- 📷 [**Chrome Browser plugin: Mapillary Traffic Sign & Image ID Copier**](https://chromewebstore.google.com/detail/mapillary-traffic-sign-im/eagencdgcmgechomeedlbkhfcihdjhdg)\n\n---\n\nViel Erfolg beim Prüfen und Mappen! 🗺️\n",
        "priority": 0,
        "name": "🟩 Task mit hoher Wahrscheinlichkeit valide"
      }
    },
    {
      "type": "Feature",
      "id": "203736454916374",
      "geometry": {
        "type": "Point",
        "coordinates": [
          7.4744367599487305,
          52.28630779026341
        ]
      },
      "properties": {
        "image_id": "1821584485865767",
        "Verkehrzeichen": "241",
        "instruction": "\n### 🚧 Aufgabe: Verkehrszeichen **DE:241** überprüfen und Radinfra hinzufügen\n\nBitte schaue dir den Bereich rund um dieses erkannte Verkehrszeichen an. Vermutlich fehlt hier eine Radinfrastruktur, die du hinzufügen kannst. Die nächste OSM-Radinfra ist **mehr als 30 m** entfernt.\n\n---\n\n### 🖼️ Bild & Karte\n\n- 📷 [**Mapillary-Bild anzeigen**](https://www.mapillary.com/app/?pKey=1821584485865767&focus=photo&trafficSign[]=regulatory--bicycles-only--g1&trafficSign[]=regulatory--shared-path-pedestrians-and-bicycles--g1&trafficSign[]=regulatory--dual-path-bicycles-and-pedestrians--g1&trafficSign[]=regulatory--dual-path-pedestrians-and-bicycles--g1&trafficSign[]=complementary--except-bicycles--g1&trafficSign[]=complementary--bike-route--g1&trafficSign[]=regulatory--pedestrians-only--g1)  \n(Das ist die neueste Aufnahme, auf der das Zeichen erkannt wurde: **19.08.2026**.)\n\n- 🗺️ [**In radinfra.de bzw. TILDA ansehen**](https://tilda-geo.de/regionen/radinfra?map=17.4/52.286308/7.474437&config=pdqyyt.7h3d.16g9vk&v=2&data=mapillary-cycleway-traffic-signs)  \n(Hinweis: Ist hilfreich um den aktuellen Stand der Radinfrastruktur vor Ort zu prüfen.)\n\n---\n\n### 📚 Nützliche Links\n\n- 🛑 [**Traffic Sign Tool** – DE:241](https://trafficsigns.osm-verkehrswende.org/DE?signs=DE:241)\n- 🚴 [**OSM-Wiki: Radverkehrsanlagen kartieren**](https://wiki.openstreetmap.org/wiki/DE:Bicycle/Radverkehrsanlagen_kartieren)\n- 📷 [**Chrome Browser plugin: Mapillary Traffic Sign & Image ID Copier**](https://chromewebstore.google.com/detail/mapillary-traffic-sign-im/eagencdgcmgechomeedlbkhfcihdjhdg)\n\n---\n\nViel Erfolg beim Prüfen und Mappen! 🗺️\n",
        "priority": 0,
        "name": "🟩 Task mit hoher Wahrscheinlichkeit valide"
      }
    },
    {
      "type": "Feature",
      "id": "360725793060159",
      "geometry": {
        "type": "Point",
        "coordinates": [
          7.494869828224182,
          51.503069504654064
        ]
      },
      "properties": {
        "image_id": "1212291844215177",
        "Verkehrzeichen": "240",
        "instruction": "\n### 🚧 Aufgabe: Verkehrszeichen **DE:240** überprüfen und Radinfra hinzufügen\n\nBitte schaue dir den Bereich rund um dieses erkannte Verkehrszeichen an. Vermutlich fehlt hier eine Radinfrastruktur, die du hinzufügen kannst. Die nächste OSM-Radinfra ist **mehr als 30 m** entfernt.\n\n---\n\n### 🖼️ Bild & Karte\n\n- 📷 [**Mapillary-Bild anzeigen**](https://www.mapillary.com/app/?pKey=1212291844215177&focus=photo&trafficSign[]=regulatory--bicycles-only--g1&trafficSign[]=regulatory--shared-path-pedestrians-and-bicycles--g1&trafficSign[]=regulatory--dual-path-bicycles-and-pedestrians--g1&trafficSign[]=regulatory--dual-path-pedestrians-and-bicycles--g1&trafficSign[]=complementary--except-bicycles--g1&trafficSign[]=complementary--bike-route--g1&trafficSign[]=regulatory--pedestrians-only--g1)  \n(Das ist die neueste Aufnahme, auf der das Zeichen erkannt wurde: **20.04.2026**.)\n\n- 🗺️ [**In radinfra.de bzw. TILDA ansehen**](https://tilda-geo.de/regionen/radinfra?map=17.4/51.50307/7.49487&config=pdqyyt.7h3d.16g9vk&v=2&data=mapillary-cycleway-traffic-signs)  \n(Hinweis: Ist hilfreich um den aktuellen Stand der Radinfrastruktur vor Ort zu prüfen.)\n\n---\n\n### 📚 Nützliche Links\n\n- 🛑 [**Traffic Sign Tool** – DE:240](https://trafficsigns.osm-verkehrswende.org/DE?signs=DE:240)\n- 🚴 [**OSM-Wiki: Radverkehrsanlagen kartieren**](https://wiki.openstreetmap.org/wiki/DE:Bicycle/Radverkehrsanlagen_kartieren)\n- 📷 [**Chrome Browser plugin: Mapillary Traffic Sign & Image ID Copier**](https://chromewebstore.google.com/detail/mapillary-traffic-sign-im/eagencdgcmgechomeedlbkhfcihdjhdg)\n\n---\n\nViel Erfolg beim Prüfen und Mappen! 🗺️\n",
        "priority": 0,
        "name": "🟩 Task mit hoher Wahrscheinlichkeit valide"
      }
    },
    {
      "type": "Feature",
      "id": "3830796883636132",
      "geometry": {
        "type": "Point",
        "coordinates": [
          7.515930533409119,
          51.73266986421305
        ]
      },
      "properties": {
        "image_id": "26601089012897968",
        "Verkehrzeichen": "240",
        "instruction": "\n### 🚧 Aufgabe: Verkehrszeichen **DE:240** überprüfen und Radinfra hinzufügen\n\nBitte schaue dir den Bereich rund um dieses erkannte Verkehrszeichen an. Vermutlich fehlt hier eine Radinfrastruktur, die du hinzufügen kannst. Die nächste OSM-Radinfra ist **mehr als 30 m** entfernt.\n\n---\n\n### 🖼️ Bild & Karte\n\n- 📷 [**Mapillary-Bild anzeigen**](https://www.mapillary.com/app/?pKey=26601089012897968&focus=photo&trafficSign[]=regulatory--bicycles-only--g1&trafficSign[]=regulatory--shared-path-pedestrians-and-bicycles--g1&trafficSign[]=regulatory--dual-path-bicycles-and-pedestrians--g1&trafficSign[]=regulatory--dual-path-pedestrians-and-bicycles--g1&trafficSign[]=complementary--except-bicycles--g1&trafficSign[]=complementary--bike-route--g1&trafficSign[]=regulatory--pedestrians-only--g1)  \n(Das ist die neueste Aufnahme, auf der das Zeichen erkannt wurde: **17.06.2026**.)\n\n- 🗺️ [**In radinfra.de bzw. TILDA ansehen**](https://tilda-geo.de/regionen/radinfra?map=17.4/51.73267/7.515931&config=pdqyyt.7h3d.16g9vk&v=2&data=mapillary-cycleway-traffic-signs)  \n(Hinweis: Ist hilfreich um den aktuellen Stand der Radinfrastruktur vor Ort zu prüfen.)\n\n---\n\n### 📚 Nützliche Links\n\n- 🛑 [**Traffic Sign Tool** – DE:240](https://trafficsigns.osm-verkehrswende.org/DE?signs=DE:240)\n- 🚴 [**OSM-Wiki: Radverkehrsanlagen kartieren**](https://wiki.openstreetmap.org/wiki/DE:Bicycle/Radverkehrsanlagen_kartieren)\n- 📷 [**Chrome Browser plugin: Mapillary Traffic Sign & Image ID Copier**](https://chromewebstore.google.com/detail/mapillary-traffic-sign-im/eagencdgcmgechomeedlbkhfcihdjhdg)\n\n---\n\nViel Erfolg beim Prüfen und Mappen! 🗺️\n",
        "priority": 0,
        "name": "🟩 Task mit hoher Wahrscheinlichkeit valide"
      }
    },
    {
      "type": "Feature",
      "id": "739235241756767",
      "geometry": {
        "type": "Point",
        "coordinates": [
          7.535140514373779,
          51.0871890560517
        ]
      },
      "properties": {
        "image_id": "1240128391352352",
        "Verkehrzeichen": "237",
        "instruction": "\n### 🚧 Aufgabe: Verkehrszeichen **DE:237** überprüfen und Radinfra hinzufügen\n\nBitte schaue dir den Bereich rund um dieses erkannte Verkehrszeichen an. Vermutlich fehlt hier eine Radinfrastruktur, die du hinzufügen kannst. Die nächste OSM-Radinfra ist **ca. 26 m** entfernt.\n\n---\n\n### 🖼️ Bild & Karte\n\n- 📷 [**Mapillary-Bild anzeigen**](https://www.mapillary.com/app/?pKey=1240128391352352&focus=photo&trafficSign[]=regulatory--bicycles-only--g1&trafficSign[]=regulatory--shared-path-pedestrians-and-bicycles--g1&trafficSign[]=regulatory--dual-path-bicycles-and-pedestrians--g1&trafficSign[]=regulatory--dual-path-pedestrians-and-bicycles--g1&trafficSign[]=complementary--except-bicycles--g1&trafficSign[]=complementary--bike-route--g1&trafficSign[]=regulatory--pedestrians-only--g1)  \n(Das ist die neueste Aufnahme, auf der das Zeichen erkannt wurde: **25.05.2026**.)\n\n- 🗺️ [**In radinfra.de bzw. TILDA ansehen**](https://tilda-geo.de/regionen/radinfra?map=17.4/51.087189/7.535141&config=pdqyyt.7h3d.16g9vk&v=2&data=mapillary-cycleway-traffic-signs)  \n(Hinweis: Ist hilfreich um den aktuellen Stand der Radinfrastruktur vor Ort zu prüfen.)\n\n---\n\n### 📚 Nützliche Links\n\n- 🛑 [**Traffic Sign Tool** – DE:237](https://trafficsigns.osm-verkehrswende.org/DE?signs=DE:237)\n- 🚴 [**OSM-Wiki: Radverkehrsanlagen kartieren**](https://wiki.openstreetmap.org/wiki/DE:Bicycle/Radverkehrsanlagen_kartieren)\n- 📷 [**Chrome Browser plugin: Mapillary Traffic Sign & Image ID Copier**](https://chromewebstore.google.com/detail/mapillary-traffic-sign-im/eagencdgcmgechomeedlbkhfcihdjhdg)\n\n---\n\nViel Erfolg beim Prüfen und Mappen! 🗺️\n",
        "priority": 1,
        "name": "🟨 Task mit mittlerer Wahrscheinlichkeit valide"
      }
    },
    {
      "type": "Feature",
      "id": "845192783011750",
      "geometry": {
        "type": "Point",
        "coordinates": [
          7.676814794540405,
          51.9719439698909
        ]
      },
      "properties": {
        "image_id": "987307170304321",
        "Verkehrzeichen": "240",
        "instruction": "\n### 🚧 Aufgabe: Verkehrszeichen **DE:240** überprüfen und Radinfra hinzufügen\n\nBitte schaue dir den Bereich rund um dieses erkannte Verkehrszeichen an. Vermutlich fehlt hier eine Radinfrastruktur, die du hinzufügen kannst. Die nächste OSM-Radinfra ist **mehr als 30 m** entfernt.\n\n---\n\n### 🖼️ Bild & Karte\n\n- 📷 [**Mapillary-Bild anzeigen**](https://www.mapillary.com/app/?pKey=987307170304321&focus=photo&trafficSign[]=regulatory--bicycles-only--g1&trafficSign[]=regulatory--shared-path-pedestrians-and-bicycles--g1&trafficSign[]=regulatory--dual-path-bicycles-and-pedestrians--g1&trafficSign[]=regulatory--dual-path-pedestrians-and-bicycles--g1&trafficSign[]=complementary--except-bicycles--g1&trafficSign[]=complementary--bike-route--g1&trafficSign[]=regulatory--pedestrians-only--g1)  \n(Das ist die neueste Aufnahme, auf der das Zeichen erkannt wurde: **23.04.2026**.)\n\n- 🗺️ [**In radinfra.de bzw. TILDA ansehen**](https://tilda-geo.de/regionen/radinfra?map=17.4/51.971944/7.676815&config=pdqyyt.7h3d.16g9vk&v=2&data=mapillary-cycleway-traffic-signs)  \n(Hinweis: Ist hilfreich um den aktuellen Stand der Radinfrastruktur vor Ort zu prüfen.)\n\n---\n\n### 📚 Nützliche Links\n\n- 🛑 [**Traffic Sign Tool** – DE:240](https://trafficsigns.osm-verkehrswende.org/DE?signs=DE:240)\n- 🚴 [**OSM-Wiki: Radverkehrsanlagen kartieren**](https://wiki.openstreetmap.org/wiki/DE:Bicycle/Radverkehrsanlagen_kartieren)\n- 📷 [**Chrome Browser plugin: Mapillary Traffic Sign & Image ID Copier**](https://chromewebstore.google.com/detail/mapillary-traffic-sign-im/eagencdgcmgechomeedlbkhfcihdjhdg)\n\n---\n\nViel Erfolg beim Prüfen und Mappen! 🗺️\n",
        "priority": 0,
        "name": "🟩 Task mit hoher Wahrscheinlichkeit valide"
      }
    },
    {
      "type": "Feature",
      "id": "174119661616742",
      "geometry": {
        "type": "Point",
        "coordinates": [
          7.750929594039917,
          52.23269503961663
        ]
      },
      "properties": {
        "image_id": "1484352343351366",
        "Verkehrzeichen": "240",
        "instruction": "\n### 🚧 Aufgabe: Verkehrszeichen **DE:240** überprüfen und Radinfra hinzufügen\n\nBitte schaue dir den Bereich rund um dieses erkannte Verkehrszeichen an. Vermutlich fehlt hier eine Radinfrastruktur, die du hinzufügen kannst. Die nächste OSM-Radinfra ist **mehr als 30 m** entfernt.\n\n---\n\n### 🖼️ Bild & Karte\n\n- 📷 [**Mapillary-Bild anzeigen**](https://www.mapillary.com/app/?pKey=1484352343351366&focus=photo&trafficSign[]=regulatory--bicycles-only--g1&trafficSign[]=regulatory--shared-path-pedestrians-and-bicycles--g1&trafficSign[]=regulatory--dual-path-bicycles-and-pedestrians--g1&trafficSign[]=regulatory--dual-path-pedestrians-and-bicycles--g1&trafficSign[]=complementary--except-bicycles--g1&trafficSign[]=complementary--bike-route--g1&trafficSign[]=regulatory--pedestrians-only--g1)  \n(Das ist die neueste Aufnahme, auf der das Zeichen erkannt wurde: **03.04.2026**.)\n\n- 🗺️ [**In radinfra.de bzw. TILDA ansehen**](https://tilda-geo.de/regionen/radinfra?map=17.4/52.232695/7.75093&config=pdqyyt.7h3d.16g9vk&v=2&data=mapillary-cycleway-traffic-signs)  \n(Hinweis: Ist hilfreich um den aktuellen Stand der Radinfrastruktur vor Ort zu prüfen.)\n\n---\n\n### 📚 Nützliche Links\n\n- 🛑 [**Traffic Sign Tool** – DE:240](https://trafficsigns.osm-verkehrswende.org/DE?signs=DE:240)\n- 🚴 [**OSM-Wiki: Radverkehrsanlagen kartieren**](https://wiki.openstreetmap.org/wiki/DE:Bicycle/Radverkehrsanlagen_kartieren)\n- 📷 [**Chrome Browser plugin: Mapillary Traffic Sign & Image ID Copier**](https://chromewebstore.google.com/detail/mapillary-traffic-sign-im/eagencdgcmgechomeedlbkhfcihdjhdg)\n\n---\n\nViel Erfolg beim Prüfen und Mappen! 🗺️\n",
        "priority": 0,
        "name": "🟩 Task mit hoher Wahrscheinlichkeit valide"
      }
    },
    {
      "type": "Feature",
      "id": "173169862335502",
      "geometry": {
        "type": "Point",
        "coordinates": [
          7.983675599098206,
          50.968038875021676
        ]
      },
      "properties": {
        "image_id": "2817308465295008",
        "Verkehrzeichen": "241",
        "instruction": "\n### 🚧 Aufgabe: Verkehrszeichen **DE:241** überprüfen und Radinfra hinzufügen\n\nBitte schaue dir den Bereich rund um dieses erkannte Verkehrszeichen an. Vermutlich fehlt hier eine Radinfrastruktur, die du hinzufügen kannst. Die nächste OSM-Radinfra ist **mehr als 30 m** entfernt.\n\n---\n\n### 🖼️ Bild & Karte\n\n- 📷 [**Mapillary-Bild anzeigen**](https://www.mapillary.com/app/?pKey=2817308465295008&focus=photo&trafficSign[]=regulatory--bicycles-only--g1&trafficSign[]=regulatory--shared-path-pedestrians-and-bicycles--g1&trafficSign[]=regulatory--dual-path-bicycles-and-pedestrians--g1&trafficSign[]=regulatory--dual-path-pedestrians-and-bicycles--g1&trafficSign[]=complementary--except-bicycles--g1&trafficSign[]=complementary--bike-route--g1&trafficSign[]=regulatory--pedestrians-only--g1)  \n(Das ist die neueste Aufnahme, auf der das Zeichen erkannt wurde: **04.06.2026**.)\n\n- 🗺️ [**In radinfra.de bzw. TILDA ansehen**](https://tilda-geo.de/regionen/radinfra?map=17.4/50.968039/7.983676&config=pdqyyt.7h3d.16g9vk&v=2&data=mapillary-cycleway-traffic-signs)  \n(Hinweis: Ist hilfreich um den aktuellen Stand der Radinfrastruktur vor Ort zu prüfen.)\n\n---\n\n### 📚 Nützliche Links\n\n- 🛑 [**Traffic Sign Tool** – DE:241](https://trafficsigns.osm-verkehrswende.org/DE?signs=DE:241)\n- 🚴 [**OSM-Wiki: Radverkehrsanlagen kartieren**](https://wiki.openstreetmap.org/wiki/DE:Bicycle/Radverkehrsanlagen_kartieren)\n- 📷 [**Chrome Browser plugin: Mapillary Traffic Sign & Image ID Copier**](https://chromewebstore.google.com/detail/mapillary-traffic-sign-im/eagencdgcmgechomeedlbkhfcihdjhdg)\n\n---\n\nViel Erfolg beim Prüfen und Mappen! 🗺️\n",
        "priority": 0,
        "name": "🟩 Task mit hoher Wahrscheinlichkeit valide"
      }
    },
    {
      "type": "Feature",
      "id": "1612674115899296",
      "geometry": {
        "type": "Point",
        "coordinates": [
          7.985628247261047,
          50.96532605088234
        ]
      },
      "properties": {
        "image_id": "4585285855087369",
        "Verkehrzeichen": "241",
        "instruction": "\n### 🚧 Aufgabe: Verkehrszeichen **DE:241** überprüfen und Radinfra hinzufügen\n\nBitte schaue dir den Bereich rund um dieses erkannte Verkehrszeichen an. Vermutlich fehlt hier eine Radinfrastruktur, die du hinzufügen kannst. Die nächste OSM-Radinfra ist **mehr als 30 m** entfernt.\n\n---\n\n### 🖼️ Bild & Karte\n\n- 📷 [**Mapillary-Bild anzeigen**](https://www.mapillary.com/app/?pKey=4585285855087369&focus=photo&trafficSign[]=regulatory--bicycles-only--g1&trafficSign[]=regulatory--shared-path-pedestrians-and-bicycles--g1&trafficSign[]=regulatory--dual-path-bicycles-and-pedestrians--g1&trafficSign[]=regulatory--dual-path-pedestrians-and-bicycles--g1&trafficSign[]=complementary--except-bicycles--g1&trafficSign[]=complementary--bike-route--g1&trafficSign[]=regulatory--pedestrians-only--g1)  \n(Das ist die neueste Aufnahme, auf der das Zeichen erkannt wurde: **04.06.2026**.)\n\n- 🗺️ [**In radinfra.de bzw. TILDA ansehen**](https://tilda-geo.de/regionen/radinfra?map=17.4/50.965326/7.985628&config=pdqyyt.7h3d.16g9vk&v=2&data=mapillary-cycleway-traffic-signs)  \n(Hinweis: Ist hilfreich um den aktuellen Stand der Radinfrastruktur vor Ort zu prüfen.)\n\n---\n\n### 📚 Nützliche Links\n\n- 🛑 [**Traffic Sign Tool** – DE:241](https://trafficsigns.osm-verkehrswende.org/DE?signs=DE:241)\n- 🚴 [**OSM-Wiki: Radverkehrsanlagen kartieren**](https://wiki.openstreetmap.org/wiki/DE:Bicycle/Radverkehrsanlagen_kartieren)\n- 📷 [**Chrome Browser plugin: Mapillary Traffic Sign & Image ID Copier**](https://chromewebstore.google.com/detail/mapillary-traffic-sign-im/eagencdgcmgechomeedlbkhfcihdjhdg)\n\n---\n\nViel Erfolg beim Prüfen und Mappen! 🗺️\n",
        "priority": 0,
        "name": "🟩 Task mit hoher Wahrscheinlichkeit valide"
      }
    },
    {
      "type": "Feature",
      "id": "173169852335503",
      "geometry": {
        "type": "Point",
        "coordinates": [
          7.983187437057495,
          50.96873141370659
        ]
      },
      "properties": {
        "image_id": "824328236857076",
        "Verkehrzeichen": "241",
        "instruction": "\n### 🚧 Aufgabe: Verkehrszeichen **DE:241** überprüfen und Radinfra hinzufügen\n\nBitte schaue dir den Bereich rund um dieses erkannte Verkehrszeichen an. Vermutlich fehlt hier eine Radinfrastruktur, die du hinzufügen kannst. Die nächste OSM-Radinfra ist **mehr als 30 m** entfernt.\n\n---\n\n### 🖼️ Bild & Karte\n\n- 📷 [**Mapillary-Bild anzeigen**](https://www.mapillary.com/app/?pKey=824328236857076&focus=photo&trafficSign[]=regulatory--bicycles-only--g1&trafficSign[]=regulatory--shared-path-pedestrians-and-bicycles--g1&trafficSign[]=regulatory--dual-path-bicycles-and-pedestrians--g1&trafficSign[]=regulatory--dual-path-pedestrians-and-bicycles--g1&trafficSign[]=complementary--except-bicycles--g1&trafficSign[]=complementary--bike-route--g1&trafficSign[]=regulatory--pedestrians-only--g1)  \n(Das ist die neueste Aufnahme, auf der das Zeichen erkannt wurde: **02.11.2025**.)\n\n- 🗺️ [**In radinfra.de bzw. TILDA ansehen**](https://tilda-geo.de/regionen/radinfra?map=17.4/50.968731/7.983187&config=pdqyyt.7h3d.16g9vk&v=2&data=mapillary-cycleway-traffic-signs)  \n(Hinweis: Ist hilfreich um den aktuellen Stand der Radinfrastruktur vor Ort zu prüfen.)\n\n---\n\n### 📚 Nützliche Links\n\n- 🛑 [**Traffic Sign Tool** – DE:241](https://trafficsigns.osm-verkehrswende.org/DE?signs=DE:241)\n- 🚴 [**OSM-Wiki: Radverkehrsanlagen kartieren**](https://wiki.openstreetmap.org/wiki/DE:Bicycle/Radverkehrsanlagen_kartieren)\n- 📷 [**Chrome Browser plugin: Mapillary Traffic Sign & Image ID Copier**](https://chromewebstore.google.com/detail/mapillary-traffic-sign-im/eagencdgcmgechomeedlbkhfcihdjhdg)\n\n---\n\nViel Erfolg beim Prüfen und Mappen! 🗺️\n",
        "priority": 0,
        "name": "🟩 Task mit hoher Wahrscheinlichkeit valide"
      }
    },
    {
      "type": "Feature",
      "id": "1128589517627502",
      "geometry": {
        "type": "Point",
        "coordinates": [
          8.502495288848877,
          51.88164047836551
        ]
      },
      "properties": {
        "image_id": "1251239897117268",
        "Verkehrzeichen": "240",
        "instruction": "\n### 🚧 Aufgabe: Verkehrszeichen **DE:240** überprüfen und Radinfra hinzufügen\n\nBitte schaue dir den Bereich rund um dieses erkannte Verkehrszeichen an. Vermutlich fehlt hier eine Radinfrastruktur, die du hinzufügen kannst. Die nächste OSM-Radinfra ist **mehr als 30 m** entfernt.\n\n---\n\n### 🖼️ Bild & Karte\n\n- 📷 [**Mapillary-Bild anzeigen**](https://www.mapillary.com/app/?pKey=1251239897117268&focus=photo&trafficSign[]=regulatory--bicycles-only--g1&trafficSign[]=regulatory--shared-path-pedestrians-and-bicycles--g1&trafficSign[]=regulatory--dual-path-bicycles-and-pedestrians--g1&trafficSign[]=regulatory--dual-path-pedestrians-and-bicycles--g1&trafficSign[]=complementary--except-bicycles--g1&trafficSign[]=complementary--bike-route--g1&trafficSign[]=regulatory--pedestrians-only--g1)  \n(Das ist die neueste Aufnahme, auf der das Zeichen erkannt wurde: **02.09.2026**.)\n\n- 🗺️ [**In radinfra.de bzw. TILDA ansehen**](https://tilda-geo.de/regionen/radinfra?map=17.4/51.88164/8.502495&config=pdqyyt.7h3d.16g9vk&v=2&data=mapillary-cycleway-traffic-signs)  \n(Hinweis: Ist hilfreich um den aktuellen Stand der Radinfrastruktur vor Ort zu prüfen.)\n\n---\n\n### 📚 Nützliche Links\n\n- 🛑 [**Traffic Sign Tool** – DE:240](https://trafficsigns.osm-verkehrswende.org/DE?signs=DE:240)\n- 🚴 [**OSM-Wiki: Radverkehrsanlagen kartieren**](https://wiki.openstreetmap.org/wiki/DE:Bicycle/Radverkehrsanlagen_kartieren)\n- 📷 [**Chrome Browser plugin: Mapillary Traffic Sign & Image ID Copier**](https://chromewebstore.google.com/detail/mapillary-traffic-sign-im/eagencdgcmgechomeedlbkhfcihdjhdg)\n\n---\n\nViel Erfolg beim Prüfen und Mappen! 🗺️\n",
        "priority": 0,
        "name": "🟩 Task mit hoher Wahrscheinlichkeit valide"
      }
    },
    {
      "type": "Feature",
      "id": "1214290833063875",
      "geometry": {
        "type": "Point",
        "coordinates": [
          8.488842844963074,
          51.88025298416741
        ]
      },
      "properties": {
        "image_id": "1350142030533615",
        "Verkehrzeichen": "240",
        "instruction": "\n### 🚧 Aufgabe: Verkehrszeichen **DE:240** überprüfen und Radinfra hinzufügen\n\nBitte schaue dir den Bereich rund um dieses erkannte Verkehrszeichen an. Vermutlich fehlt hier eine Radinfrastruktur, die du hinzufügen kannst. Die nächste OSM-Radinfra ist **mehr als 30 m** entfernt.\n\n---\n\n### 🖼️ Bild & Karte\n\n- 📷 [**Mapillary-Bild anzeigen**](https://www.mapillary.com/app/?pKey=1350142030533615&focus=photo&trafficSign[]=regulatory--bicycles-only--g1&trafficSign[]=regulatory--shared-path-pedestrians-and-bicycles--g1&trafficSign[]=regulatory--dual-path-bicycles-and-pedestrians--g1&trafficSign[]=regulatory--dual-path-pedestrians-and-bicycles--g1&trafficSign[]=complementary--except-bicycles--g1&trafficSign[]=complementary--bike-route--g1&trafficSign[]=regulatory--pedestrians-only--g1)  \n(Das ist die neueste Aufnahme, auf der das Zeichen erkannt wurde: **17.09.2026**.)\n\n- 🗺️ [**In radinfra.de bzw. TILDA ansehen**](https://tilda-geo.de/regionen/radinfra?map=17.4/51.880253/8.488843&config=pdqyyt.7h3d.16g9vk&v=2&data=mapillary-cycleway-traffic-signs)  \n(Hinweis: Ist hilfreich um den aktuellen Stand der Radinfrastruktur vor Ort zu prüfen.)\n\n---\n\n### 📚 Nützliche Links\n\n- 🛑 [**Traffic Sign Tool** – DE:240](https://trafficsigns.osm-verkehrswende.org/DE?signs=DE:240)\n- 🚴 [**OSM-Wiki: Radverkehrsanlagen kartieren**](https://wiki.openstreetmap.org/wiki/DE:Bicycle/Radverkehrsanlagen_kartieren)\n- 📷 [**Chrome Browser plugin: Mapillary Traffic Sign & Image ID Copier**](https://chromewebstore.google.com/detail/mapillary-traffic-sign-im/eagencdgcmgechomeedlbkhfcihdjhdg)\n\n---\n\nViel Erfolg beim Prüfen und Mappen! 🗺️\n",
        "priority": 0,
        "name": "🟩 Task mit hoher Wahrscheinlichkeit valide"
      }
    },
    {
      "type": "Feature",
      "id": "1605011940428521",
      "geometry": {
        "type": "Point",
        "coordinates": [
          8.546043634414673,
          51.76156509185384
        ]
      },
      "properties": {
        "image_id": "2591307974648232",
        "Verkehrzeichen": "240",
        "instruction": "\n### 🚧 Aufgabe: Verkehrszeichen **DE:240** überprüfen und Radinfra hinzufügen\n\nBitte schaue dir den Bereich rund um dieses erkannte Verkehrszeichen an. Vermutlich fehlt hier eine Radinfrastruktur, die du hinzufügen kannst. Die nächste OSM-Radinfra ist **ca. 26 m** entfernt.\n\n---\n\n### 🖼️ Bild & Karte\n\n- 📷 [**Mapillary-Bild anzeigen**](https://www.mapillary.com/app/?pKey=2591307974648232&focus=photo&trafficSign[]=regulatory--bicycles-only--g1&trafficSign[]=regulatory--shared-path-pedestrians-and-bicycles--g1&trafficSign[]=regulatory--dual-path-bicycles-and-pedestrians--g1&trafficSign[]=regulatory--dual-path-pedestrians-and-bicycles--g1&trafficSign[]=complementary--except-bicycles--g1&trafficSign[]=complementary--bike-route--g1&trafficSign[]=regulatory--pedestrians-only--g1)  \n(Das ist die neueste Aufnahme, auf der das Zeichen erkannt wurde: **15.08.2026**.)\n\n- 🗺️ [**In radinfra.de bzw. TILDA ansehen**](https://tilda-geo.de/regionen/radinfra?map=17.4/51.761565/8.546044&config=pdqyyt.7h3d.16g9vk&v=2&data=mapillary-cycleway-traffic-signs)  \n(Hinweis: Ist hilfreich um den aktuellen Stand der Radinfrastruktur vor Ort zu prüfen.)\n\n---\n\n### 📚 Nützliche Links\n\n- 🛑 [**Traffic Sign Tool** – DE:240](https://trafficsigns.osm-verkehrswende.org/DE?signs=DE:240)\n- 🚴 [**OSM-Wiki: Radverkehrsanlagen kartieren**](https://wiki.openstreetmap.org/wiki/DE:Bicycle/Radverkehrsanlagen_kartieren)\n- 📷 [**Chrome Browser plugin: Mapillary Traffic Sign & Image ID Copier**](https://chromewebstore.google.com/detail/mapillary-traffic-sign-im/eagencdgcmgechomeedlbkhfcihdjhdg)\n\n---\n\nViel Erfolg beim Prüfen und Mappen! 🗺️\n",
        "priority": 1,
        "name": "🟨 Task mit mittlerer Wahrscheinlichkeit valide"
      }
    },
    {
      "type": "Feature",
      "id": "1134468127961308",
      "geometry": {
        "type": "Point",
        "coordinates": [
          8.603094220161438,
          51.67230896674991
        ]
      },
      "properties": {
        "image_id": "1703075877062039",
        "Verkehrzeichen": "237",
        "instruction": "\n### 🚧 Aufgabe: Verkehrszeichen **DE:237** überprüfen und Radinfra hinzufügen\n\nBitte schaue dir den Bereich rund um dieses erkannte Verkehrszeichen an. Vermutlich fehlt hier eine Radinfrastruktur, die du hinzufügen kannst. Die nächste OSM-Radinfra ist **ca. 29 m** entfernt.\n\n---\n\n### 🖼️ Bild & Karte\n\n- 📷 [**Mapillary-Bild anzeigen**](https://www.mapillary.com/app/?pKey=1703075877062039&focus=photo&trafficSign[]=regulatory--bicycles-only--g1&trafficSign[]=regulatory--shared-path-pedestrians-and-bicycles--g1&trafficSign[]=regulatory--dual-path-bicycles-and-pedestrians--g1&trafficSign[]=regulatory--dual-path-pedestrians-and-bicycles--g1&trafficSign[]=complementary--except-bicycles--g1&trafficSign[]=complementary--bike-route--g1&trafficSign[]=regulatory--pedestrians-only--g1)  \n(Das ist die neueste Aufnahme, auf der das Zeichen erkannt wurde: **03.07.2025**.)\n\n- 🗺️ [**In radinfra.de bzw. TILDA ansehen**](https://tilda-geo.de/regionen/radinfra?map=17.4/51.672309/8.603094&config=pdqyyt.7h3d.16g9vk&v=2&data=mapillary-cycleway-traffic-signs)  \n(Hinweis: Ist hilfreich um den aktuellen Stand der Radinfrastruktur vor Ort zu prüfen.)\n\n---\n\n### 📚 Nützliche Links\n\n- 🛑 [**Traffic Sign Tool** – DE:237](https://trafficsigns.osm-verkehrswende.org/DE?signs=DE:237)\n- 🚴 [**OSM-Wiki: Radverkehrsanlagen kartieren**](https://wiki.openstreetmap.org/wiki/DE:Bicycle/Radverkehrsanlagen_kartieren)\n- 📷 [**Chrome Browser plugin: Mapillary Traffic Sign & Image ID Copier**](https://chromewebstore.google.com/detail/mapillary-traffic-sign-im/eagencdgcmgechomeedlbkhfcihdjhdg)\n\n---\n\nViel Erfolg beim Prüfen und Mappen! 🗺️\n",
        "priority": 1,
        "name": "🟨 Task mit mittlerer Wahrscheinlichkeit valide"
      }
    },
    {
      "type": "Feature",
      "id": "564352429344943",
      "geometry": {
        "type": "Point",
        "coordinates": [
          6.639062762260437,
          49.74943473370746
        ]
      },
      "properties": {
        "image_id": "1312936547660451",
        "Verkehrzeichen": "237",
        "instruction": "\n### 🚧 Aufgabe: Verkehrszeichen **DE:237** überprüfen und Radinfra hinzufügen\n\nBitte schaue dir den Bereich rund um dieses erkannte Verkehrszeichen an. Vermutlich fehlt hier eine Radinfrastruktur, die du hinzufügen kannst. Die nächste OSM-Radinfra ist **mehr als 30 m** entfernt.\n\n---\n\n### 🖼️ Bild & Karte\n\n- 📷 [**Mapillary-Bild anzeigen**](https://www.mapillary.com/app/?pKey=1312936547660451&focus=photo&trafficSign[]=regulatory--bicycles-only--g1&trafficSign[]=regulatory--shared-path-pedestrians-and-bicycles--g1&trafficSign[]=regulatory--dual-path-bicycles-and-pedestrians--g1&trafficSign[]=regulatory--dual-path-pedestrians-and-bicycles--g1&trafficSign[]=complementary--except-bicycles--g1&trafficSign[]=complementary--bike-route--g1&trafficSign[]=regulatory--pedestrians-only--g1)  \n(Das ist die neueste Aufnahme, auf der das Zeichen erkannt wurde: **28.05.2026**.)\n\n- 🗺️ [**In radinfra.de bzw. TILDA ansehen**](https://tilda-geo.de/regionen/radinfra?map=17.4/49.749435/6.639063&config=pdqyyt.7h3d.16g9vk&v=2&data=mapillary-cycleway-traffic-signs)  \n(Hinweis: Ist hilfreich um den aktuellen Stand der Radinfrastruktur vor Ort zu prüfen.)\n\n---\n\n### 📚 Nützliche Links\n\n- 🛑 [**Traffic Sign Tool** – DE:237](https://trafficsigns.osm-verkehrswende.org/DE?signs=DE:237)\n- 🚴 [**OSM-Wiki: Radverkehrsanlagen kartieren**](https://wiki.openstreetmap.org/wiki/DE:Bicycle/Radverkehrsanlagen_kartieren)\n- 📷 [**Chrome Browser plugin: Mapillary Traffic Sign & Image ID Copier**](https://chromewebstore.google.com/detail/mapillary-traffic-sign-im/eagencdgcmgechomeedlbkhfcihdjhdg)\n\n---\n\nViel Erfolg beim Prüfen und Mappen! 🗺️\n",
        "priority": 0,
        "name": "🟩 Task mit hoher Wahrscheinlichkeit valide"
      }
    },
    {
      "type": "Feature",
      "id": "991281855931667",
      "geometry": {
        "type": "Point",
        "coordinates": [
          7.006654143333435,
          49.97793539246038
        ]
      },
      "properties": {
        "image_id": "1990984794842880",
        "Verkehrzeichen": "240",
        "instruction": "\n### 🚧 Aufgabe: Verkehrszeichen **DE:240** überprüfen und Radinfra hinzufügen\n\nBitte schaue dir den Bereich rund um dieses erkannte Verkehrszeichen an. Vermutlich fehlt hier eine Radinfrastruktur, die du hinzufügen kannst. Die nächste OSM-Radinfra ist **mehr als 30 m** entfernt.\n\n---\n\n### 🖼️ Bild & Karte\n\n- 📷 [**Mapillary-Bild anzeigen**](https://www.mapillary.com/app/?pKey=1990984794842880&focus=photo&trafficSign[]=regulatory--bicycles-only--g1&trafficSign[]=regulatory--shared-path-pedestrians-and-bicycles--g1&trafficSign[]=regulatory--dual-path-bicycles-and-pedestrians--g1&trafficSign[]=regulatory--dual-path-pedestrians-and-bicycles--g1&trafficSign[]=complementary--except-bicycles--g1&trafficSign[]=complementary--bike-route--g1&trafficSign[]=regulatory--pedestrians-only--g1)  \n(Das ist die neueste Aufnahme, auf der das Zeichen erkannt wurde: **03.06.2026**.)\n\n- 🗺️ [**In radinfra.de bzw. TILDA ansehen**](https://tilda-geo.de/regionen/radinfra?map=17.4/49.977935/7.006654&config=pdqyyt.7h3d.16g9vk&v=2&data=mapillary-cycleway-traffic-signs)  \n(Hinweis: Ist hilfreich um den aktuellen Stand der Radinfrastruktur vor Ort zu prüfen.)\n\n---\n\n### 📚 Nützliche Links\n\n- 🛑 [**Traffic Sign Tool** – DE:240](https://trafficsigns.osm-verkehrswende.org/DE?signs=DE:240)\n- 🚴 [**OSM-Wiki: Radverkehrsanlagen kartieren**](https://wiki.openstreetmap.org/wiki/DE:Bicycle/Radverkehrsanlagen_kartieren)\n- 📷 [**Chrome Browser plugin: Mapillary Traffic Sign & Image ID Copier**](https://chromewebstore.google.com/detail/mapillary-traffic-sign-im/eagencdgcmgechomeedlbkhfcihdjhdg)\n\n---\n\nViel Erfolg beim Prüfen und Mappen! 🗺️\n",
        "priority": 0,
        "name": "🟩 Task mit hoher Wahrscheinlichkeit valide"
      }
    },
    {
      "type": "Feature",
      "id": "115626757509021",
      "geometry": {
        "type": "Point",
        "coordinates": [
          7.058688998222351,
          49.929490141996865
        ]
      },
      "properties": {
        "image_id": "1637213677511240",
        "Verkehrzeichen": "240",
        "instruction": "\n### 🚧 Aufgabe: Verkehrszeichen **DE:240** überprüfen und Radinfra hinzufügen\n\nBitte schaue dir den Bereich rund um dieses erkannte Verkehrszeichen an. Vermutlich fehlt hier eine Radinfrastruktur, die du hinzufügen kannst. Die nächste OSM-Radinfra ist **mehr als 30 m** entfernt.\n\n---\n\n### 🖼️ Bild & Karte\n\n- 📷 [**Mapillary-Bild anzeigen**](https://www.mapillary.com/app/?pKey=1637213677511240&focus=photo&trafficSign[]=regulatory--bicycles-only--g1&trafficSign[]=regulatory--shared-path-pedestrians-and-bicycles--g1&trafficSign[]=regulatory--dual-path-bicycles-and-pedestrians--g1&trafficSign[]=regulatory--dual-path-pedestrians-and-bicycles--g1&trafficSign[]=complementary--except-bicycles--g1&trafficSign[]=complementary--bike-route--g1&trafficSign[]=regulatory--pedestrians-only--g1)  \n(Das ist die neueste Aufnahme, auf der das Zeichen erkannt wurde: **03.06.2026**.)\n\n- 🗺️ [**In radinfra.de bzw. TILDA ansehen**](https://tilda-geo.de/regionen/radinfra?map=17.4/49.92949/7.058689&config=pdqyyt.7h3d.16g9vk&v=2&data=mapillary-cycleway-traffic-signs)  \n(Hinweis: Ist hilfreich um den aktuellen Stand der Radinfrastruktur vor Ort zu prüfen.)\n\n---\n\n### 📚 Nützliche Links\n\n- 🛑 [**Traffic Sign Tool** – DE:240](https://trafficsigns.osm-verkehrswende.org/DE?signs=DE:240)\n- 🚴 [**OSM-Wiki: Radverkehrsanlagen kartieren**](https://wiki.openstreetmap.org/wiki/DE:Bicycle/Radverkehrsanlagen_kartieren)\n- 📷 [**Chrome Browser plugin: Mapillary Traffic Sign & Image ID Copier**](https://chromewebstore.google.com/detail/mapillary-traffic-sign-im/eagencdgcmgechomeedlbkhfcihdjhdg)\n\n---\n\nViel Erfolg beim Prüfen und Mappen! 🗺️\n",
        "priority": 0,
        "name": "🟩 Task mit hoher Wahrscheinlichkeit valide"
      }
    },
    {
      "type": "Feature",
      "id": "629928632978004",
      "geometry": {
        "type": "Point",
        "coordinates": [
          7.466025352478027,
          50.43597616365403
        ]
      },
      "properties": {
        "image_id": "1271525427892072",
        "Verkehrzeichen": "241",
        "instruction": "\n### 🚧 Aufgabe: Verkehrszeichen **DE:241** überprüfen und Radinfra hinzufügen\n\nBitte schaue dir den Bereich rund um dieses erkannte Verkehrszeichen an. Vermutlich fehlt hier eine Radinfrastruktur, die du hinzufügen kannst. Die nächste OSM-Radinfra ist **mehr als 30 m** entfernt.\n\n---\n\n### 🖼️ Bild & Karte\n\n- 📷 [**Mapillary-Bild anzeigen**](https://www.mapillary.com/app/?pKey=1271525427892072&focus=photo&trafficSign[]=regulatory--bicycles-only--g1&trafficSign[]=regulatory--shared-path-pedestrians-and-bicycles--g1&trafficSign[]=regulatory--dual-path-bicycles-and-pedestrians--g1&trafficSign[]=regulatory--dual-path-pedestrians-and-bicycles--g1&trafficSign[]=complementary--except-bicycles--g1&trafficSign[]=complementary--bike-route--g1&trafficSign[]=regulatory--pedestrians-only--g1)  \n(Das ist die neueste Aufnahme, auf der das Zeichen erkannt wurde: **06.04.2026**.)\n\n- 🗺️ [**In radinfra.de bzw. TILDA ansehen**](https://tilda-geo.de/regionen/radinfra?map=17.4/50.435976/7.466025&config=pdqyyt.7h3d.16g9vk&v=2&data=mapillary-cycleway-traffic-signs)  \n(Hinweis: Ist hilfreich um den aktuellen Stand der Radinfrastruktur vor Ort zu prüfen.)\n\n---\n\n### 📚 Nützliche Links\n\n- 🛑 [**Traffic Sign Tool** – DE:241](https://trafficsigns.osm-verkehrswende.org/DE?signs=DE:241)\n- 🚴 [**OSM-Wiki: Radverkehrsanlagen kartieren**](https://wiki.openstreetmap.org/wiki/DE:Bicycle/Radverkehrsanlagen_kartieren)\n- 📷 [**Chrome Browser plugin: Mapillary Traffic Sign & Image ID Copier**](https://chromewebstore.google.com/detail/mapillary-traffic-sign-im/eagencdgcmgechomeedlbkhfcihdjhdg)\n\n---\n\nViel Erfolg beim Prüfen und Mappen! 🗺️\n",
        "priority": 0,
        "name": "🟩 Task mit hoher Wahrscheinlichkeit valide"
      }
    },
    {
      "type": "Feature",
      "id": "914703252587255",
      "geometry": {
        "type": "Point",
        "coordinates": [
          7.463665008544922,
          50.30612020028428
        ]
      },
      "properties": {
        "image_id": "1019100407231269",
        "Verkehrzeichen": "240",
        "instruction": "\n### 🚧 Aufgabe: Verkehrszeichen **DE:240** überprüfen und Radinfra hinzufügen\n\nBitte schaue dir den Bereich rund um dieses erkannte Verkehrszeichen an. Vermutlich fehlt hier eine Radinfrastruktur, die du hinzufügen kannst. Die nächste OSM-Radinfra ist **mehr als 30 m** entfernt.\n\n---\n\n### 🖼️ Bild & Karte\n\n- 📷 [**Mapillary-Bild anzeigen**](https://www.mapillary.com/app/?pKey=1019100407231269&focus=photo&trafficSign[]=regulatory--bicycles-only--g1&trafficSign[]=regulatory--shared-path-pedestrians-and-bicycles--g1&trafficSign[]=regulatory--dual-path-bicycles-and-pedestrians--g1&trafficSign[]=regulatory--dual-path-pedestrians-and-bicycles--g1&trafficSign[]=complementary--except-bicycles--g1&trafficSign[]=complementary--bike-route--g1&trafficSign[]=regulatory--pedestrians-only--g1)  \n(Das ist die neueste Aufnahme, auf der das Zeichen erkannt wurde: **02.06.2026**.)\n\n- 🗺️ [**In radinfra.de bzw. TILDA ansehen**](https://tilda-geo.de/regionen/radinfra?map=17.4/50.30612/7.463665&config=pdqyyt.7h3d.16g9vk&v=2&data=mapillary-cycleway-traffic-signs)  \n(Hinweis: Ist hilfreich um den aktuellen Stand der Radinfrastruktur vor Ort zu prüfen.)\n\n---\n\n### 📚 Nützliche Links\n\n- 🛑 [**Traffic Sign Tool** – DE:240](https://trafficsigns.osm-verkehrswende.org/DE?signs=DE:240)\n- 🚴 [**OSM-Wiki: Radverkehrsanlagen kartieren**](https://wiki.openstreetmap.org/wiki/DE:Bicycle/Radverkehrsanlagen_kartieren)\n- 📷 [**Chrome Browser plugin: Mapillary Traffic Sign & Image ID Copier**](https://chromewebstore.google.com/detail/mapillary-traffic-sign-im/eagencdgcmgechomeedlbkhfcihdjhdg)\n\n---\n\nViel Erfolg beim Prüfen und Mappen! 🗺️\n",
        "priority": 0,
        "name": "🟩 Task mit hoher Wahrscheinlichkeit valide"
      }
    },
    {
      "type": "Feature",
      "id": "830051045047315",
      "geometry": {
        "type": "Point",
        "coordinates": [
          7.464587688446045,
          50.31207109685201
        ]
      },
      "properties": {
        "image_id": "1065967146609257",
        "Verkehrzeichen": "240",
        "instruction": "\n### 🚧 Aufgabe: Verkehrszeichen **DE:240** überprüfen und Radinfra hinzufügen\n\nBitte schaue dir den Bereich rund um dieses erkannte Verkehrszeichen an. Vermutlich fehlt hier eine Radinfrastruktur, die du hinzufügen kannst. Die nächste OSM-Radinfra ist **mehr als 30 m** entfernt.\n\n---\n\n### 🖼️ Bild & Karte\n\n- 📷 [**Mapillary-Bild anzeigen**](https://www.mapillary.com/app/?pKey=1065967146609257&focus=photo&trafficSign[]=regulatory--bicycles-only--g1&trafficSign[]=regulatory--shared-path-pedestrians-and-bicycles--g1&trafficSign[]=regulatory--dual-path-bicycles-and-pedestrians--g1&trafficSign[]=regulatory--dual-path-pedestrians-and-bicycles--g1&trafficSign[]=complementary--except-bicycles--g1&trafficSign[]=complementary--bike-route--g1&trafficSign[]=regulatory--pedestrians-only--g1)  \n(Das ist die neueste Aufnahme, auf der das Zeichen erkannt wurde: **02.06.2026**.)\n\n- 🗺️ [**In radinfra.de bzw. TILDA ansehen**](https://tilda-geo.de/regionen/radinfra?map=17.4/50.312071/7.464588&config=pdqyyt.7h3d.16g9vk&v=2&data=mapillary-cycleway-traffic-signs)  \n(Hinweis: Ist hilfreich um den aktuellen Stand der Radinfrastruktur vor Ort zu prüfen.)\n\n---\n\n### 📚 Nützliche Links\n\n- 🛑 [**Traffic Sign Tool** – DE:240](https://trafficsigns.osm-verkehrswende.org/DE?signs=DE:240)\n- 🚴 [**OSM-Wiki: Radverkehrsanlagen kartieren**](https://wiki.openstreetmap.org/wiki/DE:Bicycle/Radverkehrsanlagen_kartieren)\n- 📷 [**Chrome Browser plugin: Mapillary Traffic Sign & Image ID Copier**](https://chromewebstore.google.com/detail/mapillary-traffic-sign-im/eagencdgcmgechomeedlbkhfcihdjhdg)\n\n---\n\nViel Erfolg beim Prüfen und Mappen! 🗺️\n",
        "priority": 0,
        "name": "🟩 Task mit hoher Wahrscheinlichkeit valide"
      }
    },
    {
      "type": "Feature",
      "id": "2238222202980626",
      "geometry": {
        "type": "Point",
        "coordinates": [
          7.464169263839722,
          50.294596572203204
        ]
      },
      "properties": {
        "image_id": "1255980583081087",
        "Verkehrzeichen": "240",
        "instruction": "\n### 🚧 Aufgabe: Verkehrszeichen **DE:240** überprüfen und Radinfra hinzufügen\n\nBitte schaue dir den Bereich rund um dieses erkannte Verkehrszeichen an. Vermutlich fehlt hier eine Radinfrastruktur, die du hinzufügen kannst. Die nächste OSM-Radinfra ist **mehr als 30 m** entfernt.\n\n---\n\n### 🖼️ Bild & Karte\n\n- 📷 [**Mapillary-Bild anzeigen**](https://www.mapillary.com/app/?pKey=1255980583081087&focus=photo&trafficSign[]=regulatory--bicycles-only--g1&trafficSign[]=regulatory--shared-path-pedestrians-and-bicycles--g1&trafficSign[]=regulatory--dual-path-bicycles-and-pedestrians--g1&trafficSign[]=regulatory--dual-path-pedestrians-and-bicycles--g1&trafficSign[]=complementary--except-bicycles--g1&trafficSign[]=complementary--bike-route--g1&trafficSign[]=regulatory--pedestrians-only--g1)  \n(Das ist die neueste Aufnahme, auf der das Zeichen erkannt wurde: **02.06.2026**.)\n\n- 🗺️ [**In radinfra.de bzw. TILDA ansehen**](https://tilda-geo.de/regionen/radinfra?map=17.4/50.294597/7.464169&config=pdqyyt.7h3d.16g9vk&v=2&data=mapillary-cycleway-traffic-signs)  \n(Hinweis: Ist hilfreich um den aktuellen Stand der Radinfrastruktur vor Ort zu prüfen.)\n\n---\n\n### 📚 Nützliche Links\n\n- 🛑 [**Traffic Sign Tool** – DE:240](https://trafficsigns.osm-verkehrswende.org/DE?signs=DE:240)\n- 🚴 [**OSM-Wiki: Radverkehrsanlagen kartieren**](https://wiki.openstreetmap.org/wiki/DE:Bicycle/Radverkehrsanlagen_kartieren)\n- 📷 [**Chrome Browser plugin: Mapillary Traffic Sign & Image ID Copier**](https://chromewebstore.google.com/detail/mapillary-traffic-sign-im/eagencdgcmgechomeedlbkhfcihdjhdg)\n\n---\n\nViel Erfolg beim Prüfen und Mappen! 🗺️\n",
        "priority": 0,
        "name": "🟩 Task mit hoher Wahrscheinlichkeit valide"
      }
    },
    {
      "type": "Feature",
      "id": "992602081427538",
      "geometry": {
        "type": "Point",
        "coordinates": [
          7.464340925216675,
          50.29597078209338
        ]
      },
      "properties": {
        "image_id": "2503724303396189",
        "Verkehrzeichen": "240",
        "instruction": "\n### 🚧 Aufgabe: Verkehrszeichen **DE:240** überprüfen und Radinfra hinzufügen\n\nBitte schaue dir den Bereich rund um dieses erkannte Verkehrszeichen an. Vermutlich fehlt hier eine Radinfrastruktur, die du hinzufügen kannst. Die nächste OSM-Radinfra ist **mehr als 30 m** entfernt.\n\n---\n\n### 🖼️ Bild & Karte\n\n- 📷 [**Mapillary-Bild anzeigen**](https://www.mapillary.com/app/?pKey=2503724303396189&focus=photo&trafficSign[]=regulatory--bicycles-only--g1&trafficSign[]=regulatory--shared-path-pedestrians-and-bicycles--g1&trafficSign[]=regulatory--dual-path-bicycles-and-pedestrians--g1&trafficSign[]=regulatory--dual-path-pedestrians-and-bicycles--g1&trafficSign[]=complementary--except-bicycles--g1&trafficSign[]=complementary--bike-route--g1&trafficSign[]=regulatory--pedestrians-only--g1)  \n(Das ist die neueste Aufnahme, auf der das Zeichen erkannt wurde: **02.06.2026**.)\n\n- 🗺️ [**In radinfra.de bzw. TILDA ansehen**](https://tilda-geo.de/regionen/radinfra?map=17.4/50.295971/7.464341&config=pdqyyt.7h3d.16g9vk&v=2&data=mapillary-cycleway-traffic-signs)  \n(Hinweis: Ist hilfreich um den aktuellen Stand der Radinfrastruktur vor Ort zu prüfen.)\n\n---\n\n### 📚 Nützliche Links\n\n- 🛑 [**Traffic Sign Tool** – DE:240](https://trafficsigns.osm-verkehrswende.org/DE?signs=DE:240)\n- 🚴 [**OSM-Wiki: Radverkehrsanlagen kartieren**](https://wiki.openstreetmap.org/wiki/DE:Bicycle/Radverkehrsanlagen_kartieren)\n- 📷 [**Chrome Browser plugin: Mapillary Traffic Sign & Image ID Copier**](https://chromewebstore.google.com/detail/mapillary-traffic-sign-im/eagencdgcmgechomeedlbkhfcihdjhdg)\n\n---\n\nViel Erfolg beim Prüfen und Mappen! 🗺️\n",
        "priority": 0,
        "name": "🟩 Task mit hoher Wahrscheinlichkeit valide"
      }
    },
    {
      "type": "Feature",
      "id": "411603620381629",
      "geometry": {
        "type": "Point",
        "coordinates": [
          7.449325919151306,
          50.26382924332685
        ]
      },
      "properties": {
        "image_id": "2195965537615685",
        "Verkehrzeichen": "240",
        "instruction": "\n### 🚧 Aufgabe: Verkehrszeichen **DE:240** überprüfen und Radinfra hinzufügen\n\nBitte schaue dir den Bereich rund um dieses erkannte Verkehrszeichen an. Vermutlich fehlt hier eine Radinfrastruktur, die du hinzufügen kannst. Die nächste OSM-Radinfra ist **ca. 27 m** entfernt.\n\n---\n\n### 🖼️ Bild & Karte\n\n- 📷 [**Mapillary-Bild anzeigen**](https://www.mapillary.com/app/?pKey=2195965537615685&focus=photo&trafficSign[]=regulatory--bicycles-only--g1&trafficSign[]=regulatory--shared-path-pedestrians-and-bicycles--g1&trafficSign[]=regulatory--dual-path-bicycles-and-pedestrians--g1&trafficSign[]=regulatory--dual-path-pedestrians-and-bicycles--g1&trafficSign[]=complementary--except-bicycles--g1&trafficSign[]=complementary--bike-route--g1&trafficSign[]=regulatory--pedestrians-only--g1)  \n(Das ist die neueste Aufnahme, auf der das Zeichen erkannt wurde: **16.04.2026**.)\n\n- 🗺️ [**In radinfra.de bzw. TILDA ansehen**](https://tilda-geo.de/regionen/radinfra?map=17.4/50.263829/7.449326&config=pdqyyt.7h3d.16g9vk&v=2&data=mapillary-cycleway-traffic-signs)  \n(Hinweis: Ist hilfreich um den aktuellen Stand der Radinfrastruktur vor Ort zu prüfen.)\n\n---\n\n### 📚 Nützliche Links\n\n- 🛑 [**Traffic Sign Tool** – DE:240](https://trafficsigns.osm-verkehrswende.org/DE?signs=DE:240)\n- 🚴 [**OSM-Wiki: Radverkehrsanlagen kartieren**](https://wiki.openstreetmap.org/wiki/DE:Bicycle/Radverkehrsanlagen_kartieren)\n- 📷 [**Chrome Browser plugin: Mapillary Traffic Sign & Image ID Copier**](https://chromewebstore.google.com/detail/mapillary-traffic-sign-im/eagencdgcmgechomeedlbkhfcihdjhdg)\n\n---\n\nViel Erfolg beim Prüfen und Mappen! 🗺️\n",
        "priority": 1,
        "name": "🟨 Task mit mittlerer Wahrscheinlichkeit valide"
      }
    },
    {
      "type": "Feature",
      "id": "302189284776779",
      "geometry": {
        "type": "Point",
        "coordinates": [
          7.479232549667358,
          50.42869437575885
        ]
      },
      "properties": {
        "image_id": "927999306922272",
        "Verkehrzeichen": "237",
        "instruction": "\n### 🚧 Aufgabe: Verkehrszeichen **DE:237** überprüfen und Radinfra hinzufügen\n\nBitte schaue dir den Bereich rund um dieses erkannte Verkehrszeichen an. Vermutlich fehlt hier eine Radinfrastruktur, die du hinzufügen kannst. Die nächste OSM-Radinfra ist **mehr als 30 m** entfernt.\n\n---\n\n### 🖼️ Bild & Karte\n\n- 📷 [**Mapillary-Bild anzeigen**](https://www.mapillary.com/app/?pKey=927999306922272&focus=photo&trafficSign[]=regulatory--bicycles-only--g1&trafficSign[]=regulatory--shared-path-pedestrians-and-bicycles--g1&trafficSign[]=regulatory--dual-path-bicycles-and-pedestrians--g1&trafficSign[]=regulatory--dual-path-pedestrians-and-bicycles--g1&trafficSign[]=complementary--except-bicycles--g1&trafficSign[]=complementary--bike-route--g1&trafficSign[]=regulatory--pedestrians-only--g1)  \n(Das ist die neueste Aufnahme, auf der das Zeichen erkannt wurde: **01.06.2026**.)\n\n- 🗺️ [**In radinfra.de bzw. TILDA ansehen**](https://tilda-geo.de/regionen/radinfra?map=17.4/50.428694/7.479233&config=pdqyyt.7h3d.16g9vk&v=2&data=mapillary-cycleway-traffic-signs)  \n(Hinweis: Ist hilfreich um den aktuellen Stand der Radinfrastruktur vor Ort zu prüfen.)\n\n---\n\n### 📚 Nützliche Links\n\n- 🛑 [**Traffic Sign Tool** – DE:237](https://trafficsigns.osm-verkehrswende.org/DE?signs=DE:237)\n- 🚴 [**OSM-Wiki: Radverkehrsanlagen kartieren**](https://wiki.openstreetmap.org/wiki/DE:Bicycle/Radverkehrsanlagen_kartieren)\n- 📷 [**Chrome Browser plugin: Mapillary Traffic Sign & Image ID Copier**](https://chromewebstore.google.com/detail/mapillary-traffic-sign-im/eagencdgcmgechomeedlbkhfcihdjhdg)\n\n---\n\nViel Erfolg beim Prüfen und Mappen! 🗺️\n",
        "priority": 0,
        "name": "🟩 Task mit hoher Wahrscheinlichkeit valide"
      }
    },
    {
      "type": "Feature",
      "id": "1095606328403016",
      "geometry": {
        "type": "Point",
        "coordinates": [
          7.801242470741272,
          50.430696893647024
        ]
      },
      "properties": {
        "image_id": "772201835536997",
        "Verkehrzeichen": "240",
        "instruction": "\n### 🚧 Aufgabe: Verkehrszeichen **DE:240** überprüfen und Radinfra hinzufügen\n\nBitte schaue dir den Bereich rund um dieses erkannte Verkehrszeichen an. Vermutlich fehlt hier eine Radinfrastruktur, die du hinzufügen kannst. Die nächste OSM-Radinfra ist **mehr als 30 m** entfernt.\n\n---\n\n### 🖼️ Bild & Karte\n\n- 📷 [**Mapillary-Bild anzeigen**](https://www.mapillary.com/app/?pKey=772201835536997&focus=photo&trafficSign[]=regulatory--bicycles-only--g1&trafficSign[]=regulatory--shared-path-pedestrians-and-bicycles--g1&trafficSign[]=regulatory--dual-path-bicycles-and-pedestrians--g1&trafficSign[]=regulatory--dual-path-pedestrians-and-bicycles--g1&trafficSign[]=complementary--except-bicycles--g1&trafficSign[]=complementary--bike-route--g1&trafficSign[]=regulatory--pedestrians-only--g1)  \n(Das ist die neueste Aufnahme, auf der das Zeichen erkannt wurde: **01.03.2026**.)\n\n- 🗺️ [**In radinfra.de bzw. TILDA ansehen**](https://tilda-geo.de/regionen/radinfra?map=17.4/50.430697/7.801242&config=pdqyyt.7h3d.16g9vk&v=2&data=mapillary-cycleway-traffic-signs)  \n(Hinweis: Ist hilfreich um den aktuellen Stand der Radinfrastruktur vor Ort zu prüfen.)\n\n---\n\n### 📚 Nützliche Links\n\n- 🛑 [**Traffic Sign Tool** – DE:240](https://trafficsigns.osm-verkehrswende.org/DE?signs=DE:240)\n- 🚴 [**OSM-Wiki: Radverkehrsanlagen kartieren**](https://wiki.openstreetmap.org/wiki/DE:Bicycle/Radverkehrsanlagen_kartieren)\n- 📷 [**Chrome Browser plugin: Mapillary Traffic Sign & Image ID Copier**](https://chromewebstore.google.com/detail/mapillary-traffic-sign-im/eagencdgcmgechomeedlbkhfcihdjhdg)\n\n---\n\nViel Erfolg beim Prüfen und Mappen! 🗺️\n",
        "priority": 0,
        "name": "🟩 Task mit hoher Wahrscheinlichkeit valide"
      }
    },
    {
      "type": "Feature",
      "id": "1457513558299920",
      "geometry": {
        "type": "Point",
        "coordinates": [
          8.180737495422363,
          49.599936554333595
        ]
      },
      "properties": {
        "image_id": "905361982470351",
        "Verkehrzeichen": "240",
        "instruction": "\n### 🚧 Aufgabe: Verkehrszeichen **DE:240** überprüfen und Radinfra hinzufügen\n\nBitte schaue dir den Bereich rund um dieses erkannte Verkehrszeichen an. Vermutlich fehlt hier eine Radinfrastruktur, die du hinzufügen kannst. Die nächste OSM-Radinfra ist **mehr als 30 m** entfernt.\n\n---\n\n### 🖼️ Bild & Karte\n\n- 📷 [**Mapillary-Bild anzeigen**](https://www.mapillary.com/app/?pKey=905361982470351&focus=photo&trafficSign[]=regulatory--bicycles-only--g1&trafficSign[]=regulatory--shared-path-pedestrians-and-bicycles--g1&trafficSign[]=regulatory--dual-path-bicycles-and-pedestrians--g1&trafficSign[]=regulatory--dual-path-pedestrians-and-bicycles--g1&trafficSign[]=complementary--except-bicycles--g1&trafficSign[]=complementary--bike-route--g1&trafficSign[]=regulatory--pedestrians-only--g1)  \n(Das ist die neueste Aufnahme, auf der das Zeichen erkannt wurde: **15.04.2026**.)\n\n- 🗺️ [**In radinfra.de bzw. TILDA ansehen**](https://tilda-geo.de/regionen/radinfra?map=17.4/49.599937/8.180737&config=pdqyyt.7h3d.16g9vk&v=2&data=mapillary-cycleway-traffic-signs)  \n(Hinweis: Ist hilfreich um den aktuellen Stand der Radinfrastruktur vor Ort zu prüfen.)\n\n---\n\n### 📚 Nützliche Links\n\n- 🛑 [**Traffic Sign Tool** – DE:240](https://trafficsigns.osm-verkehrswende.org/DE?signs=DE:240)\n- 🚴 [**OSM-Wiki: Radverkehrsanlagen kartieren**](https://wiki.openstreetmap.org/wiki/DE:Bicycle/Radverkehrsanlagen_kartieren)\n- 📷 [**Chrome Browser plugin: Mapillary Traffic Sign & Image ID Copier**](https://chromewebstore.google.com/detail/mapillary-traffic-sign-im/eagencdgcmgechomeedlbkhfcihdjhdg)\n\n---\n\nViel Erfolg beim Prüfen und Mappen! 🗺️\n",
        "priority": 0,
        "name": "🟩 Task mit hoher Wahrscheinlichkeit valide"
      }
    },
    {
      "type": "Feature",
      "id": "1303688350884626",
      "geometry": {
        "type": "Point",
        "coordinates": [
          8.192233443260193,
          49.08451264229754
        ]
      },
      "properties": {
        "image_id": "1246290970912098",
        "Verkehrzeichen": "240",
        "instruction": "\n### 🚧 Aufgabe: Verkehrszeichen **DE:240** überprüfen und Radinfra hinzufügen\n\nBitte schaue dir den Bereich rund um dieses erkannte Verkehrszeichen an. Vermutlich fehlt hier eine Radinfrastruktur, die du hinzufügen kannst. Die nächste OSM-Radinfra ist **mehr als 30 m** entfernt.\n\n---\n\n### 🖼️ Bild & Karte\n\n- 📷 [**Mapillary-Bild anzeigen**](https://www.mapillary.com/app/?pKey=1246290970912098&focus=photo&trafficSign[]=regulatory--bicycles-only--g1&trafficSign[]=regulatory--shared-path-pedestrians-and-bicycles--g1&trafficSign[]=regulatory--dual-path-bicycles-and-pedestrians--g1&trafficSign[]=regulatory--dual-path-pedestrians-and-bicycles--g1&trafficSign[]=complementary--except-bicycles--g1&trafficSign[]=complementary--bike-route--g1&trafficSign[]=regulatory--pedestrians-only--g1)  \n(Das ist die neueste Aufnahme, auf der das Zeichen erkannt wurde: **10.05.2026**.)\n\n- 🗺️ [**In radinfra.de bzw. TILDA ansehen**](https://tilda-geo.de/regionen/radinfra?map=17.4/49.084513/8.192233&config=pdqyyt.7h3d.16g9vk&v=2&data=mapillary-cycleway-traffic-signs)  \n(Hinweis: Ist hilfreich um den aktuellen Stand der Radinfrastruktur vor Ort zu prüfen.)\n\n---\n\n### 📚 Nützliche Links\n\n- 🛑 [**Traffic Sign Tool** – DE:240](https://trafficsigns.osm-verkehrswende.org/DE?signs=DE:240)\n- 🚴 [**OSM-Wiki: Radverkehrsanlagen kartieren**](https://wiki.openstreetmap.org/wiki/DE:Bicycle/Radverkehrsanlagen_kartieren)\n- 📷 [**Chrome Browser plugin: Mapillary Traffic Sign & Image ID Copier**](https://chromewebstore.google.com/detail/mapillary-traffic-sign-im/eagencdgcmgechomeedlbkhfcihdjhdg)\n\n---\n\nViel Erfolg beim Prüfen und Mappen! 🗺️\n",
        "priority": 0,
        "name": "🟩 Task mit hoher Wahrscheinlichkeit valide"
      }
    },
    {
      "type": "Feature",
      "id": "480393480727738",
      "geometry": {
        "type": "Point",
        "coordinates": [
          8.233110308647156,
          49.1417129383066
        ]
      },
      "properties": {
        "image_id": "2977810495899228",
        "Verkehrzeichen": "240",
        "instruction": "\n### 🚧 Aufgabe: Verkehrszeichen **DE:240** überprüfen und Radinfra hinzufügen\n\nBitte schaue dir den Bereich rund um dieses erkannte Verkehrszeichen an. Vermutlich fehlt hier eine Radinfrastruktur, die du hinzufügen kannst. Die nächste OSM-Radinfra ist **mehr als 30 m** entfernt.\n\n---\n\n### 🖼️ Bild & Karte\n\n- 📷 [**Mapillary-Bild anzeigen**](https://www.mapillary.com/app/?pKey=2977810495899228&focus=photo&trafficSign[]=regulatory--bicycles-only--g1&trafficSign[]=regulatory--shared-path-pedestrians-and-bicycles--g1&trafficSign[]=regulatory--dual-path-bicycles-and-pedestrians--g1&trafficSign[]=regulatory--dual-path-pedestrians-and-bicycles--g1&trafficSign[]=complementary--except-bicycles--g1&trafficSign[]=complementary--bike-route--g1&trafficSign[]=regulatory--pedestrians-only--g1)  \n(Das ist die neueste Aufnahme, auf der das Zeichen erkannt wurde: **24.08.2025**.)\n\n- 🗺️ [**In radinfra.de bzw. TILDA ansehen**](https://tilda-geo.de/regionen/radinfra?map=17.4/49.141713/8.23311&config=pdqyyt.7h3d.16g9vk&v=2&data=mapillary-cycleway-traffic-signs)  \n(Hinweis: Ist hilfreich um den aktuellen Stand der Radinfrastruktur vor Ort zu prüfen.)\n\n---\n\n### 📚 Nützliche Links\n\n- 🛑 [**Traffic Sign Tool** – DE:240](https://trafficsigns.osm-verkehrswende.org/DE?signs=DE:240)\n- 🚴 [**OSM-Wiki: Radverkehrsanlagen kartieren**](https://wiki.openstreetmap.org/wiki/DE:Bicycle/Radverkehrsanlagen_kartieren)\n- 📷 [**Chrome Browser plugin: Mapillary Traffic Sign & Image ID Copier**](https://chromewebstore.google.com/detail/mapillary-traffic-sign-im/eagencdgcmgechomeedlbkhfcihdjhdg)\n\n---\n\nViel Erfolg beim Prüfen und Mappen! 🗺️\n",
        "priority": 0,
        "name": "🟩 Task mit hoher Wahrscheinlichkeit valide"
      }
    },
    {
      "type": "Feature",
      "id": "506026434769804",
      "geometry": {
        "type": "Point",
        "coordinates": [
          8.249284029006958,
          49.15141534264728
        ]
      },
      "properties": {
        "image_id": "2981236965541228",
        "Verkehrzeichen": "237",
        "instruction": "\n### 🚧 Aufgabe: Verkehrszeichen **DE:237** überprüfen und Radinfra hinzufügen\n\nBitte schaue dir den Bereich rund um dieses erkannte Verkehrszeichen an. Vermutlich fehlt hier eine Radinfrastruktur, die du hinzufügen kannst. Die nächste OSM-Radinfra ist **mehr als 30 m** entfernt.\n\n---\n\n### 🖼️ Bild & Karte\n\n- 📷 [**Mapillary-Bild anzeigen**](https://www.mapillary.com/app/?pKey=2981236965541228&focus=photo&trafficSign[]=regulatory--bicycles-only--g1&trafficSign[]=regulatory--shared-path-pedestrians-and-bicycles--g1&trafficSign[]=regulatory--dual-path-bicycles-and-pedestrians--g1&trafficSign[]=regulatory--dual-path-pedestrians-and-bicycles--g1&trafficSign[]=complementary--except-bicycles--g1&trafficSign[]=complementary--bike-route--g1&trafficSign[]=regulatory--pedestrians-only--g1)  \n(Das ist die neueste Aufnahme, auf der das Zeichen erkannt wurde: **10.05.2026**.)\n\n- 🗺️ [**In radinfra.de bzw. TILDA ansehen**](https://tilda-geo.de/regionen/radinfra?map=17.4/49.151415/8.249284&config=pdqyyt.7h3d.16g9vk&v=2&data=mapillary-cycleway-traffic-signs)  \n(Hinweis: Ist hilfreich um den aktuellen Stand der Radinfrastruktur vor Ort zu prüfen.)\n\n---\n\n### 📚 Nützliche Links\n\n- 🛑 [**Traffic Sign Tool** – DE:237](https://trafficsigns.osm-verkehrswende.org/DE?signs=DE:237)\n- 🚴 [**OSM-Wiki: Radverkehrsanlagen kartieren**](https://wiki.openstreetmap.org/wiki/DE:Bicycle/Radverkehrsanlagen_kartieren)\n- 📷 [**Chrome Browser plugin: Mapillary Traffic Sign & Image ID Copier**](https://chromewebstore.google.com/detail/mapillary-traffic-sign-im/eagencdgcmgechomeedlbkhfcihdjhdg)\n\n---\n\nViel Erfolg beim Prüfen und Mappen! 🗺️\n",
        "priority": 0,
        "name": "🟩 Task mit hoher Wahrscheinlichkeit valide"
      }
    },
    {
      "type": "Feature",
      "id": "850721146079342",
      "geometry": {
        "type": "Point",
        "coordinates": [
          8.245394825935364,
          49.10788178677356
        ]
      },
      "properties": {
        "image_id": "1703145780688195",
        "Verkehrzeichen": "240",
        "instruction": "\n### 🚧 Aufgabe: Verkehrszeichen **DE:240** überprüfen und Radinfra hinzufügen\n\nBitte schaue dir den Bereich rund um dieses erkannte Verkehrszeichen an. Vermutlich fehlt hier eine Radinfrastruktur, die du hinzufügen kannst. Die nächste OSM-Radinfra ist **mehr als 30 m** entfernt.\n\n---\n\n### 🖼️ Bild & Karte\n\n- 📷 [**Mapillary-Bild anzeigen**](https://www.mapillary.com/app/?pKey=1703145780688195&focus=photo&trafficSign[]=regulatory--bicycles-only--g1&trafficSign[]=regulatory--shared-path-pedestrians-and-bicycles--g1&trafficSign[]=regulatory--dual-path-bicycles-and-pedestrians--g1&trafficSign[]=regulatory--dual-path-pedestrians-and-bicycles--g1&trafficSign[]=complementary--except-bicycles--g1&trafficSign[]=complementary--bike-route--g1&trafficSign[]=regulatory--pedestrians-only--g1)  \n(Das ist die neueste Aufnahme, auf der das Zeichen erkannt wurde: **10.05.2026**.)\n\n- 🗺️ [**In radinfra.de bzw. TILDA ansehen**](https://tilda-geo.de/regionen/radinfra?map=17.4/49.107882/8.245395&config=pdqyyt.7h3d.16g9vk&v=2&data=mapillary-cycleway-traffic-signs)  \n(Hinweis: Ist hilfreich um den aktuellen Stand der Radinfrastruktur vor Ort zu prüfen.)\n\n---\n\n### 📚 Nützliche Links\n\n- 🛑 [**Traffic Sign Tool** – DE:240](https://trafficsigns.osm-verkehrswende.org/DE?signs=DE:240)\n- 🚴 [**OSM-Wiki: Radverkehrsanlagen kartieren**](https://wiki.openstreetmap.org/wiki/DE:Bicycle/Radverkehrsanlagen_kartieren)\n- 📷 [**Chrome Browser plugin: Mapillary Traffic Sign & Image ID Copier**](https://chromewebstore.google.com/detail/mapillary-traffic-sign-im/eagencdgcmgechomeedlbkhfcihdjhdg)\n\n---\n\nViel Erfolg beim Prüfen und Mappen! 🗺️\n",
        "priority": 0,
        "name": "🟩 Task mit hoher Wahrscheinlichkeit valide"
      }
    },
    {
      "type": "Feature",
      "id": "372408320775538",
      "geometry": {
        "type": "Point",
        "coordinates": [
          8.345081806182861,
          49.295212170171055
        ]
      },
      "properties": {
        "image_id": "3419327391557870",
        "Verkehrzeichen": "240",
        "instruction": "\n### 🚧 Aufgabe: Verkehrszeichen **DE:240** überprüfen und Radinfra hinzufügen\n\nBitte schaue dir den Bereich rund um dieses erkannte Verkehrszeichen an. Vermutlich fehlt hier eine Radinfrastruktur, die du hinzufügen kannst. Die nächste OSM-Radinfra ist **mehr als 30 m** entfernt.\n\n---\n\n### 🖼️ Bild & Karte\n\n- 📷 [**Mapillary-Bild anzeigen**](https://www.mapillary.com/app/?pKey=3419327391557870&focus=photo&trafficSign[]=regulatory--bicycles-only--g1&trafficSign[]=regulatory--shared-path-pedestrians-and-bicycles--g1&trafficSign[]=regulatory--dual-path-bicycles-and-pedestrians--g1&trafficSign[]=regulatory--dual-path-pedestrians-and-bicycles--g1&trafficSign[]=complementary--except-bicycles--g1&trafficSign[]=complementary--bike-route--g1&trafficSign[]=regulatory--pedestrians-only--g1)  \n(Das ist die neueste Aufnahme, auf der das Zeichen erkannt wurde: **21.05.2026**.)\n\n- 🗺️ [**In radinfra.de bzw. TILDA ansehen**](https://tilda-geo.de/regionen/radinfra?map=17.4/49.295212/8.345082&config=pdqyyt.7h3d.16g9vk&v=2&data=mapillary-cycleway-traffic-signs)  \n(Hinweis: Ist hilfreich um den aktuellen Stand der Radinfrastruktur vor Ort zu prüfen.)\n\n---\n\n### 📚 Nützliche Links\n\n- 🛑 [**Traffic Sign Tool** – DE:240](https://trafficsigns.osm-verkehrswende.org/DE?signs=DE:240)\n- 🚴 [**OSM-Wiki: Radverkehrsanlagen kartieren**](https://wiki.openstreetmap.org/wiki/DE:Bicycle/Radverkehrsanlagen_kartieren)\n- 📷 [**Chrome Browser plugin: Mapillary Traffic Sign & Image ID Copier**](https://chromewebstore.google.com/detail/mapillary-traffic-sign-im/eagencdgcmgechomeedlbkhfcihdjhdg)\n\n---\n\nViel Erfolg beim Prüfen und Mappen! 🗺️\n",
        "priority": 0,
        "name": "🟩 Task mit hoher Wahrscheinlichkeit valide"
      }
    },
    {
      "type": "Feature",
      "id": "530203248630475",
      "geometry": {
        "type": "Point",
        "coordinates": [
          8.92087697982788,
          54.209541256800605
        ]
      },
      "properties": {
        "image_id": "1404945898184944",
        "Verkehrzeichen": "240",
        "instruction": "\n### 🚧 Aufgabe: Verkehrszeichen **DE:240** überprüfen und Radinfra hinzufügen\n\nBitte schaue dir den Bereich rund um dieses erkannte Verkehrszeichen an. Vermutlich fehlt hier eine Radinfrastruktur, die du hinzufügen kannst. Die nächste OSM-Radinfra ist **mehr als 30 m** entfernt.\n\n---\n\n### 🖼️ Bild & Karte\n\n- 📷 [**Mapillary-Bild anzeigen**](https://www.mapillary.com/app/?pKey=1404945898184944&focus=photo&trafficSign[]=regulatory--bicycles-only--g1&trafficSign[]=regulatory--shared-path-pedestrians-and-bicycles--g1&trafficSign[]=regulatory--dual-path-bicycles-and-pedestrians--g1&trafficSign[]=regulatory--dual-path-pedestrians-and-bicycles--g1&trafficSign[]=complementary--except-bicycles--g1&trafficSign[]=complementary--bike-route--g1&trafficSign[]=regulatory--pedestrians-only--g1)  \n(Das ist die neueste Aufnahme, auf der das Zeichen erkannt wurde: **19.08.2026**.)\n\n- 🗺️ [**In radinfra.de bzw. TILDA ansehen**](https://tilda-geo.de/regionen/radinfra?map=17.4/54.209541/8.920877&config=pdqyyt.7h3d.16g9vk&v=2&data=mapillary-cycleway-traffic-signs)  \n(Hinweis: Ist hilfreich um den aktuellen Stand der Radinfrastruktur vor Ort zu prüfen.)\n\n---\n\n### 📚 Nützliche Links\n\n- 🛑 [**Traffic Sign Tool** – DE:240](https://trafficsigns.osm-verkehrswende.org/DE?signs=DE:240)\n- 🚴 [**OSM-Wiki: Radverkehrsanlagen kartieren**](https://wiki.openstreetmap.org/wiki/DE:Bicycle/Radverkehrsanlagen_kartieren)\n- 📷 [**Chrome Browser plugin: Mapillary Traffic Sign & Image ID Copier**](https://chromewebstore.google.com/detail/mapillary-traffic-sign-im/eagencdgcmgechomeedlbkhfcihdjhdg)\n\n---\n\nViel Erfolg beim Prüfen und Mappen! 🗺️\n",
        "priority": 0,
        "name": "🟩 Task mit hoher Wahrscheinlichkeit valide"
      }
    },
    {
      "type": "Feature",
      "id": "2018084012013699",
      "geometry": {
        "type": "Point",
        "coordinates": [
          9.673612117767334,
          53.68037838840078
        ]
      },
      "properties": {
        "image_id": "1700932714348473",
        "Verkehrzeichen": "240",
        "instruction": "\n### 🚧 Aufgabe: Verkehrszeichen **DE:240** überprüfen und Radinfra hinzufügen\n\nBitte schaue dir den Bereich rund um dieses erkannte Verkehrszeichen an. Vermutlich fehlt hier eine Radinfrastruktur, die du hinzufügen kannst. Die nächste OSM-Radinfra ist **ca. 28 m** entfernt.\n\n---\n\n### 🖼️ Bild & Karte\n\n- 📷 [**Mapillary-Bild anzeigen**](https://www.mapillary.com/app/?pKey=1700932714348473&focus=photo&trafficSign[]=regulatory--bicycles-only--g1&trafficSign[]=regulatory--shared-path-pedestrians-and-bicycles--g1&trafficSign[]=regulatory--dual-path-bicycles-and-pedestrians--g1&trafficSign[]=regulatory--dual-path-pedestrians-and-bicycles--g1&trafficSign[]=complementary--except-bicycles--g1&trafficSign[]=complementary--bike-route--g1&trafficSign[]=regulatory--pedestrians-only--g1)  \n(Das ist die neueste Aufnahme, auf der das Zeichen erkannt wurde: **29.08.2026**.)\n\n- 🗺️ [**In radinfra.de bzw. TILDA ansehen**](https://tilda-geo.de/regionen/radinfra?map=17.4/53.680378/9.673612&config=pdqyyt.7h3d.16g9vk&v=2&data=mapillary-cycleway-traffic-signs)  \n(Hinweis: Ist hilfreich um den aktuellen Stand der Radinfrastruktur vor Ort zu prüfen.)\n\n---\n\n### 📚 Nützliche Links\n\n- 🛑 [**Traffic Sign Tool** – DE:240](https://trafficsigns.osm-verkehrswende.org/DE?signs=DE:240)\n- 🚴 [**OSM-Wiki: Radverkehrsanlagen kartieren**](https://wiki.openstreetmap.org/wiki/DE:Bicycle/Radverkehrsanlagen_kartieren)\n- 📷 [**Chrome Browser plugin: Mapillary Traffic Sign & Image ID Copier**](https://chromewebstore.google.com/detail/mapillary-traffic-sign-im/eagencdgcmgechomeedlbkhfcihdjhdg)\n\n---\n\nViel Erfolg beim Prüfen und Mappen! 🗺️\n",
        "priority": 1,
        "name": "🟨 Task mit mittlerer Wahrscheinlichkeit valide"
      }
    },
    {
      "type": "Feature",
      "id": "242167521979803",
      "geometry": {
        "type": "Point",
        "coordinates": [
          9.931844472885132,
          54.66773843788377
        ]
      },
      "properties": {
        "image_id": "27735277582762463",
        "Verkehrzeichen": "237",
        "instruction": "\n### 🚧 Aufgabe: Verkehrszeichen **DE:237** überprüfen und Radinfra hinzufügen\n\nBitte schaue dir den Bereich rund um dieses erkannte Verkehrszeichen an. Vermutlich fehlt hier eine Radinfrastruktur, die du hinzufügen kannst. Die nächste OSM-Radinfra ist **mehr als 30 m** entfernt.\n\n---\n\n### 🖼️ Bild & Karte\n\n- 📷 [**Mapillary-Bild anzeigen**](https://www.mapillary.com/app/?pKey=27735277582762463&focus=photo&trafficSign[]=regulatory--bicycles-only--g1&trafficSign[]=regulatory--shared-path-pedestrians-and-bicycles--g1&trafficSign[]=regulatory--dual-path-bicycles-and-pedestrians--g1&trafficSign[]=regulatory--dual-path-pedestrians-and-bicycles--g1&trafficSign[]=complementary--except-bicycles--g1&trafficSign[]=complementary--bike-route--g1&trafficSign[]=regulatory--pedestrians-only--g1)  \n(Das ist die neueste Aufnahme, auf der das Zeichen erkannt wurde: **05.06.2026**.)\n\n- 🗺️ [**In radinfra.de bzw. TILDA ansehen**](https://tilda-geo.de/regionen/radinfra?map=17.4/54.667738/9.931844&config=pdqyyt.7h3d.16g9vk&v=2&data=mapillary-cycleway-traffic-signs)  \n(Hinweis: Ist hilfreich um den aktuellen Stand der Radinfrastruktur vor Ort zu prüfen.)\n\n---\n\n### 📚 Nützliche Links\n\n- 🛑 [**Traffic Sign Tool** – DE:237](https://trafficsigns.osm-verkehrswende.org/DE?signs=DE:237)\n- 🚴 [**OSM-Wiki: Radverkehrsanlagen kartieren**](https://wiki.openstreetmap.org/wiki/DE:Bicycle/Radverkehrsanlagen_kartieren)\n- 📷 [**Chrome Browser plugin: Mapillary Traffic Sign & Image ID Copier**](https://chromewebstore.google.com/detail/mapillary-traffic-sign-im/eagencdgcmgechomeedlbkhfcihdjhdg)\n\n---\n\nViel Erfolg beim Prüfen und Mappen! 🗺️\n",
        "priority": 0,
        "name": "🟩 Task mit hoher Wahrscheinlichkeit valide"
      }
    },
    {
      "type": "Feature",
      "id": "470392260910301",
      "geometry": {
        "type": "Point",
        "coordinates": [
          9.933700561523438,
          53.75005258624137
        ]
      },
      "properties": {
        "image_id": "2062314251215104",
        "Verkehrzeichen": "240",
        "instruction": "\n### 🚧 Aufgabe: Verkehrszeichen **DE:240** überprüfen und Radinfra hinzufügen\n\nBitte schaue dir den Bereich rund um dieses erkannte Verkehrszeichen an. Vermutlich fehlt hier eine Radinfrastruktur, die du hinzufügen kannst. Die nächste OSM-Radinfra ist **mehr als 30 m** entfernt.\n\n---\n\n### 🖼️ Bild & Karte\n\n- 📷 [**Mapillary-Bild anzeigen**](https://www.mapillary.com/app/?pKey=2062314251215104&focus=photo&trafficSign[]=regulatory--bicycles-only--g1&trafficSign[]=regulatory--shared-path-pedestrians-and-bicycles--g1&trafficSign[]=regulatory--dual-path-bicycles-and-pedestrians--g1&trafficSign[]=regulatory--dual-path-pedestrians-and-bicycles--g1&trafficSign[]=complementary--except-bicycles--g1&trafficSign[]=complementary--bike-route--g1&trafficSign[]=regulatory--pedestrians-only--g1)  \n(Das ist die neueste Aufnahme, auf der das Zeichen erkannt wurde: **28.02.2026**.)\n\n- 🗺️ [**In radinfra.de bzw. TILDA ansehen**](https://tilda-geo.de/regionen/radinfra?map=17.4/53.750053/9.933701&config=pdqyyt.7h3d.16g9vk&v=2&data=mapillary-cycleway-traffic-signs)  \n(Hinweis: Ist hilfreich um den aktuellen Stand der Radinfrastruktur vor Ort zu prüfen.)\n\n---\n\n### 📚 Nützliche Links\n\n- 🛑 [**Traffic Sign Tool** – DE:240](https://trafficsigns.osm-verkehrswende.org/DE?signs=DE:240)\n- 🚴 [**OSM-Wiki: Radverkehrsanlagen kartieren**](https://wiki.openstreetmap.org/wiki/DE:Bicycle/Radverkehrsanlagen_kartieren)\n- 📷 [**Chrome Browser plugin: Mapillary Traffic Sign & Image ID Copier**](https://chromewebstore.google.com/detail/mapillary-traffic-sign-im/eagencdgcmgechomeedlbkhfcihdjhdg)\n\n---\n\nViel Erfolg beim Prüfen und Mappen! 🗺️\n",
        "priority": 0,
        "name": "🟩 Task mit hoher Wahrscheinlichkeit valide"
      }
    },
    {
      "type": "Feature",
      "id": "2608048316053224",
      "geometry": {
        "type": "Point",
        "coordinates": [
          10.012187361717224,
          53.81101908419075
        ]
      },
      "properties": {
        "image_id": "2276532189812184",
        "Verkehrzeichen": "237",
        "instruction": "\n### 🚧 Aufgabe: Verkehrszeichen **DE:237** überprüfen und Radinfra hinzufügen\n\nBitte schaue dir den Bereich rund um dieses erkannte Verkehrszeichen an. Vermutlich fehlt hier eine Radinfrastruktur, die du hinzufügen kannst. Die nächste OSM-Radinfra ist **mehr als 30 m** entfernt.\n\n---\n\n### 🖼️ Bild & Karte\n\n- 📷 [**Mapillary-Bild anzeigen**](https://www.mapillary.com/app/?pKey=2276532189812184&focus=photo&trafficSign[]=regulatory--bicycles-only--g1&trafficSign[]=regulatory--shared-path-pedestrians-and-bicycles--g1&trafficSign[]=regulatory--dual-path-bicycles-and-pedestrians--g1&trafficSign[]=regulatory--dual-path-pedestrians-and-bicycles--g1&trafficSign[]=complementary--except-bicycles--g1&trafficSign[]=complementary--bike-route--g1&trafficSign[]=regulatory--pedestrians-only--g1)  \n(Das ist die neueste Aufnahme, auf der das Zeichen erkannt wurde: **09.08.2026**.)\n\n- 🗺️ [**In radinfra.de bzw. TILDA ansehen**](https://tilda-geo.de/regionen/radinfra?map=17.4/53.811019/10.012187&config=pdqyyt.7h3d.16g9vk&v=2&data=mapillary-cycleway-traffic-signs)  \n(Hinweis: Ist hilfreich um den aktuellen Stand der Radinfrastruktur vor Ort zu prüfen.)\n\n---\n\n### 📚 Nützliche Links\n\n- 🛑 [**Traffic Sign Tool** – DE:237](https://trafficsigns.osm-verkehrswende.org/DE?signs=DE:237)\n- 🚴 [**OSM-Wiki: Radverkehrsanlagen kartieren**](https://wiki.openstreetmap.org/wiki/DE:Bicycle/Radverkehrsanlagen_kartieren)\n- 📷 [**Chrome Browser plugin: Mapillary Traffic Sign & Image ID Copier**](https://chromewebstore.google.com/detail/mapillary-traffic-sign-im/eagencdgcmgechomeedlbkhfcihdjhdg)\n\n---\n\nViel Erfolg beim Prüfen und Mappen! 🗺️\n",
        "priority": 0,
        "name": "🟩 Task mit hoher Wahrscheinlichkeit valide"
      }
    },
    {
      "type": "Feature",
      "id": "524213768755853",
      "geometry": {
        "type": "Point",
        "coordinates": [
          10.028344988822937,
          53.84097852873322
        ]
      },
      "properties": {
        "image_id": "1480714060480121",
        "Verkehrzeichen": "237",
        "instruction": "\n### 🚧 Aufgabe: Verkehrszeichen **DE:237** überprüfen und Radinfra hinzufügen\n\nBitte schaue dir den Bereich rund um dieses erkannte Verkehrszeichen an. Vermutlich fehlt hier eine Radinfrastruktur, die du hinzufügen kannst. Die nächste OSM-Radinfra ist **mehr als 30 m** entfernt.\n\n---\n\n### 🖼️ Bild & Karte\n\n- 📷 [**Mapillary-Bild anzeigen**](https://www.mapillary.com/app/?pKey=1480714060480121&focus=photo&trafficSign[]=regulatory--bicycles-only--g1&trafficSign[]=regulatory--shared-path-pedestrians-and-bicycles--g1&trafficSign[]=regulatory--dual-path-bicycles-and-pedestrians--g1&trafficSign[]=regulatory--dual-path-pedestrians-and-bicycles--g1&trafficSign[]=complementary--except-bicycles--g1&trafficSign[]=complementary--bike-route--g1&trafficSign[]=regulatory--pedestrians-only--g1)  \n(Das ist die neueste Aufnahme, auf der das Zeichen erkannt wurde: **09.07.2026**.)\n\n- 🗺️ [**In radinfra.de bzw. TILDA ansehen**](https://tilda-geo.de/regionen/radinfra?map=17.4/53.840979/10.028345&config=pdqyyt.7h3d.16g9vk&v=2&data=mapillary-cycleway-traffic-signs)  \n(Hinweis: Ist hilfreich um den aktuellen Stand der Radinfrastruktur vor Ort zu prüfen.)\n\n---\n\n### 📚 Nützliche Links\n\n- 🛑 [**Traffic Sign Tool** – DE:237](https://trafficsigns.osm-verkehrswende.org/DE?signs=DE:237)\n- 🚴 [**OSM-Wiki: Radverkehrsanlagen kartieren**](https://wiki.openstreetmap.org/wiki/DE:Bicycle/Radverkehrsanlagen_kartieren)\n- 📷 [**Chrome Browser plugin: Mapillary Traffic Sign & Image ID Copier**](https://chromewebstore.google.com/detail/mapillary-traffic-sign-im/eagencdgcmgechomeedlbkhfcihdjhdg)\n\n---\n\nViel Erfolg beim Prüfen und Mappen! 🗺️\n",
        "priority": 0,
        "name": "🟩 Task mit hoher Wahrscheinlichkeit valide"
      }
    },
    {
      "type": "Feature",
      "id": "459387079959608",
      "geometry": {
        "type": "Point",
        "coordinates": [
          10.020722150802612,
          53.81047428387592
        ]
      },
      "properties": {
        "image_id": "1764382431228769",
        "Verkehrzeichen": "237",
        "instruction": "\n### 🚧 Aufgabe: Verkehrszeichen **DE:237** überprüfen und Radinfra hinzufügen\n\nBitte schaue dir den Bereich rund um dieses erkannte Verkehrszeichen an. Vermutlich fehlt hier eine Radinfrastruktur, die du hinzufügen kannst. Die nächste OSM-Radinfra ist **mehr als 30 m** entfernt.\n\n---\n\n### 🖼️ Bild & Karte\n\n- 📷 [**Mapillary-Bild anzeigen**](https://www.mapillary.com/app/?pKey=1764382431228769&focus=photo&trafficSign[]=regulatory--bicycles-only--g1&trafficSign[]=regulatory--shared-path-pedestrians-and-bicycles--g1&trafficSign[]=regulatory--dual-path-bicycles-and-pedestrians--g1&trafficSign[]=regulatory--dual-path-pedestrians-and-bicycles--g1&trafficSign[]=complementary--except-bicycles--g1&trafficSign[]=complementary--bike-route--g1&trafficSign[]=regulatory--pedestrians-only--g1)  \n(Das ist die neueste Aufnahme, auf der das Zeichen erkannt wurde: **09.08.2026**.)\n\n- 🗺️ [**In radinfra.de bzw. TILDA ansehen**](https://tilda-geo.de/regionen/radinfra?map=17.4/53.810474/10.020722&config=pdqyyt.7h3d.16g9vk&v=2&data=mapillary-cycleway-traffic-signs)  \n(Hinweis: Ist hilfreich um den aktuellen Stand der Radinfrastruktur vor Ort zu prüfen.)\n\n---\n\n### 📚 Nützliche Links\n\n- 🛑 [**Traffic Sign Tool** – DE:237](https://trafficsigns.osm-verkehrswende.org/DE?signs=DE:237)\n- 🚴 [**OSM-Wiki: Radverkehrsanlagen kartieren**](https://wiki.openstreetmap.org/wiki/DE:Bicycle/Radverkehrsanlagen_kartieren)\n- 📷 [**Chrome Browser plugin: Mapillary Traffic Sign & Image ID Copier**](https://chromewebstore.google.com/detail/mapillary-traffic-sign-im/eagencdgcmgechomeedlbkhfcihdjhdg)\n\n---\n\nViel Erfolg beim Prüfen und Mappen! 🗺️\n",
        "priority": 0,
        "name": "🟩 Task mit hoher Wahrscheinlichkeit valide"
      }
    },
    {
      "type": "Feature",
      "id": "6165900310150806",
      "geometry": {
        "type": "Point",
        "coordinates": [
          10.100646615028381,
          53.842675019495545
        ]
      },
      "properties": {
        "image_id": "1351384773508628",
        "Verkehrzeichen": "240",
        "instruction": "\n### 🚧 Aufgabe: Verkehrszeichen **DE:240** überprüfen und Radinfra hinzufügen\n\nBitte schaue dir den Bereich rund um dieses erkannte Verkehrszeichen an. Vermutlich fehlt hier eine Radinfrastruktur, die du hinzufügen kannst. Die nächste OSM-Radinfra ist **mehr als 30 m** entfernt.\n\n---\n\n### 🖼️ Bild & Karte\n\n- 📷 [**Mapillary-Bild anzeigen**](https://www.mapillary.com/app/?pKey=1351384773508628&focus=photo&trafficSign[]=regulatory--bicycles-only--g1&trafficSign[]=regulatory--shared-path-pedestrians-and-bicycles--g1&trafficSign[]=regulatory--dual-path-bicycles-and-pedestrians--g1&trafficSign[]=regulatory--dual-path-pedestrians-and-bicycles--g1&trafficSign[]=complementary--except-bicycles--g1&trafficSign[]=complementary--bike-route--g1&trafficSign[]=regulatory--pedestrians-only--g1)  \n(Das ist die neueste Aufnahme, auf der das Zeichen erkannt wurde: **06.04.2026**.)\n\n- 🗺️ [**In radinfra.de bzw. TILDA ansehen**](https://tilda-geo.de/regionen/radinfra?map=17.4/53.842675/10.100647&config=pdqyyt.7h3d.16g9vk&v=2&data=mapillary-cycleway-traffic-signs)  \n(Hinweis: Ist hilfreich um den aktuellen Stand der Radinfrastruktur vor Ort zu prüfen.)\n\n---\n\n### 📚 Nützliche Links\n\n- 🛑 [**Traffic Sign Tool** – DE:240](https://trafficsigns.osm-verkehrswende.org/DE?signs=DE:240)\n- 🚴 [**OSM-Wiki: Radverkehrsanlagen kartieren**](https://wiki.openstreetmap.org/wiki/DE:Bicycle/Radverkehrsanlagen_kartieren)\n- 📷 [**Chrome Browser plugin: Mapillary Traffic Sign & Image ID Copier**](https://chromewebstore.google.com/detail/mapillary-traffic-sign-im/eagencdgcmgechomeedlbkhfcihdjhdg)\n\n---\n\nViel Erfolg beim Prüfen und Mappen! 🗺️\n",
        "priority": 0,
        "name": "🟩 Task mit hoher Wahrscheinlichkeit valide"
      }
    },
    {
      "type": "Feature",
      "id": "4195238147389207",
      "geometry": {
        "type": "Point",
        "coordinates": [
          10.38135051727295,
          53.88783778092542
        ]
      },
      "properties": {
        "image_id": "1058898280008452",
        "Verkehrzeichen": "240",
        "instruction": "\n### 🚧 Aufgabe: Verkehrszeichen **DE:240** überprüfen und Radinfra hinzufügen\n\nBitte schaue dir den Bereich rund um dieses erkannte Verkehrszeichen an. Vermutlich fehlt hier eine Radinfrastruktur, die du hinzufügen kannst. Die nächste OSM-Radinfra ist **mehr als 30 m** entfernt.\n\n---\n\n### 🖼️ Bild & Karte\n\n- 📷 [**Mapillary-Bild anzeigen**](https://www.mapillary.com/app/?pKey=1058898280008452&focus=photo&trafficSign[]=regulatory--bicycles-only--g1&trafficSign[]=regulatory--shared-path-pedestrians-and-bicycles--g1&trafficSign[]=regulatory--dual-path-bicycles-and-pedestrians--g1&trafficSign[]=regulatory--dual-path-pedestrians-and-bicycles--g1&trafficSign[]=complementary--except-bicycles--g1&trafficSign[]=complementary--bike-route--g1&trafficSign[]=regulatory--pedestrians-only--g1)  \n(Das ist die neueste Aufnahme, auf der das Zeichen erkannt wurde: **03.06.2026**.)\n\n- 🗺️ [**In radinfra.de bzw. TILDA ansehen**](https://tilda-geo.de/regionen/radinfra?map=17.4/53.887838/10.381351&config=pdqyyt.7h3d.16g9vk&v=2&data=mapillary-cycleway-traffic-signs)  \n(Hinweis: Ist hilfreich um den aktuellen Stand der Radinfrastruktur vor Ort zu prüfen.)\n\n---\n\n### 📚 Nützliche Links\n\n- 🛑 [**Traffic Sign Tool** – DE:240](https://trafficsigns.osm-verkehrswende.org/DE?signs=DE:240)\n- 🚴 [**OSM-Wiki: Radverkehrsanlagen kartieren**](https://wiki.openstreetmap.org/wiki/DE:Bicycle/Radverkehrsanlagen_kartieren)\n- 📷 [**Chrome Browser plugin: Mapillary Traffic Sign & Image ID Copier**](https://chromewebstore.google.com/detail/mapillary-traffic-sign-im/eagencdgcmgechomeedlbkhfcihdjhdg)\n\n---\n\nViel Erfolg beim Prüfen und Mappen! 🗺️\n",
        "priority": 0,
        "name": "🟩 Task mit hoher Wahrscheinlichkeit valide"
      }
    },
    {
      "type": "Feature",
      "id": "434915422736533",
      "geometry": {
        "type": "Point",
        "coordinates": [
          10.428197979927063,
          53.91062681394371
        ]
      },
      "properties": {
        "image_id": "1643373116870585",
        "Verkehrzeichen": "240",
        "instruction": "\n### 🚧 Aufgabe: Verkehrszeichen **DE:240** überprüfen und Radinfra hinzufügen\n\nBitte schaue dir den Bereich rund um dieses erkannte Verkehrszeichen an. Vermutlich fehlt hier eine Radinfrastruktur, die du hinzufügen kannst. Die nächste OSM-Radinfra ist **mehr als 30 m** entfernt.\n\n---\n\n### 🖼️ Bild & Karte\n\n- 📷 [**Mapillary-Bild anzeigen**](https://www.mapillary.com/app/?pKey=1643373116870585&focus=photo&trafficSign[]=regulatory--bicycles-only--g1&trafficSign[]=regulatory--shared-path-pedestrians-and-bicycles--g1&trafficSign[]=regulatory--dual-path-bicycles-and-pedestrians--g1&trafficSign[]=regulatory--dual-path-pedestrians-and-bicycles--g1&trafficSign[]=complementary--except-bicycles--g1&trafficSign[]=complementary--bike-route--g1&trafficSign[]=regulatory--pedestrians-only--g1)  \n(Das ist die neueste Aufnahme, auf der das Zeichen erkannt wurde: **03.05.2026**.)\n\n- 🗺️ [**In radinfra.de bzw. TILDA ansehen**](https://tilda-geo.de/regionen/radinfra?map=17.4/53.910627/10.428198&config=pdqyyt.7h3d.16g9vk&v=2&data=mapillary-cycleway-traffic-signs)  \n(Hinweis: Ist hilfreich um den aktuellen Stand der Radinfrastruktur vor Ort zu prüfen.)\n\n---\n\n### 📚 Nützliche Links\n\n- 🛑 [**Traffic Sign Tool** – DE:240](https://trafficsigns.osm-verkehrswende.org/DE?signs=DE:240)\n- 🚴 [**OSM-Wiki: Radverkehrsanlagen kartieren**](https://wiki.openstreetmap.org/wiki/DE:Bicycle/Radverkehrsanlagen_kartieren)\n- 📷 [**Chrome Browser plugin: Mapillary Traffic Sign & Image ID Copier**](https://chromewebstore.google.com/detail/mapillary-traffic-sign-im/eagencdgcmgechomeedlbkhfcihdjhdg)\n\n---\n\nViel Erfolg beim Prüfen und Mappen! 🗺️\n",
        "priority": 0,
        "name": "🟩 Task mit hoher Wahrscheinlichkeit valide"
      }
    },
    {
      "type": "Feature",
      "id": "655278080400353",
      "geometry": {
        "type": "Point",
        "coordinates": [
          12.230921387672424,
          51.40335550854556
        ]
      },
      "properties": {
        "image_id": "1653984169576764",
        "Verkehrzeichen": "240",
        "instruction": "\n### 🚧 Aufgabe: Verkehrszeichen **DE:240** überprüfen und Radinfra hinzufügen\n\nBitte schaue dir den Bereich rund um dieses erkannte Verkehrszeichen an. Vermutlich fehlt hier eine Radinfrastruktur, die du hinzufügen kannst. Die nächste OSM-Radinfra ist **mehr als 30 m** entfernt.\n\n---\n\n### 🖼️ Bild & Karte\n\n- 📷 [**Mapillary-Bild anzeigen**](https://www.mapillary.com/app/?pKey=1653984169576764&focus=photo&trafficSign[]=regulatory--bicycles-only--g1&trafficSign[]=regulatory--shared-path-pedestrians-and-bicycles--g1&trafficSign[]=regulatory--dual-path-bicycles-and-pedestrians--g1&trafficSign[]=regulatory--dual-path-pedestrians-and-bicycles--g1&trafficSign[]=complementary--except-bicycles--g1&trafficSign[]=complementary--bike-route--g1&trafficSign[]=regulatory--pedestrians-only--g1)  \n(Das ist die neueste Aufnahme, auf der das Zeichen erkannt wurde: **08.09.2026**.)\n\n- 🗺️ [**In radinfra.de bzw. TILDA ansehen**](https://tilda-geo.de/regionen/radinfra?map=17.4/51.403356/12.230921&config=pdqyyt.7h3d.16g9vk&v=2&data=mapillary-cycleway-traffic-signs)  \n(Hinweis: Ist hilfreich um den aktuellen Stand der Radinfrastruktur vor Ort zu prüfen.)\n\n---\n\n### 📚 Nützliche Links\n\n- 🛑 [**Traffic Sign Tool** – DE:240](https://trafficsigns.osm-verkehrswende.org/DE?signs=DE:240)\n- 🚴 [**OSM-Wiki: Radverkehrsanlagen kartieren**](https://wiki.openstreetmap.org/wiki/DE:Bicycle/Radverkehrsanlagen_kartieren)\n- 📷 [**Chrome Browser plugin: Mapillary Traffic Sign & Image ID Copier**](https://chromewebstore.google.com/detail/mapillary-traffic-sign-im/eagencdgcmgechomeedlbkhfcihdjhdg)\n\n---\n\nViel Erfolg beim Prüfen und Mappen! 🗺️\n",
        "priority": 0,
        "name": "🟩 Task mit hoher Wahrscheinlichkeit valide"
      }
    },
    {
      "type": "Feature",
      "id": "1136348737824087",
      "geometry": {
        "type": "Point",
        "coordinates": [
          12.315995693206787,
          51.35029268481753
        ]
      },
      "properties": {
        "image_id": "937817272734125",
        "Verkehrzeichen": "237",
        "instruction": "\n### 🚧 Aufgabe: Verkehrszeichen **DE:237** überprüfen und Radinfra hinzufügen\n\nBitte schaue dir den Bereich rund um dieses erkannte Verkehrszeichen an. Vermutlich fehlt hier eine Radinfrastruktur, die du hinzufügen kannst. Die nächste OSM-Radinfra ist **mehr als 30 m** entfernt.\n\n---\n\n### 🖼️ Bild & Karte\n\n- 📷 [**Mapillary-Bild anzeigen**](https://www.mapillary.com/app/?pKey=937817272734125&focus=photo&trafficSign[]=regulatory--bicycles-only--g1&trafficSign[]=regulatory--shared-path-pedestrians-and-bicycles--g1&trafficSign[]=regulatory--dual-path-bicycles-and-pedestrians--g1&trafficSign[]=regulatory--dual-path-pedestrians-and-bicycles--g1&trafficSign[]=complementary--except-bicycles--g1&trafficSign[]=complementary--bike-route--g1&trafficSign[]=regulatory--pedestrians-only--g1)  \n(Das ist die neueste Aufnahme, auf der das Zeichen erkannt wurde: **08.09.2026**.)\n\n- 🗺️ [**In radinfra.de bzw. TILDA ansehen**](https://tilda-geo.de/regionen/radinfra?map=17.4/51.350293/12.315996&config=pdqyyt.7h3d.16g9vk&v=2&data=mapillary-cycleway-traffic-signs)  \n(Hinweis: Ist hilfreich um den aktuellen Stand der Radinfrastruktur vor Ort zu prüfen.)\n\n---\n\n### 📚 Nützliche Links\n\n- 🛑 [**Traffic Sign Tool** – DE:237](https://trafficsigns.osm-verkehrswende.org/DE?signs=DE:237)\n- 🚴 [**OSM-Wiki: Radverkehrsanlagen kartieren**](https://wiki.openstreetmap.org/wiki/DE:Bicycle/Radverkehrsanlagen_kartieren)\n- 📷 [**Chrome Browser plugin: Mapillary Traffic Sign & Image ID Copier**](https://chromewebstore.google.com/detail/mapillary-traffic-sign-im/eagencdgcmgechomeedlbkhfcihdjhdg)\n\n---\n\nViel Erfolg beim Prüfen und Mappen! 🗺️\n",
        "priority": 0,
        "name": "🟩 Task mit hoher Wahrscheinlichkeit valide"
      }
    },
    {
      "type": "Feature",
      "id": "1110809560995941",
      "geometry": {
        "type": "Point",
        "coordinates": [
          12.385942339897156,
          51.360962424368694
        ]
      },
      "properties": {
        "image_id": "1060679813494750",
        "Verkehrzeichen": "237",
        "instruction": "\n### 🚧 Aufgabe: Verkehrszeichen **DE:237** überprüfen und Radinfra hinzufügen\n\nBitte schaue dir den Bereich rund um dieses erkannte Verkehrszeichen an. Vermutlich fehlt hier eine Radinfrastruktur, die du hinzufügen kannst. Die nächste OSM-Radinfra ist **mehr als 30 m** entfernt.\n\n---\n\n### 🖼️ Bild & Karte\n\n- 📷 [**Mapillary-Bild anzeigen**](https://www.mapillary.com/app/?pKey=1060679813494750&focus=photo&trafficSign[]=regulatory--bicycles-only--g1&trafficSign[]=regulatory--shared-path-pedestrians-and-bicycles--g1&trafficSign[]=regulatory--dual-path-bicycles-and-pedestrians--g1&trafficSign[]=regulatory--dual-path-pedestrians-and-bicycles--g1&trafficSign[]=complementary--except-bicycles--g1&trafficSign[]=complementary--bike-route--g1&trafficSign[]=regulatory--pedestrians-only--g1)  \n(Das ist die neueste Aufnahme, auf der das Zeichen erkannt wurde: **01.08.2026**.)\n\n- 🗺️ [**In radinfra.de bzw. TILDA ansehen**](https://tilda-geo.de/regionen/radinfra?map=17.4/51.360962/12.385942&config=pdqyyt.7h3d.16g9vk&v=2&data=mapillary-cycleway-traffic-signs)  \n(Hinweis: Ist hilfreich um den aktuellen Stand der Radinfrastruktur vor Ort zu prüfen.)\n\n---\n\n### 📚 Nützliche Links\n\n- 🛑 [**Traffic Sign Tool** – DE:237](https://trafficsigns.osm-verkehrswende.org/DE?signs=DE:237)\n- 🚴 [**OSM-Wiki: Radverkehrsanlagen kartieren**](https://wiki.openstreetmap.org/wiki/DE:Bicycle/Radverkehrsanlagen_kartieren)\n- 📷 [**Chrome Browser plugin: Mapillary Traffic Sign & Image ID Copier**](https://chromewebstore.google.com/detail/mapillary-traffic-sign-im/eagencdgcmgechomeedlbkhfcihdjhdg)\n\n---\n\nViel Erfolg beim Prüfen und Mappen! 🗺️\n",
        "priority": 0,
        "name": "🟩 Task mit hoher Wahrscheinlichkeit valide"
      }
    },
    {
      "type": "Feature",
      "id": "2724774217870019",
      "geometry": {
        "type": "Point",
        "coordinates": [
          12.385936975479126,
          51.3607413497991
        ]
      },
      "properties": {
        "image_id": "1060708569972888",
        "Verkehrzeichen": "237",
        "instruction": "\n### 🚧 Aufgabe: Verkehrszeichen **DE:237** überprüfen und Radinfra hinzufügen\n\nBitte schaue dir den Bereich rund um dieses erkannte Verkehrszeichen an. Vermutlich fehlt hier eine Radinfrastruktur, die du hinzufügen kannst. Die nächste OSM-Radinfra ist **mehr als 30 m** entfernt.\n\n---\n\n### 🖼️ Bild & Karte\n\n- 📷 [**Mapillary-Bild anzeigen**](https://www.mapillary.com/app/?pKey=1060708569972888&focus=photo&trafficSign[]=regulatory--bicycles-only--g1&trafficSign[]=regulatory--shared-path-pedestrians-and-bicycles--g1&trafficSign[]=regulatory--dual-path-bicycles-and-pedestrians--g1&trafficSign[]=regulatory--dual-path-pedestrians-and-bicycles--g1&trafficSign[]=complementary--except-bicycles--g1&trafficSign[]=complementary--bike-route--g1&trafficSign[]=regulatory--pedestrians-only--g1)  \n(Das ist die neueste Aufnahme, auf der das Zeichen erkannt wurde: **21.07.2026**.)\n\n- 🗺️ [**In radinfra.de bzw. TILDA ansehen**](https://tilda-geo.de/regionen/radinfra?map=17.4/51.360741/12.385937&config=pdqyyt.7h3d.16g9vk&v=2&data=mapillary-cycleway-traffic-signs)  \n(Hinweis: Ist hilfreich um den aktuellen Stand der Radinfrastruktur vor Ort zu prüfen.)\n\n---\n\n### 📚 Nützliche Links\n\n- 🛑 [**Traffic Sign Tool** – DE:237](https://trafficsigns.osm-verkehrswende.org/DE?signs=DE:237)\n- 🚴 [**OSM-Wiki: Radverkehrsanlagen kartieren**](https://wiki.openstreetmap.org/wiki/DE:Bicycle/Radverkehrsanlagen_kartieren)\n- 📷 [**Chrome Browser plugin: Mapillary Traffic Sign & Image ID Copier**](https://chromewebstore.google.com/detail/mapillary-traffic-sign-im/eagencdgcmgechomeedlbkhfcihdjhdg)\n\n---\n\nViel Erfolg beim Prüfen und Mappen! 🗺️\n",
        "priority": 0,
        "name": "🟩 Task mit hoher Wahrscheinlichkeit valide"
      }
    },
    {
      "type": "Feature",
      "id": "1258050405418406",
      "geometry": {
        "type": "Point",
        "coordinates": [
          12.37086832523346,
          51.3614715617432
        ]
      },
      "properties": {
        "image_id": "1620799533002888",
        "Verkehrzeichen": "237",
        "instruction": "\n### 🚧 Aufgabe: Verkehrszeichen **DE:237** überprüfen und Radinfra hinzufügen\n\nBitte schaue dir den Bereich rund um dieses erkannte Verkehrszeichen an. Vermutlich fehlt hier eine Radinfrastruktur, die du hinzufügen kannst. Die nächste OSM-Radinfra ist **ca. 29 m** entfernt.\n\n---\n\n### 🖼️ Bild & Karte\n\n- 📷 [**Mapillary-Bild anzeigen**](https://www.mapillary.com/app/?pKey=1620799533002888&focus=photo&trafficSign[]=regulatory--bicycles-only--g1&trafficSign[]=regulatory--shared-path-pedestrians-and-bicycles--g1&trafficSign[]=regulatory--dual-path-bicycles-and-pedestrians--g1&trafficSign[]=regulatory--dual-path-pedestrians-and-bicycles--g1&trafficSign[]=complementary--except-bicycles--g1&trafficSign[]=complementary--bike-route--g1&trafficSign[]=regulatory--pedestrians-only--g1)  \n(Das ist die neueste Aufnahme, auf der das Zeichen erkannt wurde: **12.09.2026**.)\n\n- 🗺️ [**In radinfra.de bzw. TILDA ansehen**](https://tilda-geo.de/regionen/radinfra?map=17.4/51.361472/12.370868&config=pdqyyt.7h3d.16g9vk&v=2&data=mapillary-cycleway-traffic-signs)  \n(Hinweis: Ist hilfreich um den aktuellen Stand der Radinfrastruktur vor Ort zu prüfen.)\n\n---\n\n### 📚 Nützliche Links\n\n- 🛑 [**Traffic Sign Tool** – DE:237](https://trafficsigns.osm-verkehrswende.org/DE?signs=DE:237)\n- 🚴 [**OSM-Wiki: Radverkehrsanlagen kartieren**](https://wiki.openstreetmap.org/wiki/DE:Bicycle/Radverkehrsanlagen_kartieren)\n- 📷 [**Chrome Browser plugin: Mapillary Traffic Sign & Image ID Copier**](https://chromewebstore.google.com/detail/mapillary-traffic-sign-im/eagencdgcmgechomeedlbkhfcihdjhdg)\n\n---\n\nViel Erfolg beim Prüfen und Mappen! 🗺️\n",
        "priority": 1,
        "name": "🟨 Task mit mittlerer Wahrscheinlichkeit valide"
      }
    },
    {
      "type": "Feature",
      "id": "1098120734395106",
      "geometry": {
        "type": "Point",
        "coordinates": [
          12.423412799835205,
          51.306468787513296
        ]
      },
      "properties": {
        "image_id": "2215624038981583",
        "Verkehrzeichen": "241",
        "instruction": "\n### 🚧 Aufgabe: Verkehrszeichen **DE:241** überprüfen und Radinfra hinzufügen\n\nBitte schaue dir den Bereich rund um dieses erkannte Verkehrszeichen an. Vermutlich fehlt hier eine Radinfrastruktur, die du hinzufügen kannst. Die nächste OSM-Radinfra ist **mehr als 30 m** entfernt.\n\n---\n\n### 🖼️ Bild & Karte\n\n- 📷 [**Mapillary-Bild anzeigen**](https://www.mapillary.com/app/?pKey=2215624038981583&focus=photo&trafficSign[]=regulatory--bicycles-only--g1&trafficSign[]=regulatory--shared-path-pedestrians-and-bicycles--g1&trafficSign[]=regulatory--dual-path-bicycles-and-pedestrians--g1&trafficSign[]=regulatory--dual-path-pedestrians-and-bicycles--g1&trafficSign[]=complementary--except-bicycles--g1&trafficSign[]=complementary--bike-route--g1&trafficSign[]=regulatory--pedestrians-only--g1)  \n(Das ist die neueste Aufnahme, auf der das Zeichen erkannt wurde: **28.07.2026**.)\n\n- 🗺️ [**In radinfra.de bzw. TILDA ansehen**](https://tilda-geo.de/regionen/radinfra?map=17.4/51.306469/12.423413&config=pdqyyt.7h3d.16g9vk&v=2&data=mapillary-cycleway-traffic-signs)  \n(Hinweis: Ist hilfreich um den aktuellen Stand der Radinfrastruktur vor Ort zu prüfen.)\n\n---\n\n### 📚 Nützliche Links\n\n- 🛑 [**Traffic Sign Tool** – DE:241](https://trafficsigns.osm-verkehrswende.org/DE?signs=DE:241)\n- 🚴 [**OSM-Wiki: Radverkehrsanlagen kartieren**](https://wiki.openstreetmap.org/wiki/DE:Bicycle/Radverkehrsanlagen_kartieren)\n- 📷 [**Chrome Browser plugin: Mapillary Traffic Sign & Image ID Copier**](https://chromewebstore.google.com/detail/mapillary-traffic-sign-im/eagencdgcmgechomeedlbkhfcihdjhdg)\n\n---\n\nViel Erfolg beim Prüfen und Mappen! 🗺️\n",
        "priority": 0,
        "name": "🟩 Task mit hoher Wahrscheinlichkeit valide"
      }
    },
    {
      "type": "Feature",
      "id": "1062674881320089",
      "geometry": {
        "type": "Point",
        "coordinates": [
          12.451334595680237,
          51.46963515624458
        ]
      },
      "properties": {
        "image_id": "1058983013195262",
        "Verkehrzeichen": "240",
        "instruction": "\n### 🚧 Aufgabe: Verkehrszeichen **DE:240** überprüfen und Radinfra hinzufügen\n\nBitte schaue dir den Bereich rund um dieses erkannte Verkehrszeichen an. Vermutlich fehlt hier eine Radinfrastruktur, die du hinzufügen kannst. Die nächste OSM-Radinfra ist **mehr als 30 m** entfernt.\n\n---\n\n### 🖼️ Bild & Karte\n\n- 📷 [**Mapillary-Bild anzeigen**](https://www.mapillary.com/app/?pKey=1058983013195262&focus=photo&trafficSign[]=regulatory--bicycles-only--g1&trafficSign[]=regulatory--shared-path-pedestrians-and-bicycles--g1&trafficSign[]=regulatory--dual-path-bicycles-and-pedestrians--g1&trafficSign[]=regulatory--dual-path-pedestrians-and-bicycles--g1&trafficSign[]=complementary--except-bicycles--g1&trafficSign[]=complementary--bike-route--g1&trafficSign[]=regulatory--pedestrians-only--g1)  \n(Das ist die neueste Aufnahme, auf der das Zeichen erkannt wurde: **12.08.2026**.)\n\n- 🗺️ [**In radinfra.de bzw. TILDA ansehen**](https://tilda-geo.de/regionen/radinfra?map=17.4/51.469635/12.451335&config=pdqyyt.7h3d.16g9vk&v=2&data=mapillary-cycleway-traffic-signs)  \n(Hinweis: Ist hilfreich um den aktuellen Stand der Radinfrastruktur vor Ort zu prüfen.)\n\n---\n\n### 📚 Nützliche Links\n\n- 🛑 [**Traffic Sign Tool** – DE:240](https://trafficsigns.osm-verkehrswende.org/DE?signs=DE:240)\n- 🚴 [**OSM-Wiki: Radverkehrsanlagen kartieren**](https://wiki.openstreetmap.org/wiki/DE:Bicycle/Radverkehrsanlagen_kartieren)\n- 📷 [**Chrome Browser plugin: Mapillary Traffic Sign & Image ID Copier**](https://chromewebstore.google.com/detail/mapillary-traffic-sign-im/eagencdgcmgechomeedlbkhfcihdjhdg)\n\n---\n\nViel Erfolg beim Prüfen und Mappen! 🗺️\n",
        "priority": 0,
        "name": "🟩 Task mit hoher Wahrscheinlichkeit valide"
      }
    },
    {
      "type": "Feature",
      "id": "1017149856089454",
      "geometry": {
        "type": "Point",
        "coordinates": [
          12.446667551994324,
          51.35019887388992
        ]
      },
      "properties": {
        "image_id": "876955014296898",
        "Verkehrzeichen": "240",
        "instruction": "\n### 🚧 Aufgabe: Verkehrszeichen **DE:240** überprüfen und Radinfra hinzufügen\n\nBitte schaue dir den Bereich rund um dieses erkannte Verkehrszeichen an. Vermutlich fehlt hier eine Radinfrastruktur, die du hinzufügen kannst. Die nächste OSM-Radinfra ist **ca. 26 m** entfernt.\n\n---\n\n### 🖼️ Bild & Karte\n\n- 📷 [**Mapillary-Bild anzeigen**](https://www.mapillary.com/app/?pKey=876955014296898&focus=photo&trafficSign[]=regulatory--bicycles-only--g1&trafficSign[]=regulatory--shared-path-pedestrians-and-bicycles--g1&trafficSign[]=regulatory--dual-path-bicycles-and-pedestrians--g1&trafficSign[]=regulatory--dual-path-pedestrians-and-bicycles--g1&trafficSign[]=complementary--except-bicycles--g1&trafficSign[]=complementary--bike-route--g1&trafficSign[]=regulatory--pedestrians-only--g1)  \n(Das ist die neueste Aufnahme, auf der das Zeichen erkannt wurde: **24.07.2024**.)\n\n- 🗺️ [**In radinfra.de bzw. TILDA ansehen**](https://tilda-geo.de/regionen/radinfra?map=17.4/51.350199/12.446668&config=pdqyyt.7h3d.16g9vk&v=2&data=mapillary-cycleway-traffic-signs)  \n(Hinweis: Ist hilfreich um den aktuellen Stand der Radinfrastruktur vor Ort zu prüfen.)\n\n---\n\n### 📚 Nützliche Links\n\n- 🛑 [**Traffic Sign Tool** – DE:240](https://trafficsigns.osm-verkehrswende.org/DE?signs=DE:240)\n- 🚴 [**OSM-Wiki: Radverkehrsanlagen kartieren**](https://wiki.openstreetmap.org/wiki/DE:Bicycle/Radverkehrsanlagen_kartieren)\n- 📷 [**Chrome Browser plugin: Mapillary Traffic Sign & Image ID Copier**](https://chromewebstore.google.com/detail/mapillary-traffic-sign-im/eagencdgcmgechomeedlbkhfcihdjhdg)\n\n---\n\nViel Erfolg beim Prüfen und Mappen! 🗺️\n",
        "priority": 1,
        "name": "🟨 Task mit mittlerer Wahrscheinlichkeit valide"
      }
    },
    {
      "type": "Feature",
      "id": "10093045040764149",
      "geometry": {
        "type": "Point",
        "coordinates": [
          12.719968557357788,
          50.70138444140102
        ]
      },
      "properties": {
        "image_id": "4745833045555974",
        "Verkehrzeichen": "240",
        "instruction": "\n### 🚧 Aufgabe: Verkehrszeichen **DE:240** überprüfen und Radinfra hinzufügen\n\nBitte schaue dir den Bereich rund um dieses erkannte Verkehrszeichen an. Vermutlich fehlt hier eine Radinfrastruktur, die du hinzufügen kannst. Die nächste OSM-Radinfra ist **mehr als 30 m** entfernt.\n\n---\n\n### 🖼️ Bild & Karte\n\n- 📷 [**Mapillary-Bild anzeigen**](https://www.mapillary.com/app/?pKey=4745833045555974&focus=photo&trafficSign[]=regulatory--bicycles-only--g1&trafficSign[]=regulatory--shared-path-pedestrians-and-bicycles--g1&trafficSign[]=regulatory--dual-path-bicycles-and-pedestrians--g1&trafficSign[]=regulatory--dual-path-pedestrians-and-bicycles--g1&trafficSign[]=complementary--except-bicycles--g1&trafficSign[]=complementary--bike-route--g1&trafficSign[]=regulatory--pedestrians-only--g1)  \n(Das ist die neueste Aufnahme, auf der das Zeichen erkannt wurde: **17.06.2026**.)\n\n- 🗺️ [**In radinfra.de bzw. TILDA ansehen**](https://tilda-geo.de/regionen/radinfra?map=17.4/50.701384/12.719969&config=pdqyyt.7h3d.16g9vk&v=2&data=mapillary-cycleway-traffic-signs)  \n(Hinweis: Ist hilfreich um den aktuellen Stand der Radinfrastruktur vor Ort zu prüfen.)\n\n---\n\n### 📚 Nützliche Links\n\n- 🛑 [**Traffic Sign Tool** – DE:240](https://trafficsigns.osm-verkehrswende.org/DE?signs=DE:240)\n- 🚴 [**OSM-Wiki: Radverkehrsanlagen kartieren**](https://wiki.openstreetmap.org/wiki/DE:Bicycle/Radverkehrsanlagen_kartieren)\n- 📷 [**Chrome Browser plugin: Mapillary Traffic Sign & Image ID Copier**](https://chromewebstore.google.com/detail/mapillary-traffic-sign-im/eagencdgcmgechomeedlbkhfcihdjhdg)\n\n---\n\nViel Erfolg beim Prüfen und Mappen! 🗺️\n",
        "priority": 0,
        "name": "🟩 Task mit hoher Wahrscheinlichkeit valide"
      }
    },
    {
      "type": "Feature",
      "id": "298741188375633",
      "geometry": {
        "type": "Point",
        "coordinates": [
          12.745524644851685,
          51.365507614995465
        ]
      },
      "properties": {
        "image_id": "2178174739406214",
        "Verkehrzeichen": "240",
        "instruction": "\n### 🚧 Aufgabe: Verkehrszeichen **DE:240** überprüfen und Radinfra hinzufügen\n\nBitte schaue dir den Bereich rund um dieses erkannte Verkehrszeichen an. Vermutlich fehlt hier eine Radinfrastruktur, die du hinzufügen kannst. Die nächste OSM-Radinfra ist **mehr als 30 m** entfernt.\n\n---\n\n### 🖼️ Bild & Karte\n\n- 📷 [**Mapillary-Bild anzeigen**](https://www.mapillary.com/app/?pKey=2178174739406214&focus=photo&trafficSign[]=regulatory--bicycles-only--g1&trafficSign[]=regulatory--shared-path-pedestrians-and-bicycles--g1&trafficSign[]=regulatory--dual-path-bicycles-and-pedestrians--g1&trafficSign[]=regulatory--dual-path-pedestrians-and-bicycles--g1&trafficSign[]=complementary--except-bicycles--g1&trafficSign[]=complementary--bike-route--g1&trafficSign[]=regulatory--pedestrians-only--g1)  \n(Das ist die neueste Aufnahme, auf der das Zeichen erkannt wurde: **01.08.2026**.)\n\n- 🗺️ [**In radinfra.de bzw. TILDA ansehen**](https://tilda-geo.de/regionen/radinfra?map=17.4/51.365508/12.745525&config=pdqyyt.7h3d.16g9vk&v=2&data=mapillary-cycleway-traffic-signs)  \n(Hinweis: Ist hilfreich um den aktuellen Stand der Radinfrastruktur vor Ort zu prüfen.)\n\n---\n\n### 📚 Nützliche Links\n\n- 🛑 [**Traffic Sign Tool** – DE:240](https://trafficsigns.osm-verkehrswende.org/DE?signs=DE:240)\n- 🚴 [**OSM-Wiki: Radverkehrsanlagen kartieren**](https://wiki.openstreetmap.org/wiki/DE:Bicycle/Radverkehrsanlagen_kartieren)\n- 📷 [**Chrome Browser plugin: Mapillary Traffic Sign & Image ID Copier**](https://chromewebstore.google.com/detail/mapillary-traffic-sign-im/eagencdgcmgechomeedlbkhfcihdjhdg)\n\n---\n\nViel Erfolg beim Prüfen und Mappen! 🗺️\n",
        "priority": 0,
        "name": "🟩 Task mit hoher Wahrscheinlichkeit valide"
      }
    },
    {
      "type": "Feature",
      "id": "1310725953427267",
      "geometry": {
        "type": "Point",
        "coordinates": [
          12.884548902511597,
          50.8147852795324
        ]
      },
      "properties": {
        "image_id": "908511491549753",
        "Verkehrzeichen": "241",
        "instruction": "\n### 🚧 Aufgabe: Verkehrszeichen **DE:241** überprüfen und Radinfra hinzufügen\n\nBitte schaue dir den Bereich rund um dieses erkannte Verkehrszeichen an. Vermutlich fehlt hier eine Radinfrastruktur, die du hinzufügen kannst. Die nächste OSM-Radinfra ist **ca. 28 m** entfernt.\n\n---\n\n### 🖼️ Bild & Karte\n\n- 📷 [**Mapillary-Bild anzeigen**](https://www.mapillary.com/app/?pKey=908511491549753&focus=photo&trafficSign[]=regulatory--bicycles-only--g1&trafficSign[]=regulatory--shared-path-pedestrians-and-bicycles--g1&trafficSign[]=regulatory--dual-path-bicycles-and-pedestrians--g1&trafficSign[]=regulatory--dual-path-pedestrians-and-bicycles--g1&trafficSign[]=complementary--except-bicycles--g1&trafficSign[]=complementary--bike-route--g1&trafficSign[]=regulatory--pedestrians-only--g1)  \n(Das ist die neueste Aufnahme, auf der das Zeichen erkannt wurde: **08.07.2026**.)\n\n- 🗺️ [**In radinfra.de bzw. TILDA ansehen**](https://tilda-geo.de/regionen/radinfra?map=17.4/50.814785/12.884549&config=pdqyyt.7h3d.16g9vk&v=2&data=mapillary-cycleway-traffic-signs)  \n(Hinweis: Ist hilfreich um den aktuellen Stand der Radinfrastruktur vor Ort zu prüfen.)\n\n---\n\n### 📚 Nützliche Links\n\n- 🛑 [**Traffic Sign Tool** – DE:241](https://trafficsigns.osm-verkehrswende.org/DE?signs=DE:241)\n- 🚴 [**OSM-Wiki: Radverkehrsanlagen kartieren**](https://wiki.openstreetmap.org/wiki/DE:Bicycle/Radverkehrsanlagen_kartieren)\n- 📷 [**Chrome Browser plugin: Mapillary Traffic Sign & Image ID Copier**](https://chromewebstore.google.com/detail/mapillary-traffic-sign-im/eagencdgcmgechomeedlbkhfcihdjhdg)\n\n---\n\nViel Erfolg beim Prüfen und Mappen! 🗺️\n",
        "priority": 1,
        "name": "🟨 Task mit mittlerer Wahrscheinlichkeit valide"
      }
    },
    {
      "type": "Feature",
      "id": "1702313046828012",
      "geometry": {
        "type": "Point",
        "coordinates": [
          14.516243934631348,
          51.04239901883801
        ]
      },
      "properties": {
        "image_id": "2292891074194318",
        "Verkehrzeichen": "240",
        "instruction": "\n### 🚧 Aufgabe: Verkehrszeichen **DE:240** überprüfen und Radinfra hinzufügen\n\nBitte schaue dir den Bereich rund um dieses erkannte Verkehrszeichen an. Vermutlich fehlt hier eine Radinfrastruktur, die du hinzufügen kannst. Die nächste OSM-Radinfra ist **ca. 30 m** entfernt.\n\n---\n\n### 🖼️ Bild & Karte\n\n- 📷 [**Mapillary-Bild anzeigen**](https://www.mapillary.com/app/?pKey=2292891074194318&focus=photo&trafficSign[]=regulatory--bicycles-only--g1&trafficSign[]=regulatory--shared-path-pedestrians-and-bicycles--g1&trafficSign[]=regulatory--dual-path-bicycles-and-pedestrians--g1&trafficSign[]=regulatory--dual-path-pedestrians-and-bicycles--g1&trafficSign[]=complementary--except-bicycles--g1&trafficSign[]=complementary--bike-route--g1&trafficSign[]=regulatory--pedestrians-only--g1)  \n(Das ist die neueste Aufnahme, auf der das Zeichen erkannt wurde: **04.06.2022**.)\n\n- 🗺️ [**In radinfra.de bzw. TILDA ansehen**](https://tilda-geo.de/regionen/radinfra?map=17.4/51.042399/14.516244&config=pdqyyt.7h3d.16g9vk&v=2&data=mapillary-cycleway-traffic-signs)  \n(Hinweis: Ist hilfreich um den aktuellen Stand der Radinfrastruktur vor Ort zu prüfen.)\n\n---\n\n### 📚 Nützliche Links\n\n- 🛑 [**Traffic Sign Tool** – DE:240](https://trafficsigns.osm-verkehrswende.org/DE?signs=DE:240)\n- 🚴 [**OSM-Wiki: Radverkehrsanlagen kartieren**](https://wiki.openstreetmap.org/wiki/DE:Bicycle/Radverkehrsanlagen_kartieren)\n- 📷 [**Chrome Browser plugin: Mapillary Traffic Sign & Image ID Copier**](https://chromewebstore.google.com/detail/mapillary-traffic-sign-im/eagencdgcmgechomeedlbkhfcihdjhdg)\n\n---\n\nViel Erfolg beim Prüfen und Mappen! 🗺️\n",
        "priority": 1,
        "name": "🟨 Task mit mittlerer Wahrscheinlichkeit valide"
      }
    },
    {
      "type": "Feature",
      "id": "1412860569766060",
      "geometry": {
        "type": "Point",
        "coordinates": [
          12.124963402748108,
          51.05877131992028
        ]
      },
      "properties": {
        "image_id": "1342993778003108",
        "Verkehrzeichen": "240",
        "instruction": "\n### 🚧 Aufgabe: Verkehrszeichen **DE:240** überprüfen und Radinfra hinzufügen\n\nBitte schaue dir den Bereich rund um dieses erkannte Verkehrszeichen an. Vermutlich fehlt hier eine Radinfrastruktur, die du hinzufügen kannst. Die nächste OSM-Radinfra ist **mehr als 30 m** entfernt.\n\n---\n\n### 🖼️ Bild & Karte\n\n- 📷 [**Mapillary-Bild anzeigen**](https://www.mapillary.com/app/?pKey=1342993778003108&focus=photo&trafficSign[]=regulatory--bicycles-only--g1&trafficSign[]=regulatory--shared-path-pedestrians-and-bicycles--g1&trafficSign[]=regulatory--dual-path-bicycles-and-pedestrians--g1&trafficSign[]=regulatory--dual-path-pedestrians-and-bicycles--g1&trafficSign[]=complementary--except-bicycles--g1&trafficSign[]=complementary--bike-route--g1&trafficSign[]=regulatory--pedestrians-only--g1)  \n(Das ist die neueste Aufnahme, auf der das Zeichen erkannt wurde: **07.08.2026**.)\n\n- 🗺️ [**In radinfra.de bzw. TILDA ansehen**](https://tilda-geo.de/regionen/radinfra?map=17.4/51.058771/12.124963&config=pdqyyt.7h3d.16g9vk&v=2&data=mapillary-cycleway-traffic-signs)  \n(Hinweis: Ist hilfreich um den aktuellen Stand der Radinfrastruktur vor Ort zu prüfen.)\n\n---\n\n### 📚 Nützliche Links\n\n- 🛑 [**Traffic Sign Tool** – DE:240](https://trafficsigns.osm-verkehrswende.org/DE?signs=DE:240)\n- 🚴 [**OSM-Wiki: Radverkehrsanlagen kartieren**](https://wiki.openstreetmap.org/wiki/DE:Bicycle/Radverkehrsanlagen_kartieren)\n- 📷 [**Chrome Browser plugin: Mapillary Traffic Sign & Image ID Copier**](https://chromewebstore.google.com/detail/mapillary-traffic-sign-im/eagencdgcmgechomeedlbkhfcihdjhdg)\n\n---\n\nViel Erfolg beim Prüfen und Mappen! 🗺️\n",
        "priority": 0,
        "name": "🟩 Task mit hoher Wahrscheinlichkeit valide"
      }
    },
    {
      "type": "Feature",
      "id": "460537029155629",
      "geometry": {
        "type": "Point",
        "coordinates": [
          11.38583779335022,
          50.65536830891392
        ]
      },
      "properties": {
        "image_id": "833615719816467",
        "Verkehrzeichen": "237",
        "instruction": "\n### 🚧 Aufgabe: Verkehrszeichen **DE:237** überprüfen und Radinfra hinzufügen\n\nBitte schaue dir den Bereich rund um dieses erkannte Verkehrszeichen an. Vermutlich fehlt hier eine Radinfrastruktur, die du hinzufügen kannst. Die nächste OSM-Radinfra ist **mehr als 30 m** entfernt.\n\n---\n\n### 🖼️ Bild & Karte\n\n- 📷 [**Mapillary-Bild anzeigen**](https://www.mapillary.com/app/?pKey=833615719816467&focus=photo&trafficSign[]=regulatory--bicycles-only--g1&trafficSign[]=regulatory--shared-path-pedestrians-and-bicycles--g1&trafficSign[]=regulatory--dual-path-bicycles-and-pedestrians--g1&trafficSign[]=regulatory--dual-path-pedestrians-and-bicycles--g1&trafficSign[]=complementary--except-bicycles--g1&trafficSign[]=complementary--bike-route--g1&trafficSign[]=regulatory--pedestrians-only--g1)  \n(Das ist die neueste Aufnahme, auf der das Zeichen erkannt wurde: **02.05.2026**.)\n\n- 🗺️ [**In radinfra.de bzw. TILDA ansehen**](https://tilda-geo.de/regionen/radinfra?map=17.4/50.655368/11.385838&config=pdqyyt.7h3d.16g9vk&v=2&data=mapillary-cycleway-traffic-signs)  \n(Hinweis: Ist hilfreich um den aktuellen Stand der Radinfrastruktur vor Ort zu prüfen.)\n\n---\n\n### 📚 Nützliche Links\n\n- 🛑 [**Traffic Sign Tool** – DE:237](https://trafficsigns.osm-verkehrswende.org/DE?signs=DE:237)\n- 🚴 [**OSM-Wiki: Radverkehrsanlagen kartieren**](https://wiki.openstreetmap.org/wiki/DE:Bicycle/Radverkehrsanlagen_kartieren)\n- 📷 [**Chrome Browser plugin: Mapillary Traffic Sign & Image ID Copier**](https://chromewebstore.google.com/detail/mapillary-traffic-sign-im/eagencdgcmgechomeedlbkhfcihdjhdg)\n\n---\n\nViel Erfolg beim Prüfen und Mappen! 🗺️\n",
        "priority": 0,
        "name": "🟩 Task mit hoher Wahrscheinlichkeit valide"
      }
    }
  ]
}